1. Time,2. q_1,3. q_2,4. q_3,5. q_4,6. q_5,7. q_6,8. q_7,9. O_T_EE_11,10. O_T_EE_21,11. O_T_EE_31,12. O_T_EE_41,13. O_T_EE_12,14. O_T_EE_22,15. O_T_EE_32,16. O_T_EE_42,17. O_T_EE_13,18. O_T_EE_23,19. O_T_EE_33,20. O_T_EE_43,21. O_T_EE_14,22. O_T_EE_24,23. O_T_EE_34,24. O_T_EE_44,25. q_1_d,26. q_2_d,27. q_3_d,28. q_4_d,29. q_5_d,30. q_6_d,31. q_7_d,32. dq_1,33. dq_2,34. dq_3,35. dq_4,36. dq_5,37. dq_6,38. dq_7,39. dq_1_d,40. dq_2_d,41. dq_3_d,42. dq_4_d,43. dq_5_d,44. dq_6_d,45. dq_7_d,46. tau_J_1,47. tau_J_2,48. tau_J_3,49. tau_J_4,50. tau_J_5,51. tau_J_6,52. tau_J_7,53. joint_contact_1,54. joint_contact_2,55. joint_contact_3,56. joint_contact_4,57. joint_contact_5,58. joint_contact_6,59. joint_contact_7,60. joint_collision_1,61. joint_collision_2,62. joint_collision_3,63. joint_collision_4,64. joint_collision_5,65. joint_collision_6,66. joint_collision_7,67. cartesian_contact_x,68. cartesian_contact_y,69. cartesian_contact_z,70. cartesian_contact_R,71. cartesian_contact_P,72. cartesian_contact_Y,73. cartesian_collision_x,74. cartesian_collision_y,75. cartesian_collision_z,76. cartesian_collision_R,77. cartesian_collision_P,78. cartesian_collision_Y,79. tau_ext_1,80. tau_ext_2,81. tau_ext_3,82. tau_ext_4,83. tau_ext_5,84. tau_ext_6,85. tau_ext_7,86. O_F_ext_x,87. O_F_ext_y,88. O_F_ext_z,89. O_F_ext_R,90. O_F_ext_P,91. O_F_ext_Y,92. Gripper Width,93. Object Grasped
28515.8,1.19829,0.328408,1.0627,-2.05579,-1.32419,0.958354,0.0122619,-0.040985,-0.036991,-0.998465,0,-0.0502248,0.998118,-0.0349165,0,0.997897,0.0487176,-0.0427666,0,-0.0687324,0.47642,0.385421,1,1.19823,0.328401,1.06269,-2.0556,-1.32419,0.958258,0.0122597,-0.000158137,0.00115269,0.000175926,-0.000702986,1.86279e-05,-0.000149107,0.000688321,0,0,0,0,0,0,0,-0.498041,-23.3414,7.14687,19.235,-1.4199,-1.37404,0.0892211,0,0,0,0,0,0,0,0,0,0,0,0,0,0,0,0,0,0,0,0,0,0,0,0,0,0,-0.319691,-0.491205,-0.0625234,1.23931,-0.0714964,-0.239131,0.117092,-1.46191,2.13202,1.41369,-0.0807336,-0.310165,-0.268242,0.0798559,0
28515.8,1.19829,0.328405,1.0627,-2.05579,-1.32418,0.958355,0.0122619,-0.0409859,-0.0369873,-0.998465,0,-0.0502139,0.998118,-0.0349133,0,0.997897,0.0487068,-0.0427669,0,-0.0687279,0.476421,0.385422,1,1.19823,0.328401,1.06269,-2.0556,-1.32419,0.958258,0.0122597,0.000497281,-0.000136156,-0.000122977,7.86568e-05,0.000401615,0.000144891,0.000845368,0,0,0,0,0,0,0,-0.422662,-23.3017,7.22225,19.1953,-1.42905,-1.38411,0.0892211,0,0,0,0,0,0,0,0,0,0,0,0,0,0,0,0,0,0,0,0,0,0,0,0,0,0,-0.394268,-0.474884,-0.135669,1.22866,-0.0669758,-0.249315,0.1167,-1.31639,2.15324,1.38301,-0.103968,-0.256663,-0.343803,0.0798559,0
28515.8,1.19829,0.328402,1.0627,-2.0558,-1.32418,0.958354,0.0122586,-0.0409819,-0.0369928,-0.998465,0,-0.0502135,0.998118,-0.034919,0,0.997897,0.0487064,-0.0427631,0,-0.0687276,0.47642,0.385422,1,1.19823,0.328401,1.06269,-2.0556,-1.32419,0.958258,0.0122597,1.99833e-05,-0.00139906,0.00040885,0.00127532,0.000750696,9.56459e-05,-0.000672966,0,0,0,0,0,0,0,-0.422662,-23.2621,7.22225,19.235,-1.44645,-1.37404,0.119434,0,0,0,0,0,0,0,0,0,0,0,0,0,0,0,0,0,0,0,0,0,0,0,0,0,0,-0.406604,-0.449051,-0.144908,1.19279,-0.062976,-0.254908,0.118782,-1.28363,2.11629,1.30951,-0.122482,-0.261715,-0.35119,0.0798559,0
28515.9,1.19829,0.328405,1.06269,-2.0558,-1.32418,0.958352,0.0122619,-0.0409764,-0.0369964,-0.998465,0,-0.0502058,0.998118,-0.0349232,0,0.997898,0.0486987,-0.0427576,0,-0.0687237,0.476419,0.385419,1,1.19823,0.328401,1.06269,-2.0556,-1.32419,0.958258,0.0122597,0.000896581,4.28791e-05,-0.000772404,-0.000337938,0.000234428,-0.000163522,-0.000452867,0,0,0,0,0,0,0,-0.422662,-23.3017,7.33333,19.3064,-1.44645,-1.35481,0.0892211,0,0,0,0,0,0,0,0,0,0,0,0,0,0,0,0,0,0,0,0,0,0,0,0,0,0,-0.406538,-0.48459,-0.121476,1.26424,-0.0754557,-0.247514,0.118431,-1.32921,2.20619,1.43654,-0.0992414,-0.243783,-0.347865,0.0798559,0
28515.9,1.19828,0.32841,1.06269,-2.0558,-1.32418,0.95835,0.0122586,-0.0409787,-0.0369997,-0.998465,0,-0.050199,0.998119,-0.0349266,0,0.997898,0.0486916,-0.0427598,0,-0.068721,0.476421,0.385419,1,1.19823,0.328401,1.06269,-2.0556,-1.32419,0.958258,0.0122597,-0.000336794,0.00125729,0.00126517,-7.63468e-06,0.00213476,0.000725346,-0.0010541,0,0,0,0,0,0,0,-0.351251,-23.3771,7.29762,19.2707,-1.42905,-1.37404,0.119434,0,0,0,0,0,0,0,0,0,0,0,0,0,0,0,0,0,0,0,0,0,0,0,0,0,0,-0.386995,-0.489227,-0.0920149,1.27884,-0.0821252,-0.240575,0.115308,-1.37598,2.23056,1.46661,-0.0980986,-0.254703,-0.324464,0.0798559,0
28516,1.19829,0.32841,1.06269,-2.0558,-1.32418,0.958352,0.0122563,-0.0409779,-0.0370045,-0.998465,0,-0.0502042,0.998118,-0.0349313,0,0.997898,0.0486966,-0.0427594,0,-0.0687224,0.47642,0.385417,1,1.19823,0.328401,1.06269,-2.0556,-1.32419,0.958258,0.0122597,0.000707669,0.000485884,0.000236749,-0.000905683,-4.78303e-05,-0.000259686,-0.00163923,0,0,0,0,0,0,0,-0.386957,-23.3771,7.33333,19.3064,-1.42905,-1.35481,0.139575,0,0,0,0,0,0,0,0,0,0,0,0,0,0,0,0,0,0,0,0,0,0,0,0,0,0,-0.366003,-0.49652,-0.0603809,1.26747,-0.0738354,-0.238519,0.112367,-1.37334,2.13448,1.49398,-0.0511372,-0.239889,-0.30083,0.0798559,0
28516,1.19829,0.32841,1.06269,-2.0558,-1.32418,0.958352,0.0122674,-0.0409777,-0.0369958,-0.998465,0,-0.050206,0.998118,-0.0349224,0,0.997898,0.0486988,-0.0427589,0,-0.0687234,0.476419,0.385417,1,1.19823,0.328401,1.06269,-2.0556,-1.32419,0.958258,0.0122597,0.000777512,0.000418495,-0.000229614,-0.0014162,0.000339176,-0.000434002,0.00284974,0,0,0,0,0,0,0,-0.422662,-23.3771,7.33333,19.3461,-1.43821,-1.35481,0.0397827,0,0,0,0,0,0,0,0,0,0,0,0,0,0,0,0,0,0,0,0,0,0,0,0,0,0,-0.380405,-0.500728,-0.0565093,1.28398,-0.0737193,-0.236453,0.111621,-1.35091,2.13984,1.52959,-0.0382925,-0.214237,-0.31053,0.0798559,0
28516,1.19829,0.32841,1.06268,-2.0558,-1.32418,0.958351,0.0122575,-0.040976,-0.0370043,-0.998465,0,-0.0501955,0.998119,-0.0349315,0,0.997898,0.048688,-0.0427572,0,-0.068719,0.47642,0.385417,1,1.19823,0.328401,1.06269,-2.0556,-1.32419,0.958258,0.0122597,-9.29487e-05,0.00113814,-0.00163329,0.00121467,0.000215226,-7.29238e-05,-0.00170586,0,0,0,0,0,0,0,-0.386957,-23.3771,7.40871,19.3064,-1.43821,-1.34474,0.129504,0,0,0,0,0,0,0,0,0,0,0,0,0,0,0,0,0,0,0,0,0,0,0,0,0,0,-0.377742,-0.513308,-0.0487283,1.30474,-0.0763853,-0.232556,0.112052,-1.36101,2.15642,1.56957,-0.0257059,-0.205414,-0.308117,0.0798559,0
28516.1,1.19828,0.32841,1.06267,-2.0558,-1.32418,0.95835,0.0122608,-0.0409749,-0.037001,-0.998465,0,-0.0501874,0.998119,-0.0349286,0,0.997899,0.0486801,-0.0427557,0,-0.0687155,0.476421,0.385417,1,1.19823,0.328401,1.06269,-2.0556,-1.32419,0.958258,0.0122597,6.01481e-05,-0.000408708,-0.00112954,0.00128098,0.000294903,0.00196154,-0.000193912,0,0,0,0,0,0,0,-0.351251,-23.3771,7.48409,19.3064,-1.43821,-1.35481,0.099292,0,0,0,0,0,0,0,0,0,0,0,0,0,0,0,0,0,0,0,0,0,0,0,0,0,0,-0.376686,-0.540193,-0.0173284,1.32891,-0.0774542,-0.231613,0.110919,-1.33771,2.1003,1.66666,0.0394722,-0.163481,-0.300388,0.0798559,0
28516.1,1.19829,0.328414,1.06268,-2.0558,-1.32418,0.958349,0.0122586,-0.0409768,-0.0370054,-0.998465,0,-0.0501974,0.998119,-0.0349325,0,0.997898,0.0486899,-0.0427581,0,-0.0687199,0.476421,0.385416,1,1.19823,0.328401,1.06269,-2.0556,-1.32419,0.958258,0.0122597,0.000871199,0.00114385,-0.000584749,0.00139601,-0.000240609,-0.0002537,-0.00081048,0,0,0,0,0,0,0,-0.386957,-23.4168,7.40871,19.3064,-1.42905,-1.33467,0.119434,0,0,0,0,0,0,0,0,0,0,0,0,0,0,0,0,0,0,0,0,0,0,0,0,0,0,-0.36502,-0.545413,0.015384,1.34307,-0.0761418,-0.222569,0.116257,-1.35619,2.07231,1.69125,0.0658625,-0.150679,-0.282368,0.0798559,0
28516.1,1.19828,0.32841,1.06268,-2.0558,-1.32419,0.958347,0.0122586,-0.0409707,-0.0370039,-0.998465,0,-0.0501921,0.998119,-0.0349315,0,0.997899,0.0486849,-0.0427517,0,-0.0687173,0.47642,0.385417,1,1.19823,0.328401,1.06269,-2.0556,-1.32419,0.958258,0.0122597,0.00140925,0.000438027,0.000768364,0.00150777,5.74354e-05,-0.000885353,-0.000876529,0,0,0,0,0,0,0,-0.351251,-23.3771,7.40871,19.3064,-1.4199,-1.31453,0.119434,0,0,0,0,0,0,0,0,0,0,0,0,0,0,0,0,0,0,0,0,0,0,0,0,0,0,-0.341176,-0.550187,0.0305728,1.34595,-0.0727129,-0.222721,0.115893,-1.41469,2.06965,1.69363,0.0678776,-0.176125,-0.261129,0.0798559,0
28516.2,1.19828,0.328413,1.06268,-2.0558,-1.32419,0.958348,0.0122642,-0.0409729,-0.0370008,-0.998465,0,-0.0501891,0.998119,-0.0349285,0,0.997899,0.0486819,-0.0427537,0,-0.0687156,0.476421,0.385416,1,1.19823,0.328401,1.06269,-2.0556,-1.32419,0.958258,0.0122597,-0.000193368,6.43845e-05,-0.00124952,4.47109e-05,0.000197197,-0.000488149,0.00161196,0,0,0,0,0,0,0,-0.315546,-23.4168,7.44441,19.3461,-1.4199,-1.3246,0.0690795,0,0,0,0,0,0,0,0,0,0,0,0,0,0,0,0,0,0,0,0,0,0,0,0,0,0,-0.326588,-0.55089,0.031467,1.34644,-0.0666156,-0.221606,0.112902,-1.45062,2.0745,1.69063,0.0620874,-0.192446,-0.251602,0.0798559,0
28516.2,1.19828,0.32841,1.06268,-2.0558,-1.32419,0.958351,0.0122674,-0.0409736,-0.0369901,-0.998466,0,-0.0502003,0.998119,-0.0349172,0,0.997898,0.0486935,-0.0427543,0,-0.0687195,0.476421,0.385418,1,1.19823,0.328401,1.06269,-2.0556,-1.32419,0.958258,0.0122597,0.000629342,6.93924e-05,0.000388895,0.000225919,-0.00107201,0.000453349,0.00341045,0,0,0,0,0,0,0,-0.351251,-23.3771,7.36903,19.3064,-1.38419,-1.34474,0.0397827,0,0,0,0,0,0,0,0,0,0,0,0,0,0,0,0,0,0,0,0,0,0,0,0,0,0,-0.311172,-0.542918,0.0280299,1.33796,-0.0612847,-0.219161,0.115145,-1.49096,2.08315,1.64871,0.0418308,-0.219621,-0.241576,0.0798559,0
28516.2,1.19828,0.32841,1.06268,-2.05581,-1.32419,0.958347,0.0122619,-0.0409688,-0.0370022,-0.998465,0,-0.0501907,0.998119,-0.03493,0,0.997899,0.0486836,-0.0427497,0,-0.0687158,0.47642,0.385416,1,1.19823,0.328401,1.06269,-2.0556,-1.32419,0.958258,0.0122597,0.000273552,0.000327788,-0.000915229,-0.000595394,-3.99246e-06,0.000636313,0.000822949,0,0,0,0,0,0,0,-0.315546,-23.3771,7.40871,19.3818,-1.4199,-1.34474,0.0892211,0,0,0,0,0,0,0,0,0,0,0,0,0,0,0,0,0,0,0,0,0,0,0,0,0,0,-0.316406,-0.539084,0.0151217,1.34177,-0.0596453,-0.21544,0.114184,-1.48708,2.1104,1.64033,0.0266114,-0.218071,-0.250146,0.0798559,0
28516.3,1.19829,0.32841,1.06268,-2.0558,-1.32419,0.958344,0.0122619,-0.0409687,-0.0370018,-0.998465,0,-0.050196,0.998119,-0.0349293,0,0.997899,0.0486889,-0.0427497,0,-0.0687194,0.476419,0.385417,1,1.19823,0.328401,1.06269,-2.0556,-1.32419,0.958258,0.0122597,0.0015333,0.000786203,0.000413709,7.65633e-05,0.000230648,-0.000391331,0.000323091,0,0,0,0,0,0,0,-0.386957,-23.3771,7.36903,19.3461,-1.4199,-1.31453,0.0892211,0,0,0,0,0,0,0,0,0,0,0,0,0,0,0,0,0,0,0,0,0,0,0,0,0,0,-0.319706,-0.527275,0.00379725,1.34748,-0.0590098,-0.212873,0.113867,-1.51636,2.17132,1.61184,-0.0109019,-0.236887,-0.255019,0.0798559,0
28516.3,1.19828,0.328408,1.06268,-2.0558,-1.32418,0.958346,0.0122597,-0.040971,-0.0370007,-0.998465,0,-0.0501931,0.998119,-0.0349282,0,0.997899,0.048686,-0.0427519,0,-0.0687182,0.476419,0.385418,1,1.19823,0.328401,1.06269,-2.0556,-1.32419,0.958258,0.0122597,0.000814261,-0.000309009,-0.000444915,0.00173308,0.000392865,0.000555089,0.00108374,0,0,0,0,0,0,0,-0.351251,-23.3414,7.36903,19.3064,-1.42905,-1.33467,0.109363,0,0,0,0,0,0,0,0,0,0,0,0,0,0,0,0,0,0,0,0,0,0,0,0,0,0,-0.321837,-0.522364,-0.0039293,1.35363,-0.0612954,-0.210503,0.118804,-1.53535,2.21206,1.58786,-0.0331277,-0.249875,-0.258374,0.0798559,0
28516.3,1.19829,0.328408,1.06269,-2.05581,-1.32418,0.958345,0.0122597,-0.0409685,-0.0370052,-0.998465,0,-0.0502006,0.998118,-0.0349326,0,0.997898,0.0486933,-0.0427499,0,-0.0687212,0.476418,0.385417,1,1.19823,0.328401,1.06269,-2.0556,-1.32419,0.958258,0.0122597,0.00105159,0.000212674,0.000828366,0.000223742,0.000691374,0.000111398,-0.000524685,0,0,0,0,0,0,0,-0.386957,-23.3414,7.29762,19.3818,-1.43821,-1.3246,0.109363,0,0,0,0,0,0,0,0,0,0,0,0,0,0,0,0,0,0,0,0,0,0,0,0,0,0,-0.335132,-0.505805,-0.031782,1.35504,-0.0628336,-0.208968,0.119455,-1.5472,2.29211,1.54005,-0.0857862,-0.269196,-0.275123,0.0798553,0
28516.4,1.19828,0.328405,1.06269,-2.05581,-1.32418,0.958349,0.0122575,-0.0409727,-0.0370024,-0.998465,0,-0.0502,0.998119,-0.0349295,0,0.997898,0.0486928,-0.0427539,0,-0.0687206,0.476419,0.385419,1,1.19823,0.328401,1.06269,-2.0556,-1.32419,0.958258,0.0122597,-0.00128196,-0.00101466,0.00158357,0.000117078,0.000333536,0.000350482,-0.00157623,0,0,0,0,0,0,0,-0.315546,-23.3017,7.25795,19.3818,-1.43821,-1.33467,0.129504,0,0,0,0,0,0,0,0,0,0,0,0,0,0,0,0,0,0,0,0,0,0,0,0,0,0,-0.345402,-0.508716,-0.0465224,1.37935,-0.0682342,-0.207518,0.114428,-1.56407,2.37988,1.5647,-0.113194,-0.274093,-0.287874,0.0798553,0
28516.4,1.19829,0.328405,1.06269,-2.05581,-1.32419,0.95835,0.0122597,-0.04097,-0.0370032,-0.998465,0,-0.0502131,0.998118,-0.0349299,0,0.997898,0.0487059,-0.0427518,0,-0.068725,0.476417,0.385418,1,1.19823,0.328401,1.06269,-2.0556,-1.32419,0.958258,0.0122597,-0.00171818,-0.000979949,0.000112553,-0.000866155,-0.000292196,-0.000224111,-0.000617891,0,0,0,0,0,0,0,-0.386957,-23.3017,7.22225,19.4215,-1.4199,-1.34474,0.109363,0,0,0,0,0,0,0,0,0,0,0,0,0,0,0,0,0,0,0,0,0,0,0,0,0,0,-0.382484,-0.508025,-0.0869395,1.37774,-0.0743323,-0.211121,0.112741,-1.4786,2.40751,1.56662,-0.124007,-0.243591,-0.327561,0.0798559,0
28516.4,1.19829,0.328405,1.0627,-2.05581,-1.32419,0.958353,0.0122586,-0.040975,-0.0370006,-0.998465,0,-0.0502222,0.998118,-0.0349267,0,0.997897,0.0487149,-0.0427569,0,-0.0687296,0.476418,0.385419,1,1.19823,0.328401,1.06269,-2.0556,-1.32419,0.958258,0.0122597,-0.00020029,-0.000686327,-0.000858253,4.18278e-05,-0.000181752,0.000461563,-0.00127813,0,0,0,0,0,0,0,-0.498041,-23.3017,7.22225,19.3461,-1.4199,-1.37404,0.119434,0,0,0,0,0,0,0,0,0,0,0,0,0,0,0,0,0,0,0,0,0,0,0,0,0,0,-0.434833,-0.508831,-0.141506,1.3632,-0.0703006,-0.223632,0.114747,-1.34762,2.3717,1.55974,-0.110835,-0.193779,-0.383106,0.0798559,0
28516.5,1.1983,0.328408,1.0627,-2.05581,-1.32419,0.958352,0.0122674,-0.0409748,-0.0369941,-0.998465,0,-0.0502298,0.998117,-0.0349199,0,0.997897,0.0487228,-0.0427567,0,-0.0687333,0.476418,0.385418,1,1.19823,0.328401,1.06269,-2.0556,-1.32419,0.958258,0.0122597,0.00185811,0.000431844,-0.000286198,-0.000693443,-0.00020904,0.000646757,0.00238404,0,0,0,0,0,0,0,-0.569452,-23.3414,7.22225,19.3461,-1.41074,-1.36397,0.0397827,0,0,0,0,0,0,0,0,0,0,0,0,0,0,0,0,0,0,0,0,0,0,0,0,0,0,-0.464204,-0.506307,-0.159049,1.34514,-0.0645969,-0.229492,0.114255,-1.24984,2.30155,1.56145,-0.0835664,-0.148825,-0.409707,0.0798559,0
28516.5,1.19829,0.328408,1.06269,-2.0558,-1.32419,0.958349,0.0122597,-0.0409712,-0.0369979,-0.998465,0,-0.0502085,0.998118,-0.0349248,0,0.997898,0.0487015,-0.0427525,0,-0.0687234,0.47642,0.385419,1,1.19823,0.328401,1.06269,-2.0556,-1.32419,0.958258,0.0122597,0.00117274,0.000259269,-4.86093e-05,-7.65865e-05,-0.000781931,-0.000235104,-0.00102538,0,0,0,0,0,0,0,-0.422662,-23.3414,7.33333,19.3064,-1.38419,-1.33467,0.109363,0,0,0,0,0,0,0,0,0,0,0,0,0,0,0,0,0,0,0,0,0,0,0,0,0,0,-0.44627,-0.501622,-0.132905,1.33168,-0.0567836,-0.228158,0.11123,-1.26745,2.24197,1.55927,-0.0650102,-0.151293,-0.387997,0.0798559,0
28516.5,1.19827,0.32841,1.06267,-2.05581,-1.32419,0.958346,0.0122642,-0.040963,-0.0370007,-0.998466,0,-0.0501652,0.99812,-0.0349298,0,0.997901,0.0486583,-0.0427429,0,-0.0687033,0.476421,0.385415,1,1.19823,0.328401,1.06269,-2.0556,-1.32419,0.958258,0.0122597,-0.000392856,0.000534714,7.64113e-05,-0.000600874,-0.000222406,6.2526e-05,0.000897769,0,0,0,0,0,0,0,-0.13305,-23.3771,7.5555,19.3818,-1.39243,-1.31453,0.0690795,0,0,0,0,0,0,0,0,0,0,0,0,0,0,0,0,0,0,0,0,0,0,0,0,0,0,-0.274628,-0.518442,0.0268111,1.32403,-0.0447717,-0.210805,0.110219,-1.59842,2.12354,1.57061,-0.0146373,-0.281124,-0.215524,0.0798559,0
28516.6,1.19825,0.328413,1.06265,-2.05581,-1.32419,0.958338,0.012252,-0.0409525,-0.0370215,-0.998465,0,-0.0501244,0.998122,-0.0349529,0,0.997903,0.048617,-0.0427321,0,-0.0686856,0.476422,0.385412,1,1.19823,0.328401,1.06269,-2.0556,-1.32419,0.958258,0.0122597,-0.00127068,0.000517505,-0.000486392,0.000769648,0.000408499,-0.000570807,-0.00389956,0,0,0,0,0,0,0,0.0811829,-23.4168,7.78163,19.4215,-1.4199,-1.27516,0.178943,0,0,0,0,0,0,0,0,0,0,0,0,0,0,0,0,0,0,0,0,0,0,0,0,0,0,-0.180042,-0.522441,0.139885,1.37532,-0.0505058,-0.194499,0.110689,-1.89395,2.22173,1.60395,-0.0391151,-0.388191,-0.10949,0.0798559,0
28516.6,1.19824,0.328418,1.06264,-2.05582,-1.32418,0.958339,0.0122531,-0.0409497,-0.0370306,-0.998465,0,-0.0501124,0.998122,-0.0349626,0,0.997904,0.0486047,-0.0427293,0,-0.0686789,0.476422,0.385408,1,1.19823,0.328401,1.06269,-2.0556,-1.32419,0.958258,0.0122597,0.000889213,-0.00123844,-0.00108108,-0.000156626,0.000375456,0.000430237,-0.00199592,0,0,0,0,0,0,0,0.116888,-23.4525,7.89272,19.4968,-1.42905,-1.28523,0.168872,0,0,0,0,0,0,0,0,0,0,0,0,0,0,0,0,0,0,0,0,0,0,0,0,0,0,-0.0282212,-0.568945,0.311806,1.43348,-0.0546817,-0.172619,0.115852,-2.23092,2.18954,1.71994,0.0314275,-0.488037,0.0502669,0.0798559,0
28516.6,1.19822,0.328456,1.06262,-2.05586,-1.32418,0.95834,0.0122542,-0.0409368,-0.0370985,-0.998463,0,-0.0500743,0.998121,-0.0350327,0,0.997906,0.0485642,-0.0427184,0,-0.0686544,0.476419,0.385378,1,1.19823,0.328401,1.06269,-2.0556,-1.32419,0.958258,0.0122597,0.00037616,0.0010597,-0.000732958,-0.00134438,0.000162662,0.000393488,-0.00143833,0,0,0,0,0,0,0,0.335089,-23.9484,8.22994,19.8301,-1.46476,-1.2953,0.158801,0,0,0,0,0,0,0,0,0,0,0,0,0,0,0,0,0,0,0,0,0,0,0,0,0,0,0.154142,-0.770894,0.532975,1.58245,-0.0790405,-0.166689,0.12074,-2.50561,1.99549,2.2183,0.34702,-0.485173,0.228326,0.0798559,0
28516.7,1.19821,0.328455,1.06262,-2.05585,-1.32419,0.958337,0.0122542,-0.040938,-0.0370869,-0.998464,0,-0.0500737,0.998122,-0.0350211,0,0.997906,0.048564,-0.042719,0,-0.0686546,0.476421,0.385383,1,1.19823,0.328401,1.06269,-2.0556,-1.32419,0.958258,0.0122597,0.000490694,-0.000981686,0.000126815,0.00175268,0.000175637,-0.00766306,-0.00171436,0,0,0,0,0,0,0,0.335089,-23.8333,8.07918,19.5683,-1.41074,-1.26509,0.158801,0,0,0,0,0,0,0,0,0,0,0,0,0,0,0,0,0,0,0,0,0,0,0,0,0,0,0.229486,-0.911026,0.638583,1.65086,-0.0805504,-0.166314,0.113852,-2.48825,1.72827,2.58799,0.619323,-0.383352,0.2963,0.0798559,0
28516.7,1.19825,0.328482,1.06266,-2.05601,-1.32425,0.958476,0.0122604,-0.040926,-0.0371891,-0.99846,0,-0.0503204,0.998106,-0.0351133,0,0.997894,0.0488068,-0.0427207,0,-0.0686946,0.476417,0.38532,1,1.19824,0.328444,1.06265,-2.05584,-1.3242,0.958344,0.0122642,0.00149424,0.00363953,0.00107554,-0.0166183,-0.00808617,0.0127672,0.000201824,0,0,0,0,0,0,0,-0.0259338,-22.7701,7.51979,18.3741,-1.23038,-1.26509,0.0599243,0,0,0,0,0,0,0,0,0,0,0,0,0,0,0,0,0,0,0,0,0,0,0,0,0,0,0.12168,-1.00804,0.546029,1.61821,-0.0687666,-0.188059,0.112563,-1.95182,1.31625,2.81969,0.890964,-0.0990327,0.171192,0.0798559,0
28516.7,1.19821,0.328624,1.06251,-2.05716,-1.32422,0.959761,0.0122683,-0.0411798,-0.0382698,-0.998409,0,-0.051323,0.998018,-0.036138,0,0.997833,0.0497541,-0.0430632,0,-0.0686844,0.476386,0.384736,1,1.19824,0.328444,1.06265,-2.05584,-1.3242,0.958344,0.0122642,-8.11916e-05,0.0106674,-0.00823827,-0.0449745,-0.00051278,0.051426,0.00266884,0,0,0,0,0,0,0,0.227972,-23.2264,7.70625,18.4852,-1.36588,-1.17628,-0.0206421,0,0,0,0,0,0,0,0,0,0,0,0,0,0,0,0,0,0,0,0,0,0,0,0,0,0,0.182278,-1.01667,0.623948,1.38987,-0.0772136,-0.156635,0.0859651,-1.45128,0.599186,2.83775,1.15851,0.115336,0.233011,0.0798559,0
28516.8,1.19822,0.329075,1.06184,-2.05905,-1.32422,0.961457,0.0122632,-0.0412359,-0.0402516,-0.998329,0,-0.052368,0.997892,-0.0380709,0,0.997776,0.0507115,-0.0432577,0,-0.0684659,0.476324,0.383724,1,1.19824,0.328444,1.06265,-2.05584,-1.3242,0.958344,0.0122642,-0.00030032,0.0233016,-0.0289528,-0.0605844,0.000568921,0.0414403,0.000480542,0,0,0,0,0,0,0,0.192267,-23.3017,7.81734,18.3741,-1.35673,-1.11678,0.0297119,0,0,0,0,0,0,0,0,0,0,0,0,0,0,0,0,0,0,0,0,0,0,0,0,0,0,0.560887,-1.15885,0.952405,1.13031,-0.05348,-0.0674452,0.0646812,-1.21585,-0.688723,3.06619,1.75721,0.298533,0.574315,0.0798559,0
28516.8,1.19818,0.329973,1.06033,-2.06166,-1.32422,0.961943,0.012267,-0.0399459,-0.0432142,-0.998257,0,-0.0519124,0.997795,-0.0411169,0,0.997852,0.0501804,-0.042102,0,-0.0676952,0.476038,0.382449,1,1.19824,0.328444,1.06265,-2.05584,-1.3242,0.958344,0.0122642,0.00153608,0.0343673,-0.056771,-0.084642,0.000471489,-0.0050888,0.00199367,0,0,0,0,0,0,0,0.192267,-23.4168,7.85701,18.3344,-1.34757,-0.967544,-0.00050053,0,0,0,0,0,0,0,0,0,0,0,0,0,0,0,0,0,0,0,0,0,0,0,0,0,0,1.07472,-1.43548,1.47188,1.13443,-0.0478191,0.0766682,0.0567451,-1.42662,-1.73554,3.71656,2.46629,0.447301,1.05333,0.0798559,0
28516.8,1.19803,0.331352,1.05735,-2.06523,-1.32422,0.961732,0.0122639,-0.037385,-0.0474719,-0.998163,0,-0.0496957,0.997714,-0.0455892,0,0.998064,0.047901,-0.0396594,0,-0.0661007,0.475593,0.380705,1,1.19824,0.328444,1.06265,-2.05584,-1.3242,0.958344,0.0122642,-0.00671888,0.0497668,-0.10829,-0.112269,0.001082,-0.0090525,0.00175599,0,0,0,0,0,0,0,0.335089,-23.4922,8.0038,18.148,-1.39243,-0.958389,-0.00050053,0,0,0,0,0,0,0,0,0,0,0,0,0,0,0,0,0,0,0,0,0,0,0,0,0,0,1.75361,-1.92806,2.21283,1.19676,-0.041764,0.210642,0.050742,-1.67882,-3.34647,4.90427,3.6431,0.709614,1.69393,0.0798559,0
28516.9,1.19801,0.333647,1.05242,-2.06932,-1.32418,0.961519,0.0122661,-0.0343739,-0.0531743,-0.997984,0,-0.0458693,0.997606,-0.0515742,0,0.998356,0.0440048,-0.0367314,0,-0.0636815,0.475189,0.378291,1,1.19824,0.328444,1.06265,-2.05584,-1.3242,0.958344,0.0122642,0.000415846,0.0812758,-0.165917,-0.119157,7.55557e-05,0.000273883,0.00255188,0,0,0,0,0,0,0,0.156561,-23.6429,7.78163,18.1876,-1.4199,-1.09663,-0.0297974,0,0,0,0,0,0,0,0,0,0,0,0,0,0,0,0,0,0,0,0,0,0,0,0,0,0,2.00356,-2.26049,2.48233,1.09434,-0.0715553,0.209339,0.050672,-1.30085,-4.57885,5.62653,4.45589,1.00254,1.91215,0.0798559,0
28516.9,1.19799,0.337161,1.04628,-2.07318,-1.32421,0.96156,0.0122584,-0.0318161,-0.0599454,-0.997685,0,-0.0410557,0.997426,-0.0586206,0,0.99865,0.0390964,-0.034196,0,-0.060757,0.474975,0.37531,1,1.19824,0.328444,1.06265,-2.05584,-1.3242,0.958344,0.0122642,-0.00156756,0.120144,-0.187888,-0.109459,-6.98298e-05,0.000915215,9.10353e-05,0,0,0,0,0,0,0,0.299384,-23.6072,7.89272,17.9258,-1.2844,-1.20558,0.0397827,0,0,0,0,0,0,0,0,0,0,0,0,0,0,0,0,0,0,0,0,0,0,0,0,0,0,1.85308,-2.16518,2.26366,0.840766,-0.0494994,0.121402,0.049167,-0.909552,-4.82041,5.28145,4.37609,1.00082,1.75131,0.0798559,0
28516.9,1.19799,0.341895,1.03956,-2.07649,-1.32425,0.96183,0.0122673,-0.0300731,-0.0674846,-0.997257,0,-0.035752,0.997143,-0.0663987,0,0.998908,0.0336578,-0.0324005,0,-0.0576227,0.474947,0.37189,1,1.19824,0.328444,1.06265,-2.05584,-1.3242,0.958344,0.0122642,-0.000768913,0.152556,-0.202431,-0.0967388,-0.000172403,0.0156082,-0.00079012,0,0,0,0,0,0,0,0.263678,-23.873,7.81734,17.6243,-1.17637,-1.24495,0.0297119,0,0,0,0,0,0,0,0,0,0,0,0,0,0,0,0,0,0,0,0,0,0,0,0,0,0,1.37028,-1.78784,1.68146,0.527747,0.0210491,-0.00167241,0.039055,-0.334011,-4.40091,4.29884,3.73163,0.931224,1.27251,0.0798559,0
28517,1.19791,0.347536,1.0326,-2.0795,-1.32472,0.962524,0.0122902,-0.0288835,-0.0754336,-0.996723,0,-0.030638,0.996737,-0.0745468,0,0.999113,0.028385,-0.031101,0,-0.0544007,0.475109,0.368139,1,1.19824,0.328444,1.06265,-2.05584,-1.3242,0.958344,0.0122642,-0.00815828,0.181553,-0.195488,-0.0824771,-0.0254742,0.0152518,-0.000510855,0,0,0,0,0,0,0,0.370795,-24.1388,8.07918,17.664,-1.08573,-1.21565,-0.049939,0,0,0,0,0,0,0,0,0,0,0,0,0,0,0,0,0,0,0,0,0,0,0,0,0,0,0.902441,-1.53685,1.17002,0.387657,0.0945099,-0.0628514,0.00620266,0.322323,-3.99661,3.78019,3.28974,1.06258,0.798695,0.0798559,0
28517,1.19788,0.353897,1.02572,-2.08238,-1.32623,0.963275,0.0126239,-0.0275389,-0.0830622,-0.996154,0,-0.0262671,0.996248,-0.0823438,0,0.999276,0.0238988,-0.029618,0,-0.051242,0.475444,0.364254,1,1.19824,0.328444,1.06265,-2.05584,-1.3242,0.958344,0.0122642,-0.00114888,0.189816,-0.199337,-0.0832782,-0.0522946,0.019162,0.0220124,0,0,0,0,0,0,0,0.227972,-24.0634,7.89272,17.6997,-1.05003,-1.22572,-0.120435,0,0,0,0,0,0,0,0,0,0,0,0,0,0,0,0,0,0,0,0,0,0,0,0,0,0,0.41906,-1.00545,0.59356,0.211942,0.161041,-0.0801214,-0.0361705,0.581382,-2.85037,2.59039,2.24634,0.889193,0.332165,0.0798559,0
28517,1.19787,0.360691,1.01915,-2.08507,-1.32814,0.96385,0.0135326,-0.026223,-0.0901233,-0.995576,0,-0.0223003,0.995723,-0.0895492,0,0.999407,0.0198538,-0.0281212,0,-0.048231,0.475809,0.360338,1,1.19824,0.328444,1.06265,-2.05584,-1.3242,0.958344,0.0122642,-0.000207383,0.194017,-0.175869,-0.0722384,-0.0542841,0.00959038,0.0283385,0,0,0,0,0,0,0,0.299384,-24.5197,8.11885,17.4775,-0.996009,-1.21565,-0.0600098,0,0,0,0,0,0,0,0,0,0,0,0,0,0,0,0,0,0,0,0,0,0,0,0,0,0,0.0260137,-0.485636,0.102837,0.124672,0.200682,-0.0690586,-0.0504078,0.551087,-1.50296,1.36214,1.14584,0.607492,-0.0406108,0.0798559,0
28517.1,1.19784,0.367222,1.01347,-2.08729,-1.33013,0.963913,0.0140178,-0.0248742,-0.0968822,-0.994975,0,-0.0187652,0.995153,-0.0964304,0,0.999514,0.0162726,-0.0265721,0,-0.0455777,0.476122,0.356805,1,1.19824,0.328444,1.06265,-2.05584,-1.3242,0.958344,0.0122642,0.00108601,0.190078,-0.161752,-0.0587387,-0.0530563,-0.00038476,0.0136755,0,0,0,0,0,0,0,0.299384,-24.5594,8.15456,17.4021,-0.977699,-1.14607,-0.0801514,0,0,0,0,0,0,0,0,0,0,0,0,0,0,0,0,0,0,0,0,0,0,0,0,0,0,-0.156734,-0.00566843,-0.204518,-0.0383267,0.240823,-0.0235922,-0.0548776,0.37029,-0.565651,0.154998,0.224244,0.287955,-0.211392,0.0798559,0
28517.1,1.19779,0.373278,1.00839,-2.0897,-1.33255,0.963861,0.0140728,-0.0230765,-0.103486,-0.994353,0,-0.0160166,0.994529,-0.103133,0,0.999605,0.0135465,-0.0246082,0,-0.0431736,0.47638,0.353542,1,1.19824,0.328444,1.06265,-2.05584,-1.3242,0.958344,0.0122642,-0.00387723,0.17088,-0.135943,-0.0777544,-0.0787101,-0.00511458,-0.00190785,0,0,0,0,0,0,0,0.370795,-24.9402,8.30531,17.291,-0.897133,-1.1067,-0.0297974,0,0,0,0,0,0,0,0,0,0,0,0,0,0,0,0,0,0,0,0,0,0,0,0,0,0,-0.337983,0.143672,-0.375794,0.167839,0.245626,0.0392244,-0.0525465,0.210233,0.397404,-0.121696,-0.253428,0.22962,-0.384005,0.0798559,0
28517.1,1.19759,0.378813,1.004,-2.09262,-1.33517,0.963663,0.0140732,-0.0207751,-0.109888,-0.993717,0,-0.0139125,0.993867,-0.109613,0,0.999687,0.0115481,-0.022177,0,-0.0409711,0.476481,0.35047,1,1.19824,0.328444,1.06265,-2.05584,-1.3242,0.958344,0.0122642,-0.000689012,0.160839,-0.124963,-0.0978792,-0.067555,-0.00693376,-0.00270573,0,0,0,0,0,0,0,0.335089,-24.8648,8.38069,17.3664,-0.905372,-1.09663,0.00957027,0,0,0,0,0,0,0,0,0,0,0,0,0,0,0,0,0,0,0,0,0,0,0,0,0,0,-0.382947,0.110281,-0.359276,0.350588,0.242841,0.0883816,-0.0530496,0.137471,0.729681,0.0532126,-0.288181,0.296206,-0.421832,0.0798559,0
28517.2,1.19761,0.383818,0.999693,-2.09576,-1.33725,0.963341,0.0140766,-0.0183787,-0.116299,-0.993034,0,-0.0117613,0.993159,-0.116096,0,0.999762,0.00954587,-0.0196212,0,-0.0389002,0.476372,0.347515,1,1.19824,0.328444,1.06265,-2.05584,-1.3242,0.958344,0.0122642,0.00602218,0.140571,-0.125605,-0.0958057,-0.0513241,-0.00763934,-0.00203466,0,0,0,0,0,0,0,0.0811829,-25.1703,8.34102,17.3664,-0.923683,-1.12685,-0.0206421,0,0,0,0,0,0,0,0,0,0,0,0,0,0,0,0,0,0,0,0,0,0,0,0,0,0,-0.332274,0.237193,-0.331399,0.293776,0.243739,0.127916,-0.0522627,-0.0374021,0.889719,-0.271123,-0.495326,0.177108,-0.361247,0.0798559,0
28517.2,1.1976,0.388206,0.995426,-2.09911,-1.33882,0.963081,0.0140986,-0.0160056,-0.122589,-0.992319,0,-0.00940654,0.99242,-0.12245,0,0.999828,0.00737453,-0.0170378,0,-0.0368426,0.4761,0.344697,1,1.19824,0.328444,1.06265,-2.05584,-1.3242,0.958344,0.0122642,-0.000281358,0.122168,-0.126949,-0.099464,-0.0413813,-0.00723483,0.000941321,0,0,0,0,0,0,0,0.263678,-25.0553,8.56715,17.1046,-0.905372,-1.11678,-0.100293,0,0,0,0,0,0,0,0,0,0,0,0,0,0,0,0,0,0,0,0,0,0,0,0,0,0,-0.0700993,0.162489,0.00125449,0.284777,0.276909,0.158068,-0.0616474,-0.423523,0.417393,-0.00409388,-0.212803,0.131074,-0.0792871,0.0798559,0
28517.2,1.19761,0.392106,0.990747,-2.10229,-1.34037,0.962941,0.0142877,-0.013554,-0.128212,-0.991644,0,-0.00669161,0.991725,-0.128131,0,0.999886,0.00489911,-0.0143001,0,-0.0346387,0.47586,0.342076,1,1.19824,0.328444,1.06265,-2.05584,-1.3242,0.958344,0.0122642,0.000598263,0.108058,-0.148211,-0.0888742,-0.0535129,0.000406746,0.0169671,0,0,0,0,0,0,0,0.116888,-25.206,8.49178,16.8427,-0.869667,-1.20558,-0.12959,0,0,0,0,0,0,0,0,0,0,0,0,0,0,0,0,0,0,0,0,0,0,0,0,0,0,0.46554,0.14941,0.508114,0.0733714,0.319764,0.187862,-0.0809857,-1.18998,-0.409603,0.0341663,0.0725474,-0.148512,0.464829,0.0798559,0
28517.3,1.19758,0.395502,0.985456,-2.10535,-1.34261,0.962954,0.0152887,-0.0105957,-0.132172,-0.99116,0,-0.00379932,0.991214,-0.132139,0,0.999937,0.00236567,-0.011005,0,-0.0321765,0.475783,0.339724,1,1.19824,0.328444,1.06265,-2.05584,-1.3242,0.958344,0.0122642,-0.00188588,0.0925312,-0.1588,-0.0897052,-0.0826959,0.000162962,0.0378992,0,0,0,0,0,0,0,0.335089,-25.5869,8.63857,16.8784,-0.878822,-1.22572,-0.120435,0,0,0,0,0,0,0,0,0,0,0,0,0,0,0,0,0,0,0,0,0,0,0,0,0,0,0.644505,0.276956,0.629272,-0.179066,0.358948,0.168122,-0.10739,-1.42033,-0.823245,-0.277821,0.0381613,-0.32807,0.651782,0.0798559,0
28517.3,1.19749,0.398132,0.979556,-2.10859,-1.34675,0.962966,0.0166605,-0.00604938,-0.134234,-0.990922,0,-0.00139025,0.99094,-0.134228,0,0.999981,0.00056565,-0.0061813,0,-0.0294122,0.475998,0.337861,1,1.19824,0.328444,1.06265,-2.05584,-1.3242,0.958344,0.0122642,-0.000620491,0.0687805,-0.185355,-0.0977746,-0.153929,7.9461e-05,0.0327199,0,0,0,0,0,0,0,0.299384,-25.6623,8.71394,16.9141,-0.824806,-1.25502,-0.12959,0,0,0,0,0,0,0,0,0,0,0,0,0,0,0,0,0,0,0,0,0,0,0,0,0,0,0.782457,0.200298,0.783418,-0.0855185,0.365766,0.151874,-0.101623,-1.83683,-0.797446,-0.0929225,0.121353,-0.448708,0.793489,0.0798559,0
28517.3,1.19732,0.400047,0.972925,-2.11186,-1.35239,0.962977,0.0169435,-0.00021444,-0.136042,-0.990693,0,0.000913607,0.990693,-0.136042,0,1,-0.000934295,-8.81571e-05,0,-0.0262946,0.476468,0.336438,1,1.19824,0.328444,1.06265,-2.05584,-1.3242,0.958344,0.0122642,-0.00847377,0.0460298,-0.201229,-0.0928421,-0.178172,0.000213887,0.00141036,0,0,0,0,0,0,0,0.227972,-25.7416,8.56715,16.9141,-0.869667,-1.30446,-0.110364,0,0,0,0,0,0,0,0,0,0,0,0,0,0,0,0,0,0,0,0,0,0,0,0,0,0,1.0298,0.302557,0.936038,-0.164226,0.389731,0.158737,-0.0957413,-2.47194,-0.749706,-0.433608,-0.0506807,-0.768264,1.03458,0.0798559,0
28517.4,1.1971,0.401169,0.965764,-2.11557,-1.35889,0.962996,0.0169447,0.00672475,-0.137382,-0.990486,0,0.00317234,0.990506,-0.137364,0,0.999972,-0.00221846,0.00709686,0,-0.0229103,0.476984,0.335327,1,1.19824,0.328444,1.06265,-2.05584,-1.3242,0.958344,0.0122642,-0.00956996,0.0212604,-0.21027,-0.118212,-0.19851,0.000556565,0.000236694,0,0,0,0,0,0,0,0.335089,-25.817,8.78932,16.692,-0.887977,-1.35481,-0.120435,0,0,0,0,0,0,0,0,0,0,0,0,0,0,0,0,0,0,0,0,0,0,0,0,0,0,0.694781,0.284664,0.692702,0.192249,0.327599,0.122753,-0.0976025,-2.39333,0.396481,-0.335923,-0.391466,-0.727031,0.72514,0.0798559,0
28517.4,1.19654,0.401521,0.957985,-2.11991,-1.36558,0.963027,0.0169503,0.0144604,-0.138571,-0.990237,0,0.00610393,0.990335,-0.138496,0,0.999877,-0.00404171,0.0151668,0,-0.0190708,0.477382,0.334375,1,1.19824,0.328444,1.06265,-2.05584,-1.3242,0.958344,0.0122642,-0.0225376,0.00070349,-0.229315,-0.139925,-0.203111,0.00234056,0.00315945,0,0,0,0,0,0,0,0.4065,-25.932,8.67824,16.7674,-0.960304,-1.37404,-0.169873,0,0,0,0,0,0,0,0,0,0,0,0,0,0,0,0,0,0,0,0,0,0,0,0,0,0,1.02662,0.0755984,1.02906,0.3559,0.274886,0.111998,-0.0961343,-3.09756,0.42259,0.137049,-0.168172,-0.932966,1.0511,0.0798559,0
28517.4,1.19536,0.401515,0.949777,-2.12486,-1.37235,0.963248,0.0169426,0.022545,-0.140047,-0.989878,0,0.00971346,0.990114,-0.13986,0,0.999699,-0.00646214,0.0236829,0,-0.0147493,0.477662,0.333382,1,1.19824,0.328444,1.06265,-2.05584,-1.3242,0.958344,0.0122642,-0.0387378,-0.000605744,-0.244593,-0.148458,-0.18614,0.012336,-0.000312726,0,0,0,0,0,0,0,0.263678,-25.8924,8.38069,16.7277,-0.887977,-1.43355,-0.100293,0,0,0,0,0,0,0,0,0,0,0,0,0,0,0,0,0,0,0,0,0,0,0,0,0,0,1.19818,-0.219588,1.23144,0.558329,0.244256,0.0790107,-0.0943085,-3.40319,0.31136,0.838991,0.213058,-0.937176,1.20359,0.0798559,0
28517.5,1.19377,0.401454,0.941511,-2.13008,-1.37817,0.963615,0.016948,0.0300399,-0.14232,-0.989355,0,0.0141946,0.989763,-0.141947,0,0.999448,-0.00977959,0.0317531,0,-0.0102043,0.477692,0.332205,1,1.19824,0.328444,1.06265,-2.05584,-1.3242,0.958344,0.0122642,-0.0544703,-9.64197e-05,-0.233854,-0.159284,-0.17041,0.0221983,0.00135761,0,0,0,0,0,0,0,0.299384,-25.7416,8.34102,16.3944,-0.851356,-1.44362,-0.149731,0,0,0,0,0,0,0,0,0,0,0,0,0,0,0,0,0,0,0,0,0,0,0,0,0,0,0.818338,-0.0641286,0.792389,0.518199,0.240856,0.024168,-0.0940467,-2.82803,0.807025,0.369861,-0.167646,-0.856193,0.815135,0.0798559,0
28517.5,1.19152,0.401471,0.933681,-2.13566,-1.38421,0.964173,0.0169516,0.0374469,-0.144883,-0.98873,0,0.0185193,0.989355,-0.144273,0,0.999127,-0.0129083,0.0397322,0,-0.00554921,0.477655,0.33094,1,1.19824,0.328444,1.06265,-2.05584,-1.3242,0.958344,0.0122642,-0.0756738,0.00199974,-0.227627,-0.164645,-0.178082,0.0240598,0.000597681,0,0,0,0,0,0,0,0.263678,-26.0431,8.30531,16.7674,-0.986854,-1.52327,-0.139661,0,0,0,0,0,0,0,0,0,0,0,0,0,0,0,0,0,0,0,0,0,0,0,0,0,0,0.818418,0.042963,0.708897,0.356231,0.262214,-0.0143107,-0.102616,-2.7997,0.702763,0.0382614,-0.294759,-0.948156,0.804096,0.0798559,0
28517.6,1.18887,0.401478,0.92624,-2.14148,-1.39093,0.965488,0.0169837,0.0446203,-0.147272,-0.988079,0,0.0218665,0.988971,-0.146418,0,0.998765,-0.0150729,0.0473494,0,-0.000926943,0.477729,0.329611,1,1.19824,0.328444,1.06265,-2.05584,-1.3242,0.958344,0.0122642,-0.0832437,0.00104733,-0.20709,-0.169103,-0.202476,0.0510131,0.00803884,0,0,0,0,0,0,0,0.4065,-26.1225,8.11885,16.4658,-0.923683,-1.57271,-0.169873,0,0,0,0,0,0,0,0,0,0,0,0,0,0,0,0,0,0,0,0,0,0,0,0,0,0,0.3358,0.091183,0.300122,0.443088,0.228305,-0.0980356,-0.1176,-2.06709,1.26291,-0.0561166,-0.532724,-0.740916,0.348325,0.0798559,0
28517.6,1.18586,0.401458,0.919517,-2.14738,-1.39754,0.967636,0.0172282,0.0509181,-0.149517,-0.987437,0,0.0243067,0.988613,-0.148442,0,0.998407,-0.0164433,0.0539736,0,0.00347982,0.477822,0.328173,1,1.19824,0.328444,1.06265,-2.05584,-1.3242,0.958344,0.0122642,-0.0880299,0.00182493,-0.178175,-0.165305,-0.187094,0.0676733,0.0138,0,0,0,0,0,0,0,0.446173,-26.1225,8.04347,16.3944,-0.914528,-1.69173,-0.120435,0,0,0,0,0,0,0,0,0,0,0,0,0,0,0,0,0,0,0,0,0,0,0,0,0,0,-0.0542787,0.378654,-0.214585,0.204906,0.236884,-0.174415,-0.135345,-1.35578,1.5777,-0.874442,-1.03761,-0.710199,-0.0521994,0.0798559,0
28517.6,1.18258,0.401461,0.91391,-2.15296,-1.40396,0.970524,0.0180103,0.0560832,-0.150974,-0.986936,0,0.0255731,0.988384,-0.149743,0,0.998099,-0.0168412,0.0592938,0,0.00745707,0.478005,0.326728,1,1.19824,0.328444,1.06265,-2.05584,-1.3242,0.958344,0.0122642,-0.101605,-0.000452822,-0.144006,-0.156777,-0.186145,0.10112,0.0325627,0,0,0,0,0,0,0,0.335089,-26.1225,8.0038,16.2437,-0.914528,-1.68166,-0.219312,0,0,0,0,0,0,0,0,0,0,0,0,0,0,0,0,0,0,0,0,0,0,0,0,0,0,-0.0587081,0.497386,-0.310897,0.0639516,0.244606,-0.250081,-0.141502,-1.43798,1.62607,-1.28153,-1.2475,-0.888379,-0.0606784,0.0798559,0
28517.7,1.1785,0.401455,0.909764,-2.15816,-1.41042,0.974981,0.0192633,0.0594888,-0.151438,-0.986665,0,0.0251488,0.988329,-0.150177,0,0.997912,-0.0158799,0.0626042,0,0.0110358,0.478443,0.325208,1,1.19824,0.328444,1.06265,-2.05584,-1.3242,0.958344,0.0122642,-0.13122,-0.00094545,-0.0994339,-0.142448,-0.184492,0.161488,0.0429497,0,0,0,0,0,0,0,0.370795,-26.0828,7.81734,16.1683,-0.897133,-1.80067,-0.219312,0,0,0,0,0,0,0,0,0,0,0,0,0,0,0,0,0,0,0,0,0,0,0,0,0,0,-0.279919,0.630175,-0.6065,-0.218602,0.258783,-0.30818,-0.143356,-0.762958,1.25702,-1.67842,-1.32067,-0.767622,-0.293507,0.0798559,0
28517.7,1.174,0.401458,0.906806,-2.16269,-1.41529,0.981664,0.0211958,0.0596922,-0.151384,-0.986661,0,0.02356,0.988362,-0.15022,0,0.997939,-0.014279,0.0625654,0,0.0141106,0.478993,0.323326,1,1.19824,0.328444,1.06265,-2.05584,-1.3242,0.958344,0.0122642,-0.138483,0.000312388,-0.0702435,-0.118198,-0.112619,0.229868,0.070379,0,0,0,0,0,0,0,0.4065,-26.1582,7.81734,16.2794,-0.986854,-1.61208,-0.169873,0,0,0,0,0,0,0,0,0,0,0,0,0,0,0,0,0,0,0,0,0,0,0,0,0,0,-0.383554,0.625658,-0.756742,-0.18294,0.212107,-0.320075,-0.146672,-0.538808,1.55335,-1.74111,-1.44559,-0.736311,-0.413609,0.0798559,0
28517.7,1.16917,0.401496,0.905165,-2.16645,-1.4174,0.989715,0.0240241,0.0565556,-0.15111,-0.986888,0,0.0219626,0.988419,-0.150086,0,0.998158,-0.0131867,0.0592206,0,0.0166452,0.479371,0.321107,1,1.19824,0.328444,1.06265,-2.05584,-1.3242,0.958344,0.0122642,-0.145626,0.00283658,-0.0295382,-0.105223,-0.0338305,0.233029,0.0982693,0,0,0,0,0,0,0,0.370795,-26.539,7.85701,16.1683,-1.00516,-1.76039,-0.139661,0,0,0,0,0,0,0,0,0,0,0,0,0,0,0,0,0,0,0,0,0,0,0,0,0,0,-0.433097,0.643013,-0.817057,-0.148704,0.157584,-0.308676,-0.14087,-0.426526,1.8309,-1.83444,-1.57287,-0.727058,-0.462187,0.0798559,0
28517.8,1.16404,0.401481,0.904944,-2.17002,-1.4175,0.997417,0.0277218,0.0520505,-0.150588,-0.987216,0,0.0208339,0.988504,-0.149686,0,0.998427,-0.0127766,0.0545905,0,0.0187158,0.479375,0.318856,1,1.19824,0.328444,1.06265,-2.05584,-1.3242,0.958344,0.0122642,-0.147873,0.000114187,0.00571345,-0.106939,0.002316,0.236968,0.121031,0,0,0,0,0,0,0,0.263678,-26.3129,7.63088,16.0175,-1.13151,-1.57271,-0.0902222,0,0,0,0,0,0,0,0,0,0,0,0,0,0,0,0,0,0,0,0,0,0,0,0,0,0,-0.741268,0.424368,-0.968987,0.150843,0.0678854,-0.285916,-0.125338,0.240186,2.21651,-1.2455,-1.39698,-0.360259,-0.754066,0.0798559,0
28517.8,1.15948,0.401458,0.904943,-2.17375,-1.41733,1.00566,0.0324726,0.0470919,-0.149204,-0.987675,0,0.0186732,0.98873,-0.148473,0,0.998716,-0.0114513,0.0493482,0,0.0203719,0.47935,0.316453,1,1.19824,0.328444,1.06265,-2.05584,-1.3242,0.958344,0.0122642,-0.123031,0.000343637,-0.000611395,-0.114948,0.00752361,0.241047,0.125382,0,0,0,0,0,0,0,0.156561,-26.0828,7.70625,16.3548,-1.17637,-1.53242,0.0397827,0,0,0,0,0,0,0,0,0,0,0,0,0,0,0,0,0,0,0,0,0,0,0,0,0,0,-0.558121,0.237047,-0.747522,0.354993,-0.0217861,-0.197795,-0.0806482,0.0246087,2.35353,-0.845682,-1.20267,-0.330581,-0.580688,0.0798559,0
28517.8,1.15545,0.401478,0.904937,-2.17782,-1.41712,1.01253,0.0354836,0.0432533,-0.149867,-0.98775,0,0.0169919,0.988643,-0.149258,0,0.99892,-0.010328,0.0453094,0,0.0218819,0.479059,0.314184,1,1.19824,0.328444,1.06265,-2.05584,-1.3242,0.958344,0.0122642,-0.116274,-0.000137374,0.000146053,-0.130304,0.000678299,0.185747,0.058876,0,0,0,0,0,0,0,0.335089,-26.2732,7.78163,16.1326,-1.13151,-1.56264,-0.0297974,0,0,0,0,0,0,0,0,0,0,0,0,0,0,0,0,0,0,0,0,0,0,0,0,0,0,-0.218966,0.108883,-0.37025,0.670873,-0.0716917,-0.122025,-0.0428465,-0.888604,2.88781,-0.602402,-1.20765,-0.562971,-0.23554,0.0798559,0
28517.9,1.1518,0.401464,0.904937,-2.18193,-1.41711,1.01766,0.0360695,0.0408207,-0.152827,-0.9874,0,0.0161011,0.988196,-0.152284,0,0.999037,-0.00968206,0.0428003,0,0.0233442,0.478578,0.312253,1,1.19824,0.328444,1.06265,-2.05584,-1.3242,0.958344,0.0122642,-0.113743,0.000419196,0.000681791,-0.140881,-0.000903154,0.154015,0.00364641,0,0,0,0,0,0,0,0.299384,-26.1225,7.78163,15.7954,-1.09489,-1.48299,-0.0600098,0,0,0,0,0,0,0,0,0,0,0,0,0,0,0,0,0,0,0,0,0,0,0,0,0,0,0.130812,-0.0197635,-0.0249665,0.6169,-0.0655569,-0.0613463,-0.0407272,-1.28502,2.27058,-0.223498,-0.831507,-0.603353,0.0966503,0.0798559,0
28517.9,1.14722,0.401462,0.904899,-2.1871,-1.41707,1.02341,0.0361236,0.0382194,-0.157265,-0.986807,0,0.0155292,0.987503,-0.156775,0,0.999149,-0.00933263,0.0401847,0,0.0252404,0.477859,0.309936,1,1.19824,0.328444,1.06265,-2.05584,-1.3242,0.958344,0.0122642,-0.128347,-2.69319e-05,-0.00186118,-0.14105,0.00109469,0.149366,0.00161412,0,0,0,0,0,0,0,0.517584,-26.0828,8.0038,16.0572,-1.12235,-1.58278,-0.159802,0,0,0,0,0,0,0,0,0,0,0,0,0,0,0,0,0,0,0,0,0,0,0,0,0,0,0.613751,-0.0267828,0.381525,0.38752,-0.0526577,-0.0369119,-0.0896382,-1.95218,1.57204,-0.101294,-0.607184,-0.840093,0.564321,0.0798559,0
28517.9,1.14257,0.401448,0.904909,-2.19184,-1.41705,1.02795,0.0363198,0.0362748,-0.161186,-0.986247,0,0.0158862,0.986865,-0.160702,0,0.999216,-0.00983844,0.0383597,0,0.0272271,0.477086,0.307952,1,1.19824,0.328444,1.06265,-2.05584,-1.3242,0.958344,0.0122642,-0.137957,-0.00136974,-0.000399452,-0.129508,-0.00334301,0.112218,0.0150226,0,0,0,0,0,0,0,0.263678,-25.8924,7.78163,15.8708,-1.04087,-1.63222,-0.190015,0,0,0,0,0,0,0,0,0,0,0,0,0,0,0,0,0,0,0,0,0,0,0,0,0,0,0.87369,0.0666414,0.568789,0.285923,-0.0255128,-0.0543826,-0.123921,-2.5685,1.5438,-0.325539,-0.736975,-1.12158,0.823121,0.0798559,0
28518,1.13739,0.401431,0.904901,-2.19641,-1.4171,1.03107,0.0374794,0.03523,-0.163998,-0.985822,0,0.017726,0.986381,-0.163458,0,0.999222,-0.0117163,0.037658,0,0.0295786,0.476167,0.306276,1,1.19824,0.328444,1.06265,-2.05584,-1.3242,0.958344,0.0122642,-0.158211,-0.00244333,-0.00118745,-0.132898,-0.000498007,0.0778396,0.0443606,0,0,0,0,0,0,0,0.517584,-25.7416,7.89272,15.8311,-0.887977,-1.62215,-0.200085,0,0,0,0,0,0,0,0,0,0,0,0,0,0,0,0,0,0,0,0,0,0,0,0,0,0,1.1166,0.16871,0.755079,0.0690177,0.078545,-0.0605432,-0.159841,-3.02905,0.993383,-0.47913,-0.676633,-1.28577,1.05965,0.0798559,0
28518,1.13168,0.401349,0.904892,-2.20063,-1.4171,1.03355,0.040166,0.0344224,-0.165014,-0.985681,0,0.0205808,0.986173,-0.164377,0,0.999195,-0.0146282,0.0373433,0,0.0322156,0.475213,0.304823,1,1.19824,0.328444,1.06265,-2.05584,-1.3242,0.958344,0.0122642,-0.172198,-0.00207474,-0.00162383,-0.116452,0.000147746,0.0728886,0.0995318,0,0,0,0,0,0,0,0.624701,-25.5115,7.93239,15.9422,-0.905372,-1.63222,-0.219312,0,0,0,0,0,0,0,0,0,0,0,0,0,0,0,0,0,0,0,0,0,0,0,0,0,0,1.1919,0.391838,0.762485,-0.0953753,0.166131,-0.0814688,-0.183967,-3.38373,0.99115,-1.02773,-0.959116,-1.48472,1.14176,0.0798559,0
28518,1.12522,0.401132,0.904913,-2.20461,-1.41708,1.03675,0.0449747,0.0329164,-0.163627,-0.985963,0,0.0236867,0.986348,-0.1629,0,0.999177,-0.0179925,0.0363435,0,0.0351292,0.474357,0.303362,1,1.19824,0.328444,1.06265,-2.05584,-1.3242,0.958344,0.0122642,-0.197077,-0.00878905,-0.000625941,-0.112515,0.000767889,0.12734,0.146804,0,0,0,0,0,0,0,0.624701,-25.5512,7.74593,15.7954,-1.01432,-1.66151,-0.12959,0,0,0,0,0,0,0,0,0,0,0,0,0,0,0,0,0,0,0,0,0,0,0,0,0,0,1.19404,0.401933,0.717521,0.0298447,0.156416,-0.135882,-0.173169,-3.688,1.534,-1.21168,-1.19554,-1.6651,1.13955,0.0798559,0
28518.1,1.11783,0.400679,0.904919,-2.20883,-1.41685,1.04315,0.0510845,0.0289945,-0.161029,-0.986514,0,0.0256568,0.986724,-0.160309,0,0.99925,-0.0206631,0.0327417,0,0.038239,0.473716,0.301345,1,1.19824,0.328444,1.06265,-2.05584,-1.3242,0.958344,0.0122642,-0.229347,-0.0131173,0.00172531,-0.125985,0.0190078,0.229465,0.192734,0,0,0,0,0,0,0,0.660407,-25.4361,7.63088,15.7557,-1.21207,-1.71095,-0.049939,0,0,0,0,0,0,0,0,0,0,0,0,0,0,0,0,0,0,0,0,0,0,0,0,0,0,1.33667,0.298392,0.7315,0.152246,0.0112986,-0.204947,-0.12117,-4.03136,2.12188,-1.33827,-1.38002,-1.94771,1.25321,0.0798559,0
28518.1,1.10983,0.400146,0.904913,-2.21322,-1.41559,1.05231,0.0581316,0.0224271,-0.158011,-0.987173,0,0.0270649,0.987155,-0.157394,0,0.999382,-0.0231883,0.0264161,0,0.0414126,0.473098,0.2987,1,1.19824,0.328444,1.06265,-2.05584,-1.3242,0.958344,0.0122642,-0.238353,-0.0172529,-0.00707831,-0.126679,0.0475275,0.296673,0.208371,0,0,0,0,0,0,0,0.842902,-25.3965,7.81734,15.7954,-1.1132,-1.73109,-0.279736,0,0,0,0,0,0,0,0,0,0,0,0,0,0,0,0,0,0,0,0,0,0,0,0,0,0,0.884202,0.193805,0.375109,0.254618,-0.113482,-0.295861,-0.131625,-3.0385,2.49943,-1.12001,-1.4036,-1.66396,0.829503,0.0798559,0
28518.1,1.1014,0.399647,0.904931,-2.21744,-1.41392,1.06383,0.0668658,0.0136992,-0.153311,-0.988073,0,0.0277039,0.987845,-0.152891,0,0.999522,-0.0252795,0.0177804,0,0.044561,0.472651,0.295609,1,1.19824,0.328444,1.06265,-2.05584,-1.3242,0.958344,0.0122642,-0.257445,-0.021433,-0.0004493,-0.125881,0.0436019,0.367278,0.307665,0,0,0,0,0,0,0,0.481879,-25.3608,7.63088,15.6843,-1.06834,-1.69173,-0.200085,0,0,0,0,0,0,0,0,0,0,0,0,0,0,0,0,0,0,0,0,0,0,0,0,0,0,0.827234,0.2294,0.278164,0.230414,-0.102989,-0.287316,-0.182934,-2.85403,2.61488,-1.14492,-1.49925,-1.60228,0.755786,0.0798559,0
28518.2,1.09252,0.3991,0.904937,-2.22198,-1.41346,1.07634,0.0795735,0.00507028,-0.144246,-0.989519,0,0.0274007,0.98918,-0.144056,0,0.999612,-0.0263836,0.00896804,0,0.0478333,0.472404,0.292435,1,1.19824,0.328444,1.06265,-2.05584,-1.3242,0.958344,0.0122642,-0.260556,-0.0183842,0.0006128,-0.13084,-8.97179e-05,0.3737,0.393967,0,0,0,0,0,0,0,0.660407,-25.1703,7.59517,15.6089,-0.869667,-1.52327,-0.219312,0,0,0,0,0,0,0,0,0,0,0,0,0,0,0,0,0,0,0,0,0,0,0,0,0,0,0.957301,0.312848,0.294532,0.217596,-0.0267175,-0.256547,-0.206024,-3.20356,2.76473,-1.38378,-1.67471,-1.72018,0.846754,0.0798559,0
28518.2,1.08346,0.39819,0.904944,-2.22689,-1.41358,1.08966,0.0955397,-0.00353153,-0.131618,-0.991284,0,0.0265264,0.990929,-0.131666,0,0.999642,-0.0267607,-8.13979e-06,0,0.051114,0.472212,0.289253,1,1.19824,0.328444,1.06265,-2.05584,-1.3242,0.958344,0.0122642,-0.257583,-0.0262149,-0.000288636,-0.152748,-0.00831472,0.366925,0.509326,0,0,0,0,0,0,0,0.588995,-25.206,7.5555,15.8708,-0.779029,-1.42348,-0.159802,0,0,0,0,0,0,0,0,0,0,0,0,0,0,0,0,0,0,0,0,0,0,0,0,0,0,0.57808,0.439149,0.0267101,0.335089,0.0760392,-0.179027,-0.202003,-2.61187,3.06902,-1.56308,-1.83963,-1.37834,0.488755,0.0798553,0
28518.2,1.07478,0.397275,0.904961,-2.23207,-1.41387,1.10182,0.112548,-0.0110341,-0.118074,-0.992934,0,0.0261016,0.992622,-0.118327,0,0.999598,-0.0272233,-0.00787093,0,0.0542945,0.471818,0.286235,1,1.19824,0.328444,1.06265,-2.05584,-1.3242,0.958344,0.0122642,-0.251459,-0.0324012,-0.00154229,-0.160678,-0.0132286,0.355468,0.505121,0,0,0,0,0,0,0,0.263678,-25.0156,7.48409,15.6843,-0.716774,-1.48299,-0.0398682,0,0,0,0,0,0,0,0,0,0,0,0,0,0,0,0,0,0,0,0,0,0,0,0,0,0,0.318298,0.341646,-0.126863,0.642505,0.133513,-0.113089,-0.142837,-2.2498,3.42523,-1.33166,-1.76653,-1.09046,0.226135,0.0798553,0
28518.3,1.06639,0.396272,0.904961,-2.23774,-1.4147,1.11251,0.127235,-0.0169453,-0.10694,-0.994111,0,0.0260289,0.99387,-0.107358,0,0.999518,-0.0276953,-0.0140581,0,0.0574644,0.4712,0.28346,1,1.19824,0.328444,1.06265,-2.05584,-1.3242,0.958344,0.0122642,-0.237872,-0.0278322,-0.000299246,-0.171391,-0.0259712,0.284799,0.390495,0,0,0,0,0,0,0,0.517584,-24.9799,7.48409,15.5692,-0.743324,-1.52327,0.0196411,0,0,0,0,0,0,0,0,0,0,0,0,0,0,0,0,0,0,0,0,0,0,0,0,0,0,0.220149,0.44548,-0.257849,0.462431,0.196427,-0.100003,-0.0574001,-1.95905,2.94882,-1.74379,-1.73573,-0.992042,0.119882,0.0798553,0
28518.3,1.05839,0.395232,0.90497,-2.24354,-1.41521,1.12282,0.139707,-0.0227437,-0.0982232,-0.994895,0,0.0261173,0.994754,-0.0988064,0,0.9994,-0.0282317,-0.0200594,0,0.0604602,0.470416,0.280697,1,1.19824,0.328444,1.06265,-2.05584,-1.3242,0.958344,0.0122642,-0.224259,-0.0327466,0.000431564,-0.173748,-0.00258977,0.314441,0.331012,0,0,0,0,0,0,0,0.517584,-24.9402,7.40871,15.4582,-0.734169,-1.50313,-0.120435,0,0,0,0,0,0,0,0,0,0,0,0,0,0,0,0,0,0,0,0,0,0,0,0,0,0,0.0136099,0.273588,-0.343463,0.614416,0.155723,-0.121249,-0.0455481,-1.46747,2.94739,-1.27022,-1.49489,-0.759624,-0.0685502,0.0798553,0
28518.3,1.05089,0.394212,0.904973,-2.24922,-1.41518,1.13295,0.150974,-0.0287817,-0.0908176,-0.995442,0,0.0263563,0.995439,-0.0915794,0,0.999238,-0.0288725,-0.0262573,0,0.0632108,0.469529,0.277925,1,1.19824,0.328444,1.06265,-2.05584,-1.3242,0.958344,0.0122642,-0.214425,-0.0242097,0.00101046,-0.167576,0.000517034,0.300116,0.331033,0,0,0,0,0,0,0,0.4065,-24.7895,7.33333,15.3828,-0.824806,-1.5425,-0.110364,0,0,0,0,0,0,0,0,0,0,0,0,0,0,0,0,0,0,0,0,0,0,0,0,0,0,-0.143987,0.427239,-0.524803,0.291527,0.131975,-0.180727,-0.061323,-0.933103,2.50937,-1.67896,-1.57897,-0.688375,-0.204617,0.0798553,0
28518.4,1.04354,0.393163,0.904962,-2.25443,-1.41517,1.14333,0.161433,-0.0352165,-0.083733,-0.995856,0,0.0265535,0.996044,-0.0846878,0,0.999027,-0.0294265,-0.0328544,0,0.0658521,0.468775,0.275237,1,1.19824,0.328444,1.06265,-2.05584,-1.3242,0.958344,0.0122642,-0.211068,-0.0283587,3.9488e-05,-0.137117,-5.65748e-05,0.297087,0.288293,0,0,0,0,0,0,0,0.588995,-24.6347,7.51979,15.6089,-0.788185,-1.43355,-0.100293,0,0,0,0,0,0,0,0,0,0,0,0,0,0,0,0,0,0,0,0,0,0,0,0,0,0,0.297227,0.697435,-0.255997,-0.0942565,0.142711,-0.119383,-0.0911927,-1.63049,2.13115,-2.38009,-1.83113,-1.00496,0.218314,0.0798553,0
28518.4,1.03647,0.392378,0.904995,-2.25865,-1.41521,1.15192,0.171946,-0.0406513,-0.075919,-0.996275,0,0.0278305,0.996627,-0.0770813,0,0.998786,-0.0308609,-0.038402,0,0.0684583,0.468089,0.27301,1,1.19824,0.328444,1.06265,-2.05584,-1.3242,0.958344,0.0122642,-0.195435,-0.0260116,0.000215026,-0.108707,-0.00557792,0.23513,0.305761,0,0,0,0,0,0,0,0.0811829,-24.484,7.22225,15.232,-0.644447,-1.47292,-0.0398682,0,0,0,0,0,0,0,0,0,0,0,0,0,0,0,0,0,0,0,0,0,0,0,0,0,0,0.207514,0.839767,-0.366822,-0.341895,0.201114,-0.122146,-0.0717064,-1.35275,1.62976,-2.73889,-1.83949,-0.920904,0.133604,0.0798553,0
28518.4,1.03003,0.39139,0.905006,-2.26226,-1.41575,1.16006,0.180136,-0.0455835,-0.0695061,-0.99653,0,0.0285925,0.997067,-0.0708515,0,0.998551,-0.0317235,-0.0434633,0,0.0708124,0.467652,0.27116,1,1.19824,0.328444,1.06265,-2.05584,-1.3242,0.958344,0.0122642,-0.184114,-0.0330112,0.00207473,-0.0994256,-0.0301368,0.236384,0.199057,0,0,0,0,0,0,0,0.4065,-24.4086,7.29762,15.1606,-0.473243,-1.34474,-0.0801514,0,0,0,0,0,0,0,0,0,0,0,0,0,0,0,0,0,0,0,0,0,0,0,0,0,0,-0.14272,0.994132,-0.661382,-0.354616,0.291459,-0.116113,-0.040822,-0.824437,1.73181,-3.13127,-2.02383,-0.704154,-0.193949,0.0798553,0
28518.5,1.02421,0.390167,0.905029,-2.26548,-1.41792,1.16674,0.186487,-0.0484729,-0.0638049,-0.996775,0,0.0284385,0.997455,-0.0652314,0,0.99842,-0.0315094,-0.0465359,0,0.0730137,0.467524,0.269959,1,1.19824,0.328444,1.06265,-2.05584,-1.3242,0.958344,0.0122642,-0.165747,-0.0372527,0.00140913,-0.0921723,-0.0898547,0.148473,0.185646,0,0,0,0,0,0,0,0.156561,-24.3293,7.11116,15.3074,-0.490638,-1.34474,-0.0398682,0,0,0,0,0,0,0,0,0,0,0,0,0,0,0,0,0,0,0,0,0,0,0,0,0,0,-0.118702,0.97288,-0.587188,-0.257042,0.385474,-0.0476875,-0.0353616,-0.966961,1.66584,-2.92742,-1.90224,-0.610712,-0.176026,0.0798553,0
28518.5,1.01908,0.388827,0.905032,-2.26845,-1.42211,1.17029,0.191163,-0.0477441,-0.0588215,-0.997116,0,0.0278941,0.997787,-0.0601967,0,0.99847,-0.0306883,-0.0459986,0,0.0752121,0.46756,0.269656,1,1.19824,0.328444,1.06265,-2.05584,-1.3242,0.958344,0.0122642,-0.142429,-0.0433725,0.000224191,-0.0911998,-0.156446,0.0765733,0.0811682,0,0,0,0,0,0,0,0.481879,-24.2182,7.29762,15.3828,-0.464088,-1.31453,0.0498535,0,0,0,0,0,0,0,0,0,0,0,0,0,0,0,0,0,0,0,0,0,0,0,0,0,0,-0.0608476,0.961084,-0.479099,-0.0730831,0.419925,0.00896339,0.00595308,-1.27621,1.98098,-2.91368,-1.94186,-0.627681,-0.111023,0.0798553,0
28518.5,1.01456,0.387281,0.905031,-2.27189,-1.42943,1.17124,0.191855,-0.0430569,-0.0570175,-0.997435,0,0.0255416,0.997971,-0.0581508,0,0.998746,-0.0279804,-0.0415141,0,0.0774124,0.467833,0.270147,1,1.19824,0.328444,1.06265,-2.05584,-1.3242,0.958344,0.0122642,-0.126554,-0.0477344,-0.00164349,-0.111383,-0.24167,0.00337403,0.00113357,0,0,0,0,0,0,0,0.4065,-24.4086,7.33333,15.4224,-0.508949,-1.36397,-0.0600098,0,0,0,0,0,0,0,0,0,0,0,0,0,0,0,0,0,0,0,0,0,0,0,0,0,0,0.00191095,0.877706,-0.396486,0.262174,0.398131,0.0369279,0.0248122,-1.64473,2.78309,-2.81059,-2.09494,-0.713565,-0.0529685,0.0798559,0
28518.6,1.01039,0.385433,0.905035,-2.27619,-1.43855,1.17126,0.191862,-0.0362337,-0.0558138,-0.997774,0,0.02172,0.99815,-0.0566235,0,0.999107,-0.0237238,-0.034955,0,0.0795518,0.468137,0.270928,1,1.19824,0.328444,1.06265,-2.05584,-1.3242,0.958344,0.0122642,-0.118393,-0.0622845,-0.00175921,-0.136187,-0.26924,-0.000368458,0.00331675,0,0,0,0,0,0,0,0.227972,-24.3689,7.25795,15.3828,-0.607826,-1.48299,-0.120435,0,0,0,0,0,0,0,0,0,0,0,0,0,0,0,0,0,0,0,0,0,0,0,0,0,0,-0.104507,0.612122,-0.399643,0.662151,0.325564,-0.0334311,-0.00815927,-1.59941,3.48199,-2.14245,-2.00293,-0.686969,-0.146234,0.0798559,0
28518.6,1.00632,0.383348,0.905027,-2.28119,-1.44843,1.1715,0.191851,-0.0288665,-0.0548006,-0.99807,0,0.0169121,0.998317,-0.0553032,0,0.99944,-0.0184762,-0.0278917,0,0.0816347,0.468417,0.271683,1,1.19824,0.328444,1.06265,-2.05584,-1.3242,0.958344,0.0122642,-0.112899,-0.0602391,-0.00167269,-0.147798,-0.286318,0.014877,-0.00182242,0,0,0,0,0,0,0,0.481879,-24.3293,7.33333,15.5335,-0.653602,-1.5132,-0.0206421,0,0,0,0,0,0,0,0,0,0,0,0,0,0,0,0,0,0,0,0,0,0,0,0,0,0,-0.0142686,0.395861,-0.277838,0.711027,0.268794,-0.12671,-0.0274442,-1.71686,3.26856,-1.60076,-1.70234,-0.765627,-0.0538106,0.0798559,0
28518.6,1.0023,0.38103,0.905034,-2.28632,-1.45775,1.17215,0.19187,-0.021994,-0.0538941,-0.998295,0,0.0121888,0.998448,-0.0541709,0,0.999684,-0.0133597,-0.0213034,0,0.0836375,0.468601,0.272369,1,1.19824,0.328444,1.06265,-2.05584,-1.3242,0.958344,0.0122642,-0.12261,-0.0740405,-0.000190056,-0.155067,-0.263388,0.0255906,0.0026018,0,0,0,0,0,0,0,0.370795,-24.1031,7.18257,14.9345,-0.670997,-1.53242,-0.149731,0,0,0,0,0,0,0,0,0,0,0,0,0,0,0,0,0,0,0,0,0,0,0,0,0,0,0.19777,0.474886,-0.140915,0.482094,0.253935,-0.160209,-0.0509234,-2.05449,2.93728,-1.8422,-1.74184,-0.96034,0.156022,0.0798559,0
28518.7,0.997958,0.378518,0.905038,-2.29139,-1.46656,1.17381,0.19188,-0.0161732,-0.0529664,-0.998456,0,0.00759871,0.998551,-0.0530946,0,0.99984,-0.00844584,-0.0157476,0,0.0856795,0.46879,0.272916,1,1.19824,0.328444,1.06265,-2.05584,-1.3242,0.958344,0.0122642,-0.135782,-0.0722063,-0.000657837,-0.142877,-0.256023,0.0668783,0.000405664,0,0,0,0,0,0,0,0.4065,-23.9484,7.14687,15.0456,-0.734169,-1.53242,-0.110364,0,0,0,0,0,0,0,0,0,0,0,0,0,0,0,0,0,0,0,0,0,0,0,0,0,0,0.507725,0.598571,0.0652304,0.112484,0.232961,-0.168493,-0.0702692,-2.46069,2.29551,-2.18199,-1.73718,-1.18032,0.458819,0.0798559,0
28518.7,0.993133,0.375851,0.905033,-2.29617,-1.47396,1.17703,0.191902,-0.0124096,-0.0521978,-0.99855,0,0.00376596,0.998617,-0.0522481,0,0.999916,-0.00440896,-0.0121961,0,0.0877977,0.468906,0.273155,1,1.19824,0.328444,1.06265,-2.05584,-1.3242,0.958344,0.0122642,-0.144117,-0.0864461,-0.000643817,-0.138319,-0.183094,0.112758,-0.00107105,0,0,0,0,0,0,0,0.624701,-23.9127,7.18257,15.1209,-0.761634,-1.5132,-0.100293,0,0,0,0,0,0,0,0,0,0,0,0,0,0,0,0,0,0,0,0,0,0,0,0,0,0,0.636345,0.648059,0.16532,0.15576,0.173838,-0.146177,-0.0858603,-2.72887,2.69836,-2.38916,-1.95585,-1.30438,0.590646,0.0798559,0
28518.7,0.987876,0.372889,0.905033,-2.30092,-1.4791,1.1812,0.191962,-0.010485,-0.0520141,-0.998582,0,0.00155217,0.998635,-0.0520331,0,0.999944,-0.00209558,-0.0103902,0,0.0900255,0.468656,0.273091,1,1.19824,0.328444,1.06265,-2.05584,-1.3242,0.958344,0.0122642,-0.157318,-0.091956,0.000706904,-0.139211,-0.129277,0.131143,0.00114127,0,0,0,0,0,0,0,0.624701,-23.9484,7.11116,15.1209,-0.788185,-1.5425,-0.12959,0,0,0,0,0,0,0,0,0,0,0,0,0,0,0,0,0,0,0,0,0,0,0,0,0,0,0.791566,0.602961,0.279576,0.214273,0.131344,-0.122989,-0.101046,-2.97379,2.88291,-2.31494,-1.9818,-1.38963,0.727031,0.0798559,0
28518.8,0.982483,0.369776,0.905055,-2.30564,-1.48264,1.18537,0.192077,-0.0093404,-0.0522537,-0.998581,0,0.000695406,0.998624,-0.0522624,0,0.999956,-0.00118259,-0.00929139,0,0.092303,0.468086,0.272914,1,1.19824,0.328444,1.06265,-2.05584,-1.3242,0.958344,0.0122642,-0.16121,-0.097504,0.000799115,-0.139445,-0.0960044,0.113234,0.00890685,0,0,0,0,0,0,0,0.299384,-23.873,6.88503,15.3828,-0.788185,-1.59193,-0.139661,0,0,0,0,0,0,0,0,0,0,0,0,0,0,0,0,0,0,0,0,0,0,0,0,0,0,0.601287,0.576574,0.155574,0.247023,0.116126,-0.138693,-0.0999789,-2.55222,2.89569,-2.22611,-1.93971,-1.23445,0.555178,0.0798559,0
28518.8,0.976862,0.366348,0.905071,-2.31059,-1.48526,1.18925,0.192264,-0.00820915,-0.0527679,-0.998563,0,0.000890189,0.998596,-0.0527769,0,0.999966,-0.00132219,-0.00815081,0,0.0947201,0.467208,0.27275,1,1.19824,0.328444,1.06265,-2.05584,-1.3242,0.958344,0.0122642,-0.162389,-0.0970424,0.00270842,-0.139072,-0.063186,0.114465,0.00205645,0,0,0,0,0,0,0,0.263678,-23.5318,6.69856,15.1963,-0.716774,-1.63222,-0.100293,0,0,0,0,0,0,0,0,0,0,0,0,0,0,0,0,0,0,0,0,0,0,0,0,0,0,0.392416,0.545384,-0.0282519,0.382366,0.120619,-0.182813,-0.10021,-2.24398,3.26556,-2.22742,-2.03914,-1.14763,0.350662,0.0798559,0
28518.8,0.97149,0.362727,0.905071,-2.31538,-1.48717,1.19419,0.192661,-0.00824436,-0.0530518,-0.998548,0,0.000860569,0.998581,-0.0530606,0,0.999966,-0.0012968,-0.00818717,0,0.0969336,0.466371,0.272437,1,1.19824,0.328444,1.06265,-2.05584,-1.3242,0.958344,0.0122642,-0.155916,-0.1155,-0.000650154,-0.136849,-0.0549656,0.177665,0.0163254,0,0,0,0,0,0,0,0.192267,-23.4168,6.69856,15.1209,-0.716774,-1.5425,-0.149731,0,0,0,0,0,0,0,0,0,0,0,0,0,0,0,0,0,0,0,0,0,0,0,0,0,0,0.300634,0.70103,-0.171377,0.0568292,0.194583,-0.236772,-0.113009,-2.02674,2.68649,-2.62731,-2.07752,-1.13101,0.260278,0.0798559,0
28518.9,0.965814,0.358884,0.905051,-2.31987,-1.48878,1.20201,0.193966,-0.010804,-0.0521055,-0.998574,0,-0.000112041,0.998632,-0.0521073,0,0.999942,-0.000451097,-0.0107953,0,0.09904,0.465836,0.27174,1,1.19824,0.328444,1.06265,-2.05584,-1.3242,0.958344,0.0122642,-0.174247,-0.118465,-0.000141431,-0.125014,-0.0401237,0.252384,0.0644709,0,0,0,0,0,0,0,0.660407,-23.5318,6.88503,15.232,-0.689308,-1.57271,-0.229382,0,0,0,0,0,0,0,0,0,0,0,0,0,0,0,0,0,0,0,0,0,0,0,0,0,0,0.487875,0.59507,-0.00507146,-0.0240806,0.221998,-0.234016,-0.156938,-2.27207,2.1816,-2.17972,-1.77233,-1.17058,0.422169,0.0798559,0
28518.9,0.959962,0.354885,0.905067,-2.32386,-1.48987,1.21126,0.197405,-0.0148869,-0.0486397,-0.998696,0,-0.00114684,0.998807,-0.0486281,0,0.999889,0.000421435,-0.0149252,0,0.101079,0.465477,0.270923,1,1.19824,0.328444,1.06265,-2.05584,-1.3242,0.958344,0.0122642,-0.170304,-0.11962,0.00183162,-0.118177,-0.0224594,0.301937,0.134313,0,0,0,0,0,0,0,0.446173,-23.3771,6.66286,15.1209,-0.661842,-1.78053,-0.210156,0,0,0,0,0,0,0,0,0,0,0,0,0,0,0,0,0,0,0,0,0,0,0,0,0,0,0.364159,0.640143,-0.100699,-0.0504102,0.233146,-0.278382,-0.209954,-2.08595,2.30254,-2.22777,-1.88201,-1.13495,0.317609,0.0798559,0
28518.9,0.954031,0.350751,0.905075,-2.32767,-1.49046,1.22327,0.204889,-0.0215106,-0.0410472,-0.998916,0,-0.00306796,0.999145,-0.0409905,0,0.999764,0.00218294,-0.0216186,0,0.1029,0.465353,0.269659,1,1.19824,0.328444,1.06265,-2.05584,-1.3242,0.958344,0.0122642,-0.173097,-0.117063,0.00026242,-0.108788,-0.0138712,0.379457,0.276675,0,0,0,0,0,0,0,0.481879,-23.3771,6.58748,15.1606,-0.607826,-1.76039,-0.259595,0,0,0,0,0,0,0,0,0,0,0,0,0,0,0,0,0,0,0,0,0,0,0,0,0,0,0.166156,0.56087,-0.215043,0.00576883,0.239055,-0.317596,-0.23543,-1.68425,2.25136,-1.90989,-1.74779,-0.977538,0.138616,0.0798559,0
28519,0.948318,0.346907,0.905065,-2.33154,-1.49094,1.23622,0.216764,-0.0291807,-0.0294119,-0.999132,0,-0.00538138,0.999548,-0.0292669,0,0.99956,0.00452277,-0.0293264,0,0.104514,0.465279,0.268072,1,1.19824,0.328444,1.06265,-2.05584,-1.3242,0.958344,0.0122642,-0.163997,-0.107964,-0.00159503,-0.120665,-0.0143783,0.398756,0.349872,0,0,0,0,0,0,0,0.481879,-23.1113,6.66286,15.3828,-0.581276,-1.44362,-0.0902222,0,0,0,0,0,0,0,0,0,0,0,0,0,0,0,0,0,0,0,0,0,0,0,0,0,0,0.249548,0.136541,-0.0308735,0.427313,0.236794,-0.309391,-0.215558,-1.86091,2.27543,-0.662046,-1.15635,-0.900436,0.195736,0.0798559,0
28519,0.942446,0.343168,0.905072,-2.33579,-1.49177,1.24969,0.229324,-0.0371384,-0.0174349,-0.999148,0,-0.00799132,0.999811,-0.0171495,0,0.999278,0.00734775,-0.0372715,0,0.106126,0.465172,0.26629,1,1.19824,0.328444,1.06265,-2.05584,-1.3242,0.958344,0.0122642,-0.170497,-0.111385,-0.000901391,-0.126466,-0.0390997,0.377334,0.354623,0,0,0,0,0,0,0,0.370795,-22.8812,6.54781,15.232,-0.518104,-1.45369,-0.049939,0,0,0,0,0,0,0,0,0,0,0,0,0,0,0,0,0,0,0,0,0,0,0,0,0,0,0.407067,0.22135,0.164457,0.546363,0.293219,-0.193454,-0.136954,-2.34674,2.51178,-0.887115,-1.25123,-0.94169,0.360966,0.0798559,0
28519,0.936574,0.339618,0.905053,-2.34046,-1.49402,1.26186,0.239116,-0.0433529,-0.00834857,-0.999015,0,-0.011058,0.999898,-0.00787608,0,0.998999,0.0107059,-0.0434417,0,0.10785,0.46504,0.264707,1,1.19824,0.328444,1.06265,-2.05584,-1.3242,0.958344,0.0122642,-0.171002,-0.100763,0.000337019,-0.143515,-0.0917383,0.332807,0.227659,0,0,0,0,0,0,0,0.446173,-22.8058,6.58748,15.1606,-0.436622,-1.33467,-0.00050053,0,0,0,0,0,0,0,0,0,0,0,0,0,0,0,0,0,0,0,0,0,0,0,0,0,0,0.650489,0.222122,0.39417,0.455879,0.373542,-0.0596611,-0.0519996,-2.7256,1.84515,-0.775461,-0.934542,-0.912746,0.574025,0.0798559,0
28519.1,0.93093,0.33657,0.905069,-2.3452,-1.49861,1.26988,0.245186,-0.0451773,-0.00275833,-0.998966,0,-0.0142036,0.999887,-0.00211854,0,0.998878,0.0140934,-0.0452122,0,0.109829,0.464876,0.263889,1,1.19824,0.328444,1.06265,-2.05584,-1.3242,0.958344,0.0122642,-0.154666,-0.086852,-0.00108222,-0.133592,-0.164004,0.191282,0.153245,0,0,0,0,0,0,0,0.335089,-22.7304,6.40102,15.3074,-0.499794,-1.21565,0.0297119,0,0,0,0,0,0,0,0,0,0,0,0,0,0,0,0,0,0,0,0,0,0,0,0,0,0,0.472815,0.34155,0.289729,0.269654,0.423236,0.0358422,0.0168251,-2.19809,1.22006,-0.954595,-0.778629,-0.620746,0.417086,0.0798559,0
28519.1,0.925644,0.333757,0.905061,-2.35013,-1.50583,1.27463,0.247834,-0.043004,-0.000197067,-0.999065,0,-0.0183222,0.999822,0.000591451,0,0.998907,0.0183309,-0.0430008,0,0.111958,0.464824,0.263793,1,1.19824,0.328444,1.06265,-2.05584,-1.3242,0.958344,0.0122642,-0.15188,-0.0817194,0.000114424,-0.150224,-0.241733,0.118013,0.0182303,0,0,0,0,0,0,0,0.446173,-22.8058,6.47243,15.232,-0.527259,-1.24495,-0.00050053,0,0,0,0,0,0,0,0,0,0,0,0,0,0,0,0,0,0,0,0,0,0,0,0,0,0,0.429587,0.352281,0.260439,0.436628,0.383444,0.10346,0.0779014,-2.0843,1.66729,-1.1173,-0.911242,-0.54164,0.372542,0.0798559,0
28519.1,0.920613,0.331088,0.905071,-2.35548,-1.5149,1.27747,0.247841,-0.0382774,-0.000263102,-0.999257,0,-0.0234759,0.999715,0.000636042,0,0.998991,0.0234833,-0.0382734,0,0.114126,0.464807,0.264068,1,1.19824,0.328444,1.06265,-2.05584,-1.3242,0.958344,0.0122642,-0.147344,-0.074629,0.0035334,-0.158855,-0.274739,0.0561926,2.84814e-06,0,0,0,0,0,0,0,0.156561,-22.6908,6.32564,15.0456,-0.590431,-1.34474,-0.0206421,0,0,0,0,0,0,0,0,0,0,0,0,0,0,0,0,0,0,0,0,0,0,0,0,0,0,0.356335,0.236994,0.220967,0.456294,0.338257,0.0868983,0.0458249,-1.76915,1.49949,-0.719718,-0.70879,-0.434068,0.299412,0.0798559,0
28519.2,0.915528,0.328695,0.905076,-2.36079,-1.5245,1.279,0.247835,-0.0323594,-0.000390496,-0.999467,0,-0.0283207,0.999589,0.000526384,0,0.999075,0.0283232,-0.0323578,0,0.116419,0.464724,0.264518,1,1.19824,0.328444,1.06265,-2.05584,-1.3242,0.958344,0.0122642,-0.151766,-0.0637158,0.000462938,-0.149255,-0.286022,0.0365619,-0.00275569,0,0,0,0,0,0,0,0.446173,-22.5797,6.28597,14.9345,-0.644447,-1.38411,0.0397827,0,0,0,0,0,0,0,0,0,0,0,0,0,0,0,0,0,0,0,0,0,0,0,0,0,0,0.546761,0.159149,0.386108,0.371734,0.295724,0.0536157,0.00977344,-2.05898,1.21038,-0.483689,-0.551496,-0.573865,0.48196,0.0798559,0
28519.2,0.910366,0.32653,0.905077,-2.36579,-1.53388,1.27998,0.24784,-0.0263107,-0.0004668,-0.999644,0,-0.0325617,0.99946,0.000390311,0,0.999123,0.032561,-0.0263122,0,0.118773,0.464606,0.265021,1,1.19824,0.328444,1.06265,-2.05584,-1.3242,0.958344,0.0122642,-0.152214,-0.0593103,-0.000323493,-0.142718,-0.25518,0.0353151,-0.000999181,0,0,0,0,0,0,0,0.446173,-22.4646,6.25026,14.8234,-0.598671,-1.45369,-0.0105713,0,0,0,0,0,0,0,0,0,0,0,0,0,0,0,0,0,0,0,0,0,0,0,0,0,0,0.431783,0.294803,0.202845,0.154834,0.277208,-0.0228262,-0.00493606,-1.79983,1.14621,-1.03283,-0.795157,-0.610805,0.371466,0.0798559,0
28519.3,0.905235,0.324736,0.905085,-2.37029,-1.54284,1.28109,0.247835,-0.0209282,-0.000530123,-0.999771,0,-0.03645,0.999326,0.000233122,0,0.999116,0.0364472,-0.0209339,0,0.121065,0.464547,0.265422,1,1.19824,0.328444,1.06265,-2.05584,-1.3242,0.958344,0.0122642,-0.153802,-0.0457834,0.000261235,-0.126366,-0.27116,0.0353352,-0.00262984,0,0,0,0,0,0,0,0.299384,-22.425,6.17488,15.1209,-0.689308,-1.52327,0.0297119,0,0,0,0,0,0,0,0,0,0,0,0,0,0,0,0,0,0,0,0,0,0,0,0,0,0,0.554386,0.273924,0.317429,-0.0757083,0.275705,-0.0757662,-0.0135912,-1.99401,0.474708,-0.949924,-0.579249,-0.720761,0.499543,0.0798559,0
28519.3,0.900291,0.323375,0.905077,-2.3742,-1.55133,1.28242,0.247842,-0.0163638,-0.000550927,-0.999856,0,-0.0401007,0.999186,0.000105739,0,0.999062,0.0400975,-0.0163729,0,0.123228,0.464586,0.265694,1,1.19824,0.328444,1.06265,-2.05584,-1.3242,0.958344,0.0122642,-0.144246,-0.0335555,-0.000864536,-0.113488,-0.226329,0.0415651,-0.000888089,0,0,0,0,0,0,0,0.660407,-22.3099,6.25026,14.9345,-0.670997,-1.5132,-0.00050053,0,0,0,0,0,0,0,0,0,0,0,0,0,0,0,0,0,0,0,0,0,0,0,0,0,0,0.204345,0.183714,0.0235277,0.148515,0.20935,-0.170735,-0.0142279,-1.33115,1.09451,-0.914041,-0.725302,-0.581734,0.172403,0.0798559,0
28519.3,0.895594,0.322242,0.905088,-2.37782,-1.5582,1.28408,0.247843,-0.0130786,-0.00101397,-0.999904,0,-0.042796,0.999074,-0.000453362,0,0.998998,0.0427868,-0.0131101,0,0.125224,0.464443,0.265695,1,1.19824,0.328444,1.06265,-2.05584,-1.3242,0.958344,0.0122642,-0.12883,-0.0294268,-0.00177999,-0.101227,-0.191021,0.0531314,0.000658629,0,0,0,0,0,0,0,0.335089,-22.3099,6.13918,14.748,-0.689308,-1.58278,-0.0398682,0,0,0,0,0,0,0,0,0,0,0,0,0,0,0,0,0,0,0,0,0,0,0,0,0,0,0.0970357,0.19735,-0.0932359,0.263969,0.168179,-0.207725,-0.0147366,-1.16183,1.62315,-1.13667,-0.964733,-0.584082,0.071026,0.0798559,0
28519.4,0.89104,0.321493,0.905099,-2.38121,-1.5636,1.28624,0.247844,-0.0112267,-0.00203664,-0.999925,0,-0.0446305,0.998993,-0.00153365,0,0.99894,0.0446108,-0.0113065,0,0.127094,0.464127,0.26533,1,1.19824,0.328444,1.06265,-2.05584,-1.3242,0.958344,0.0122642,-0.135023,-0.0153231,0.00110739,-0.0914198,-0.136839,0.0791467,0.000193909,0,0,0,0,0,0,0,0.335089,-22.3496,5.98842,14.8591,-0.752479,-1.56264,-0.049939,0,0,0,0,0,0,0,0,0,0,0,0,0,0,0,0,0,0,0,0,0,0,0,0,0,0,0.241433,0.0670019,0.044113,0.21618,0.133197,-0.228516,-0.0176183,-1.3362,1.21415,-0.762344,-0.682119,-0.657429,0.20299,0.0798559,0
28519.4,0.88649,0.320992,0.90509,-2.38427,-1.56721,1.28918,0.247844,-0.0111344,-0.00354593,-0.999922,0,-0.0453013,0.998959,-0.00303807,0,0.998911,0.0452648,-0.0112836,0,0.128894,0.463617,0.264591,1,1.19824,0.328444,1.06265,-2.05584,-1.3242,0.958344,0.0122642,-0.127733,-0.00969398,-0.000199397,-0.0842301,-0.0884651,0.0885956,-0.000724645,0,0,0,0,0,0,0,0.4065,-22.2742,6.0995,15.1209,-0.689308,-1.52327,-0.0105713,0,0,0,0,0,0,0,0,0,0,0,0,0,0,0,0,0,0,0,0,0,0,0,0,0,0,0.282936,0.10564,0.0292456,0.316602,0.122292,-0.210007,-0.019148,-1.4482,1.69338,-0.989093,-0.912772,-0.706535,0.225989,0.0798559,0
28519.4,0.882106,0.320656,0.905098,-2.387,-1.56947,1.29245,0.247848,-0.012156,-0.00528187,-0.999903,0,-0.0451289,0.99896,-0.00472826,0,0.998907,0.0450678,-0.0123819,0,0.13058,0.462988,0.263657,1,1.19824,0.328444,1.06265,-2.05584,-1.3242,0.958344,0.0122642,-0.131561,-0.00822875,0.0011074,-0.0753846,-0.0582394,0.0996643,0.00214925,0,0,0,0,0,0,0,0.263678,-22.3099,5.98842,14.9345,-0.57212,-1.45369,-0.0801514,0,0,0,0,0,0,0,0,0,0,0,0,0,0,0,0,0,0,0,0,0,0,0,0,0,0,0.322948,0.20251,0.0426761,0.300432,0.181243,-0.160634,-0.0198733,-1.5979,1.78116,-1.1933,-1.03108,-0.703364,0.256252,0.0798559,0
28519.5,0.877741,0.320334,0.905101,-2.38946,-1.57142,1.29631,0.247858,-0.0139055,-0.00688617,-0.99987,0,-0.0449538,0.99896,-0.00625472,0,0.998892,0.0448619,-0.0142008,0,0.132202,0.462434,0.262648,1,1.19824,0.328444,1.06265,-2.05584,-1.3242,0.958344,0.0122642,-0.130001,-0.00891075,0.00108266,-0.0731055,-0.0631385,0.119714,0.00383017,0,0,0,0,0,0,0,0.263678,-22.1592,5.95271,14.8234,-0.508949,-1.46376,-0.12959,0,0,0,0,0,0,0,0,0,0,0,0,0,0,0,0,0,0,0,0,0,0,0,0,0,0,0.252094,0.277439,0.0205388,0.201603,0.275867,-0.109923,-0.0273869,-1.50108,1.41037,-1.13484,-0.917725,-0.570402,0.196729,0.0798559,0
28519.5,0.873509,0.319901,0.905095,-2.39192,-1.57423,1.29991,0.247846,-0.0149542,-0.00818699,-0.999845,0,-0.0454721,0.998928,-0.00749937,0,0.998854,0.0453538,-0.0153108,0,0.133786,0.46203,0.261828,1,1.19824,0.328444,1.06265,-2.05584,-1.3242,0.958344,0.0122642,-0.115947,-0.0167998,5.24061e-05,-0.0737845,-0.100345,0.101057,-0.00123766,0,0,0,0,0,0,0,0.335089,-22.2345,6.02809,14.7123,-0.518104,-1.48299,-0.0206421,0,0,0,0,0,0,0,0,0,0,0,0,0,0,0,0,0,0,0,0,0,0,0,0,0,0,0.16739,0.529905,-0.0908329,0.0701876,0.334526,-0.0880873,-0.0286754,-1.45664,1.6187,-1.86416,-1.30649,-0.551679,0.128346,0.0798559,0
28519.5,0.869556,0.319403,0.905101,-2.39432,-1.57827,1.30242,0.247852,-0.0144554,-0.00896265,-0.999846,0,-0.0467261,0.998864,-0.0082783,0,0.998803,0.0466001,-0.0148581,0,0.135329,0.461813,0.261394,1,1.19824,0.328444,1.06265,-2.05584,-1.3242,0.958344,0.0122642,-0.111893,-0.00839849,-0.000536087,-0.0665439,-0.13976,0.0518393,0.000144914,0,0,0,0,0,0,0,0.370795,-22.2345,5.98842,14.5973,-0.562965,-1.5425,-0.0600098,0,0,0,0,0,0,0,0,0,0,0,0,0,0,0,0,0,0,0,0,0,0,0,0,0,0,0.179129,0.399873,-0.0582204,0.0339674,0.3611,-0.115613,-0.0296866,-1.45021,1.11677,-1.39632,-0.960991,-0.530801,0.130742,0.0798559,0
28519.6,0.865801,0.318958,0.905108,-2.3965,-1.58436,1.30367,0.24785,-0.0119738,-0.00895797,-0.999879,0,-0.0491699,0.998746,-0.008359,0,0.998719,0.0490648,-0.0123994,0,0.136881,0.461951,0.261454,1,1.19824,0.328444,1.06265,-2.05584,-1.3242,0.958344,0.0122642,-0.111325,-0.0153197,-0.000188496,-0.0585043,-0.193105,0.0285478,-0.00076391,0,0,0,0,0,0,0,0.335089,-22.1195,5.91304,14.7123,-0.581276,-1.56264,-0.0206421,0,0,0,0,0,0,0,0,0,0,0,0,0,0,0,0,0,0,0,0,0,0,0,0,0,0,0.256296,0.485434,0.0131416,-0.148404,0.361262,-0.129696,-0.0309375,-1.62334,0.832583,-1.64165,-0.99478,-0.614379,0.223164,0.0798559,0
28519.6,0.862107,0.318545,0.905099,-2.39826,-1.59124,1.3041,0.247848,-0.00851002,-0.00833045,-0.999919,0,-0.0517952,0.998617,-0.00787879,0,0.998621,0.051725,-0.0089299,0,0.138482,0.462291,0.261852,1,1.19824,0.328444,1.06265,-2.05584,-1.3242,0.958344,0.0122642,-0.104688,-0.012748,0.000359768,-0.045479,-0.19347,0.00678597,-0.00180624,0,0,0,0,0,0,0,0.55329,-22.1592,5.98842,14.748,-0.626136,-1.57271,-0.00050053,0,0,0,0,0,0,0,0,0,0,0,0,0,0,0,0,0,0,0,0,0,0,0,0,0,0,0.322217,0.529084,0.0209644,-0.158866,0.313651,-0.139016,-0.0298306,-1.7144,1.0845,-1.94015,-1.19016,-0.699046,0.279768,0.0798559,0
28519.6,0.858466,0.318202,0.905102,-2.39962,-1.59764,1.30411,0.247847,-0.00502656,-0.00749793,-0.99995,0,-0.0537799,0.998517,-0.00721685,0,0.99854,0.0537419,-0.00542245,0,0.140094,0.46262,0.262354,1,1.19824,0.328444,1.06265,-2.05584,-1.3242,0.958344,0.0122642,-0.104767,-0.00478916,0.000556915,-0.0396515,-0.181649,-0.000855378,-0.00144913,0,0,0,0,0,0,0,0.446173,-22.1988,5.95271,14.8591,-0.680153,-1.56264,0.00957027,0,0,0,0,0,0,0,0,0,0,0,0,0,0,0,0,0,0,0,0,0,0,0,0,0,0,0.406449,0.314205,0.12357,0.0289001,0.265933,-0.156582,-0.0283693,-1.82479,1.1472,-1.36122,-0.939157,-0.736399,0.347779,0.0798553,0
28519.7,0.854753,0.317964,0.905109,-2.40073,-1.6037,1.30412,0.247854,-0.0018346,-0.006604,-0.999967,0,-0.0553643,0.998435,-0.00649231,0,0.998465,0.0553516,-0.0021974,0,0.141735,0.462941,0.262838,1,1.19824,0.328444,1.06265,-2.05584,-1.3242,0.958344,0.0122642,-0.109472,-0.00676956,-0.000966576,-0.0363921,-0.17615,0.00239226,0.00151295,0,0,0,0,0,0,0,0.192267,-22.0838,5.87734,14.7837,-0.725013,-1.64229,-0.0600098,0,0,0,0,0,0,0,0,0,0,0,0,0,0,0,0,0,0,0,0,0,0,0,0,0,0,0.455085,0.245508,0.184388,0.127094,0.20393,-0.172152,-0.0292518,-1.88391,1.37586,-1.26081,-0.950702,-0.786572,0.400781,0.0798553,0
28519.7,0.851063,0.317816,0.905115,-2.40177,-1.60828,1.30422,0.247852,0.000511461,-0.00616212,-0.999971,0,-0.0557811,0.998414,-0.00618105,0,0.998443,0.0557838,0.000166923,0,0.143368,0.462997,0.263118,1,1.19824,0.328444,1.06265,-2.05584,-1.3242,0.958344,0.0122642,-0.106903,-0.000959699,0.000991618,-0.0296298,-0.100714,0.0135628,0.000245636,0,0,0,0,0,0,0,0.156561,-22.1195,5.80196,14.8234,-0.734169,-1.65144,-0.0398682,0,0,0,0,0,0,0,0,0,0,0,0,0,0,0,0,0,0,0,0,0,0,0,0,0,0,0.146181,0.18881,-0.0457658,0.263321,0.142395,-0.229626,-0.0300046,-1.20438,1.71159,-1.21318,-1.01617,-0.610654,0.124639,0.0798553,0
28519.7,0.847616,0.317803,0.905097,-2.40264,-1.60999,1.30452,0.247849,0.00119975,-0.00651059,-0.999968,0,-0.0541005,0.998504,-0.00656597,0,0.998535,0.0541077,0.000845749,0,0.144907,0.462587,0.26302,1,1.19824,0.328444,1.06265,-2.05584,-1.3242,0.958344,0.0122642,-0.105107,0.00175229,0.0011316,-0.0229316,-0.0197426,0.00927368,0.00136069,0,0,0,0,0,0,0,0.446173,-22.2742,5.98842,14.6369,-0.698463,-1.66151,-0.0398682,0,0,0,0,0,0,0,0,0,0,0,0,0,0,0,0,0,0,0,0,0,0,0,0,0,0,0.181713,0.158627,-0.0356417,0.325549,0.115185,-0.238937,-0.0262902,-1.25245,1.90449,-1.22871,-1.06848,-0.650332,0.15007,0.0798553,0
28519.8,0.844356,0.317786,0.905109,-2.40358,-1.61014,1.30517,0.247852,0.000838694,-0.00737858,-0.999963,0,-0.0515461,0.998633,-0.007412,0,0.99867,0.0515514,0.00045722,0,0.146325,0.461915,0.262663,1,1.19824,0.328444,1.06265,-2.05584,-1.3242,0.958344,0.0122642,-0.093506,-0.00266948,0.00118488,-0.0253605,-0.000782219,0.0253331,0.00137169,0,0,0,0,0,0,0,0.299384,-22.0838,5.83766,14.5973,-0.626136,-1.63222,-0.0801514,0,0,0,0,0,0,0,0,0,0,0,0,0,0,0,0,0,0,0,0,0,0,0,0,0,0,0.0602579,0.168908,-0.125343,0.295763,0.147984,-0.269504,-0.020701,-1.07127,1.78394,-1.24233,-1.03772,-0.59116,0.042571,0.0798553,0
28519.8,0.841403,0.317769,0.905111,-2.40445,-1.61035,1.30638,0.24785,1.79105e-05,-0.00819558,-0.999957,0,-0.0496011,0.998726,-0.00818638,0,0.998769,0.0496,-0.000388629,0,0.147552,0.461371,0.26223,1,1.19824,0.328444,1.06265,-2.05584,-1.3242,0.958344,0.0122642,-0.0786703,0.00150531,-0.00024222,-0.0260184,-0.0156709,0.0430878,-0.000285487,0,0,0,0,0,0,0,0.156561,-22.1592,5.87734,14.6369,-0.57212,-1.58278,-0.0206421,0,0,0,0,0,0,0,0,0,0,0,0,0,0,0,0,0,0,0,0,0,0,0,0,0,0,-0.0743301,0.227281,-0.253793,0.170798,0.223996,-0.27493,-0.0212966,-0.842965,1.42969,-1.29731,-0.972631,-0.485716,-0.0901783,0.0798559,0
28519.8,0.838655,0.317757,0.905115,-2.40502,-1.61129,1.30822,0.247842,-0.00103411,-0.00855437,-0.999953,0,-0.0487227,0.998767,-0.00849383,0,0.998812,0.0487126,-0.00144965,0,0.148624,0.461154,0.261848,1,1.19824,0.328444,1.06265,-2.05584,-1.3242,0.958344,0.0122642,-0.0801961,-0.00019965,0.000105728,-0.00688057,-0.040138,0.058538,-0.00162883,0,0,0,0,0,0,0,0.116888,-22.1195,5.83766,14.5219,-0.581276,-1.65144,0.00957027,0,0,0,0,0,0,0,0,0,0,0,0,0,0,0,0,0,0,0,0,0,0,0,0,0,0,0.0595797,0.366672,-0.17518,-0.170264,0.306056,-0.231286,-0.0192356,-1.1084,0.648667,-1.51299,-0.865676,-0.525825,0.0299623,0.0798559,0
28519.9,0.836072,0.317748,0.905112,-2.40526,-1.61339,1.31058,0.247845,-0.00202727,-0.00827126,-0.999954,0,-0.0491413,0.998749,-0.00816167,0,0.99879,0.0491234,-0.00243124,0,0.149572,0.461344,0.261598,1,1.19824,0.328444,1.06265,-2.05584,-1.3242,0.958344,0.0122642,-0.0742071,-0.0008183,0.000707332,-0.00138079,-0.0806696,0.0787863,-0.00132068,0,0,0,0,0,0,0,0.4065,-22.0838,5.83766,14.5615,-0.562965,-1.59193,-0.00050053,0,0,0,0,0,0,0,0,0,0,0,0,0,0,0,0,0,0,0,0,0,0,0,0,0,0,-0.00395115,0.391861,-0.254131,-0.23466,0.335786,-0.222147,-0.019177,-0.948395,0.469682,-1.53523,-0.830821,-0.455207,-0.0421064,0.0798559,0
28519.9,0.833806,0.317697,0.905109,-2.40528,-1.61668,1.31357,0.247851,-0.00299013,-0.00745224,-0.999958,0,-0.0511399,0.998655,-0.00728961,0,0.998687,0.0511169,-0.00336728,0,0.15031,0.461944,0.261446,1,1.19824,0.328444,1.06265,-2.05584,-1.3242,0.958344,0.0122642,-0.0618943,-0.000900789,-9.4269e-07,-0.000244519,-0.103628,0.0944936,0.00128327,0,0,0,0,0,0,0,0.299384,-22.0838,5.87734,14.5219,-0.661842,-1.47292,-0.0700806,0,0,0,0,0,0,0,0,0,0,0,0,0,0,0,0,0,0,0,0,0,0,0,0,0,0,0.0449379,0.374827,-0.240457,-0.151089,0.326946,-0.181176,-0.0192583,-0.979439,0.676854,-1.49058,-0.866948,-0.439487,-0.0158628,0.0798559,0
28519.9,0.831762,0.317644,0.905109,-2.40528,-1.62038,1.3167,0.247852,-0.00387654,-0.00651598,-0.999962,0,-0.0537686,0.998524,-0.00629817,0,0.998546,0.0537431,-0.00422125,0,0.150926,0.462677,0.261325,1,1.19824,0.328444,1.06265,-2.05584,-1.3242,0.958344,0.0122642,-0.0553417,-0.0034782,0.00129042,0.000364134,-0.114274,0.086172,0.00213955,0,0,0,0,0,0,0,0.4065,-22.0441,5.87734,14.5219,-0.698463,-1.42348,-0.0801514,0,0,0,0,0,0,0,0,0,0,0,0,0,0,0,0,0,0,0,0,0,0,0,0,0,0,0.119204,0.338266,-0.151743,-0.0377363,0.255255,-0.111566,-0.0202604,-0.957634,0.931178,-1.35157,-0.873518,-0.397451,0.0553638,0.0798559,0
28520,0.829885,0.317627,0.905107,-2.40531,-1.62407,1.31897,0.247848,-0.00404456,-0.00561386,-0.999966,0,-0.0561183,0.9984,-0.00537808,0,0.998416,0.0560958,-0.00435322,0,0.151544,0.463332,0.261335,1,1.19824,0.328444,1.06265,-2.05584,-1.3242,0.958344,0.0122642,-0.0545653,-0.00236735,-0.000200601,0.000242019,-0.106353,0.0560407,0.000675467,0,0,0,0,0,0,0,0.192267,-22.0838,5.91304,14.5973,-0.743324,-1.42348,-0.0297974,0,0,0,0,0,0,0,0,0,0,0,0,0,0,0,0,0,0,0,0,0,0,0,0,0,0,0.273632,0.325751,0.0239965,0.0298107,0.194341,-0.0386186,-0.0191676,-1.15244,1.09265,-1.25206,-0.870862,-0.420195,0.213575,0.0798559,0
28520,0.828023,0.317625,0.905107,-2.4054,-1.62711,1.32009,0.247837,-0.00353616,-0.00491972,-0.999972,0,-0.057377,0.998332,-0.00470875,0,0.998346,0.0573599,-0.00381261,0,0.152266,0.463724,0.261455,1,1.19824,0.328444,1.06265,-2.05584,-1.3242,0.958344,0.0122642,-0.0571582,0.00109048,6.88077e-05,-0.000261922,-0.0784387,0.0192629,-0.00341619,0,0,0,0,0,0,0,0.192267,-22.1988,5.91304,14.5973,-0.734169,-1.49306,0.0599243,0,0,0,0,0,0,0,0,0,0,0,0,0,0,0,0,0,0,0,0,0,0,0,0,0,0,0.265421,0.299224,0.0880301,0.108917,0.148887,-0.0126135,-0.0198149,-1.08771,1.22235,-1.1132,-0.843224,-0.374714,0.231048,0.0798559,0
28520,0.826228,0.317621,0.905109,-2.40552,-1.62884,1.32026,0.247836,-0.00283498,-0.0045553,-0.999976,0,-0.0571343,0.998347,-0.0043859,0,0.998362,0.0571216,-0.00309062,0,0.15306,0.463765,0.261592,1,1.19824,0.328444,1.06265,-2.05584,-1.3242,0.958344,0.0122642,-0.0524696,-0.000529372,0.00173651,-0.00340306,-0.0286438,0.00255682,-0.000492483,0,0,0,0,0,0,0,0.192267,-22.1592,5.87734,14.6369,-0.734169,-1.48299,0.0196411,0,0,0,0,0,0,0,0,0,0,0,0,0,0,0,0,0,0,0,0,0,0,0,0,0,0,0.225127,0.228369,0.0799304,0.194184,0.118176,-0.0426747,-0.00546938,-1.00876,1.323,-0.990462,-0.798034,-0.372342,0.200311,0.0798559,0
28520.1,0.824571,0.317616,0.905115,-2.40558,-1.62916,1.32026,0.24783,-0.0026783,-0.00451933,-0.999977,0,-0.0557709,0.998424,-0.00436294,0,0.99844,0.055759,-0.00292618,0,0.153821,0.463557,0.261615,1,1.19824,0.328444,1.06265,-2.05584,-1.3242,0.958344,0.0122642,-0.042386,-0.00141555,3.32719e-05,-0.00133906,-0.00120508,7.43173e-05,-0.0048739,0,0,0,0,0,0,0,0.227972,-22.1195,5.83766,14.6369,-0.698463,-1.49306,0.0791503,0,0,0,0,0,0,0,0,0,0,0,0,0,0,0,0,0,0,0,0,0,0,0,0,0,0,0.0443745,0.217713,-0.0704997,0.175787,0.122643,-0.0832443,0.00346642,-0.6425,1.22119,-0.995711,-0.764701,-0.273839,0.0329772,0.0798559,0
28520.1,0.823304,0.317622,0.905109,-2.40564,-1.62916,1.32026,0.247828,-0.00268,-0.00457765,-0.999976,0,-0.0545095,0.998494,-0.00442478,0,0.99851,0.0544974,-0.00292555,0,0.154409,0.463342,0.261596,1,1.19824,0.328444,1.06265,-2.05584,-1.3242,0.958344,0.0122642,-0.0330118,0.00140066,-0.000178999,6.36793e-05,0.000307646,0.000298429,-0.00139712,0,0,0,0,0,0,0,0.299384,-22.1988,5.87734,14.5615,-0.734169,-1.49306,0.0498535,0,0,0,0,0,0,0,0,0,0,0,0,0,0,0,0,0,0,0,0,0,0,0,0,0,0,-0.0914804,0.234979,-0.230725,0.159444,0.138966,-0.109142,0.0187235,-0.359708,1.21889,-1.13544,-0.812557,-0.201645,-0.110681,0.0798559,0
28520.1,0.822646,0.317615,0.905114,-2.40563,-1.62916,1.32025,0.247812,-0.00267522,-0.00458146,-0.999976,0,-0.05385,0.99853,-0.00443077,0,0.998545,0.0538379,-0.00291805,0,0.154712,0.463242,0.261602,1,1.19824,0.328444,1.06265,-2.05584,-1.3242,0.958344,0.0122642,-0.00904169,0.000169686,0.000361488,0.000232874,-0.000182536,-0.000135757,-0.00353988,0,0,0,0,0,0,0,0.192267,-22.1195,5.83766,14.4862,-0.725013,-1.46376,0.109363,0,0,0,0,0,0,0,0,0,0,0,0,0,0,0,0,0,0,0,0,0,0,0,0,0,0,-0.326311,0.290174,-0.465854,0.0760097,0.142673,-0.128442,0.0334382,0.191202,1.08684,-1.34692,-0.860264,-0.0390641,-0.339372,0.0798559,0
28520.2,0.822573,0.31761,0.905138,-2.40563,-1.62915,1.32025,0.2478,-0.00267811,-0.00458268,-0.999976,0,-0.0537963,0.998532,-0.00443199,0,0.998548,0.0537841,-0.00292076,0,0.154736,0.463234,0.261606,1,1.19824,0.328444,1.06265,-2.05584,-1.3242,0.958344,0.0122642,0.00291444,0.000129937,0.00197462,0.000480281,5.35144e-05,0.000293612,-0.00097055,0,0,0,0,0,0,0,0.0454774,-22.1195,5.6512,14.4862,-0.752479,-1.47292,0.0892211,0,0,0,0,0,0,0,0,0,0,0,0,0,0,0,0,0,0,0,0,0,0,0,0,0,0,-0.287771,0.300317,-0.44401,0.045006,0.139451,-0.109318,0.043205,0.154958,1.0078,-1.37457,-0.842867,-0.0414349,-0.308346,0.0798559,0
28520.2,0.822699,0.317609,0.905407,-2.40563,-1.62913,1.32025,0.247769,-0.00274628,-0.00456249,-0.999976,0,-0.0541625,0.998513,-0.00440707,0,0.998528,0.0541502,-0.00298937,0,0.154555,0.463294,0.261621,1,1.19824,0.328444,1.06265,-2.05584,-1.3242,0.958344,0.0122642,0.000624299,-6.84587e-05,0.0126774,0.00111474,0.000548984,0.000452907,-0.00140562,0,0,0,0,0,0,0,-0.0616393,-22.1592,5.54012,14.4862,-0.806495,-1.48299,0.0397827,0,0,0,0,0,0,0,0,0,0,0,0,0,0,0,0,0,0,0,0,0,0,0,0,0,0,-0.335702,0.310464,-0.545882,-0.00154919,0.118129,-0.102514,0.0620468,0.384201,0.940775,-1.503,-0.864993,0.0140486,-0.37723,0.0798559,0
28520.2,0.822943,0.317591,0.905751,-2.40561,-1.62911,1.32025,0.247742,-0.00282022,-0.00449078,-0.999976,0,-0.0547044,0.998484,-0.00432979,0,0.998499,0.054692,-0.00306167,0,0.154287,0.46339,0.261655,1,0.822709,0.317612,0.905467,-2.40563,-1.62913,1.32025,0.247749,0.00850913,-0.000766471,0.00324649,0.000669938,-0.000989161,8.22739e-05,0.00100187,0,0,0,0,0,0,0,-0.930475,-21.8537,4.6078,14.2243,-0.806495,-1.53242,0.139575,0,0,0,0,0,0,0,0,0,0,0,0,0,0,0,0,0,0,0,0,0,0,0,0,0,0,-0.376592,0.287374,-0.592088,-0.0619054,0.0770248,-0.0925077,0.0886176,0.622965,0.70538,-1.48359,-0.768086,0.0819124,-0.422426,0.0798559,0
28520.3,0.823092,0.317612,0.905753,-2.40561,-1.62908,1.32025,0.247744,-0.00285324,-0.00451108,-0.999976,0,-0.0548349,0.998476,-0.00434786,0,0.998491,0.0548222,-0.00309631,0,0.154215,0.463408,0.261641,1,0.822709,0.317612,0.905467,-2.40563,-1.62913,1.32025,0.247749,-4.4488e-05,0.00226337,-0.000653584,-0.00247193,0.00175722,0.000206625,0.00201429,0,0,0,0,0,0,0,-0.859064,-22.0838,4.71889,14.2243,-0.887977,-1.59193,0.158801,0,0,0,0,0,0,0,0,0,0,0,0,0,0,0,0,0,0,0,0,0,0,0,0,0,0,-0.474489,0.347276,-0.727328,-0.222595,0.0545092,-0.100735,0.144208,0.94749,0.384687,-1.81295,-0.777516,0.15544,-0.525086,0.0798559,0
28520.3,0.823037,0.317614,0.905703,-2.4056,-1.62907,1.32024,0.247735,-0.00283753,-0.00452529,-0.999976,0,-0.054717,0.998483,-0.00436327,0,0.998498,0.0547044,-0.00308089,0,0.154265,0.463391,0.261641,1,0.822709,0.317612,0.905467,-2.40563,-1.62913,1.32025,0.247749,-0.00122544,0.000918402,0.000546951,-0.000992639,-0.000594243,0.000575367,-0.00170519,0,0,0,0,0,0,0,-0.0259338,-22.0838,5.38936,14.1489,-0.842201,-1.52327,0.239368,0,0,0,0,0,0,0,0,0,0,0,0,0,0,0,0,0,0,0,0,0,0,0,0,0,0,-0.442245,0.343678,-0.701363,-0.332741,0.0248504,-0.118493,0.185324,0.935647,0.0704413,-1.90803,-0.695283,0.119981,-0.489201,0.0798559,0
28520.3,0.823059,0.317612,0.905716,-2.4056,-1.62905,1.32024,0.247743,-0.00285038,-0.00451924,-0.999976,0,-0.0547322,0.998482,-0.00435648,0,0.998497,0.0547195,-0.00309346,0,0.15425,0.463392,0.26164,1,0.822709,0.317612,0.905467,-2.40563,-1.62913,1.32025,0.247749,-0.000676526,-0.000959521,0.00131239,0.0023821,0.000757019,-1.24224e-05,0.00242916,0,0,0,0,0,0,0,-0.244134,-22.0441,5.2029,14.1132,-0.905372,-1.52327,0.168872,0,0,0,0,0,0,0,0,0,0,0,0,0,0,0,0,0,0,0,0,0,0,0,0,0,0,-0.297516,0.322942,-0.618805,-0.377413,0.0129864,-0.11213,0.208341,0.687876,-0.0588693,-1.93985,-0.651586,0.0226052,-0.370196,0.0798559,0
28520.4,0.823065,0.317611,0.905708,-2.40559,-1.62905,1.32024,0.24774,-0.00284577,-0.00451982,-0.999976,0,-0.0547236,0.998482,-0.00435733,0,0.998497,0.0547109,-0.00308885,0,0.154251,0.463392,0.261642,1,0.822709,0.317612,0.905467,-2.40563,-1.62913,1.32025,0.247749,-0.00118586,-0.00120618,-0.00135876,-0.000759411,-0.000383539,-3.17378e-05,0.00072543,0,0,0,0,0,0,0,-0.244134,-22.0441,5.31795,14.0736,-0.887977,-1.48299,0.209155,0,0,0,0,0,0,0,0,0,0,0,0,0,0,0,0,0,0,0,0,0,0,0,0,0,0,-0.287042,0.297573,-0.584614,-0.391716,-0.0109046,-0.106283,0.218392,0.716344,-0.181172,-1.85384,-0.570299,0.0341203,-0.352185,0.0798559,0
28520.4,0.823073,0.317616,0.905717,-2.40558,-1.62904,1.32024,0.247743,-0.00285623,-0.0045134,-0.999976,0,-0.0547326,0.998482,-0.00435033,0,0.998497,0.0547199,-0.00309898,0,0.154243,0.463395,0.261641,1,0.822709,0.317612,0.905467,-2.40563,-1.62913,1.32025,0.247749,-0.000724378,3.90647e-05,0.000372406,0.00157574,0.00036358,0.000133509,0.00178234,0,0,0,0,0,0,0,-0.315546,-22.0838,5.2029,14.0022,-0.905372,-1.49306,0.168872,0,0,0,0,0,0,0,0,0,0,0,0,0,0,0,0,0,0,0,0,0,0,0,0,0,0,-0.298453,0.294019,-0.583715,-0.423377,-0.0111081,-0.0837144,0.222122,0.795858,-0.342004,-1.77547,-0.490239,0.0837044,-0.363193,0.0798559,0
28520.4,0.823075,0.317622,0.905714,-2.4056,-1.62904,1.32024,0.247742,-0.00285929,-0.00453184,-0.999976,0,-0.0547321,0.998482,-0.00436857,0,0.998497,0.0547193,-0.00310304,0,0.154243,0.46339,0.261635,1,0.823078,0.317614,0.905716,-2.40559,-1.62904,1.32023,0.247734,-5.0358e-05,0.00171691,0.000216427,-0.000929326,-0.000563913,0.000114401,0.00176971,0,0,0,0,0,0,0,-0.208429,-22.1988,5.27828,14.1886,-0.869667,-1.5132,0.178943,0,0,0,0,0,0,0,0,0,0,0,0,0,0,0,0,0,0,0,0,0,0,0,0,0,0,-0.28654,0.275632,-0.56075,-0.424449,-0.0104475,-0.0834073,0.219234,0.771177,-0.405532,-1.69071,-0.438058,0.0807777,-0.349367,0.0798559,0
28520.5,0.823096,0.317614,0.905717,-2.40559,-1.62902,1.32024,0.247733,-0.00286402,-0.00453447,-0.999976,0,-0.0547483,0.998481,-0.00437089,0,0.998496,0.0547355,-0.00310798,0,0.154232,0.463394,0.261637,1,0.823078,0.317614,0.905716,-2.40559,-1.62904,1.32023,0.247734,0.00231201,-0.000309619,-0.000712295,0.000314685,0.000951515,0.000418837,-0.00218835,0,0,0,0,0,0,0,-0.422662,-22.0838,5.24257,14.1886,-0.960304,-1.52327,0.258594,0,0,0,0,0,0,0,0,0,0,0,0,0,0,0,0,0,0,0,0,0,0,0,0,0,0,-0.274981,0.256447,-0.568572,-0.397444,-0.014723,-0.0971717,0.219427,0.741345,-0.328187,-1.69249,-0.458086,0.0534364,-0.345786,0.0798559,0
28520.5,0.823104,0.317614,0.905722,-2.40559,-1.62902,1.32024,0.247742,-0.00286858,-0.00452108,-0.999976,0,-0.0547542,0.998481,-0.00435725,0,0.998496,0.0547414,-0.00311183,0,0.154226,0.463396,0.261639,1,0.823078,0.317614,0.905716,-2.40559,-1.62904,1.32023,0.247734,-0.000156171,-0.00162898,-0.000230172,0.00187368,0.000402039,-0.000406555,0.00142133,0,0,0,0,0,0,0,-0.386957,-22.0838,5.16719,14.1132,-0.977699,-1.5132,0.168872,0,0,0,0,0,0,0,0,0,0,0,0,0,0,0,0,0,0,0,0,0,0,0,0,0,0,-0.321833,0.238245,-0.596149,-0.365854,-0.0435447,-0.109155,0.215712,0.868522,-0.24173,-1.6712,-0.474014,0.0775646,-0.383487,0.0798559,0
28520.5,0.823116,0.317616,0.905732,-2.4056,-1.62902,1.32024,0.247739,-0.00287056,-0.00453058,-0.999976,0,-0.0547789,0.998479,-0.00436655,0,0.998494,0.0547661,-0.00311443,0,0.154216,0.463397,0.261636,1,0.823078,0.317614,0.905716,-2.40559,-1.62904,1.32023,0.247734,0.000338646,0.000246026,0.0011309,-0.00165896,6.41064e-05,-0.000522852,0.00141808,0,0,0,0,0,0,0,-0.422662,-22.1195,5.09181,14.2243,-0.960304,-1.52327,0.189014,0,0,0,0,0,0,0,0,0,0,0,0,0,0,0,0,0,0,0,0,0,0,0,0,0,0,-0.390739,0.222094,-0.652338,-0.322246,-0.0672845,-0.12009,0.215463,1.0423,-0.122806,-1.6687,-0.503892,0.118971,-0.446918,0.0798553,0
28520.6,0.823108,0.317622,0.90572,-2.4056,-1.62899,1.32024,0.247728,-0.00288708,-0.00455604,-0.999976,0,-0.054741,0.998481,-0.00439118,0,0.998496,0.0547281,-0.00313216,0,0.154224,0.46339,0.261629,1,0.823078,0.317614,0.905716,-2.40559,-1.62904,1.32023,0.247734,0.000921187,-0.000574725,-0.000540166,0.000154656,0.000932233,0.00034839,-0.00101933,0,0,0,0,0,0,0,-0.315546,-22.1988,5.27828,14.2243,-1.02256,-1.55257,0.268665,0,0,0,0,0,0,0,0,0,0,0,0,0,0,0,0,0,0,0,0,0,0,0,0,0,0,-0.354086,0.221989,-0.630893,-0.333462,-0.106401,-0.113333,0.224857,1.04462,-0.0960359,-1.73556,-0.530888,0.101672,-0.412934,0.0798553,0
28520.6,0.823127,0.317622,0.90573,-2.4056,-1.62899,1.32024,0.247735,-0.00289132,-0.00455073,-0.999976,0,-0.054766,0.99848,-0.00438557,0,0.998495,0.0547531,-0.00313621,0,0.154211,0.463392,0.261628,1,0.823078,0.317614,0.905716,-2.40559,-1.62904,1.32023,0.247734,0.00183808,-0.000794728,0.000442566,0.00106769,9.30489e-07,-6.52448e-05,0.000650919,0,0,0,0,0,0,0,-0.533746,-22.1988,5.13149,14.264,-1.05918,-1.55257,0.229297,0,0,0,0,0,0,0,0,0,0,0,0,0,0,0,0,0,0,0,0,0,0,0,0,0,0,-0.374993,0.200578,-0.630711,-0.355582,-0.136936,-0.126479,0.23434,1.13146,-0.193691,-1.7063,-0.481433,0.111292,-0.423446,0.0798553,0
28520.6,0.823125,0.317627,0.90572,-2.4056,-1.62899,1.32025,0.247729,-0.00289471,-0.00456904,-0.999976,0,-0.0547533,0.998481,-0.00440371,0,0.998496,0.0547403,-0.00314054,0,0.154216,0.463388,0.261623,1,0.823078,0.317614,0.905716,-2.40559,-1.62904,1.32023,0.247734,0.00187085,0.000756568,-0.00124774,-0.00197263,0.000642931,0.00125695,-0.00166417,0,0,0,0,0,0,0,-0.458368,-22.2742,5.27828,14.3354,-1.09489,-1.56264,0.278735,0,0,0,0,0,0,0,0,0,0,0,0,0,0,0,0,0,0,0,0,0,0,0,0,0,0,-0.430139,0.137248,-0.664614,-0.285069,-0.165343,-0.143632,0.247317,1.27867,-0.13201,-1.58533,-0.429112,0.143792,-0.475205,0.0798553,0
28520.7,0.82311,0.317629,0.905715,-2.4056,-1.62898,1.32024,0.247726,-0.00289445,-0.00457053,-0.999976,0,-0.0547248,0.998482,-0.0044053,0,0.998497,0.0547118,-0.00314024,0,0.154226,0.463385,0.261624,1,0.823078,0.317614,0.905716,-2.40559,-1.62904,1.32023,0.247734,5.60268e-05,0.000317299,-0.000302662,0.000333588,0.00104715,-0.000541256,-0.000286365,0,0,0,0,0,0,0,-0.244134,-22.2742,5.35365,14.264,-1.13151,-1.52327,0.278735,0,0,0,0,0,0,0,0,0,0,0,0,0,0,0,0,0,0,0,0,0,0,0,0,0,0,-0.3581,0.115361,-0.582978,-0.268665,-0.192089,-0.1361,0.256788,1.15247,-0.122233,-1.54292,-0.402181,0.100073,-0.399604,0.0798553,0
28520.7,0.823114,0.317635,0.905723,-2.40559,-1.62898,1.32025,0.247735,-0.00290813,-0.00455967,-0.999976,0,-0.0547438,0.998481,-0.00439365,0,0.998496,0.0547307,-0.00315339,0,0.15422,0.463389,0.261621,1,0.823078,0.317614,0.905716,-2.40559,-1.62904,1.32023,0.247734,0.000332482,0.0010215,0.00108532,0.00150087,-0.000799414,0.000498987,0.00322695,0,0,0,0,0,0,0,-0.315546,-22.3893,5.24257,14.1886,-1.02256,-1.61208,0.199084,0,0,0,0,0,0,0,0,0,0,0,0,0,0,0,0,0,0,0,0,0,0,0,0,0,0,-0.309527,0.0999459,-0.542425,-0.258094,-0.206188,-0.133034,0.268238,1.06918,-0.11342,-1.5383,-0.390409,0.0677401,-0.354851,0.0536372,0
28520.7,0.82312,0.317635,0.905728,-2.4056,-1.62898,1.32024,0.247733,-0.00290279,-0.00456558,-0.999976,0,-0.054747,0.998481,-0.00439983,0,0.998496,0.054734,-0.00314839,0,0.154215,0.463388,0.261622,1,0.823078,0.317614,0.905716,-2.40559,-1.62904,1.32023,0.247734,0.000162005,0.000675984,0.000828561,-0.00338724,-0.00953155,0.000483328,0.00224247,0,0,0,0,0,0,0,-0.386957,-22.3496,5.16719,14.264,-1.06834,-1.53242,0.219226,0,0,0,0,0,0,0,0,0,0,0,0,0,0,0,0,0,0,0,0,0,0,0,0,0,0,-0.378572,0.058111,-0.609617,-0.250903,-0.202435,-0.143604,0.272871,1.24529,-0.219883,-1.41757,-0.30359,0.123692,-0.429819,0.0536372,0
28520.8,0.823117,0.31763,0.90572,-2.4056,-1.62898,1.32024,0.247729,-0.00289604,-0.00456686,-0.999976,0,-0.0547372,0.998481,-0.00440151,0,0.998497,0.0547242,-0.00314168,0,0.15422,0.463387,0.261624,1,0.823078,0.317614,0.905716,-2.40559,-1.62904,1.32023,0.247734,0.000681838,-0.000333114,-0.0011203,-0.00125015,0.000768503,0.00074483,7.14135e-06,0,0,0,0,0,0,0,-0.351251,-22.2742,5.27828,14.264,-1.05918,-1.53242,0.249438,0,0,0,0,0,0,0,0,0,0,0,0,0,0,0,0,0,0,0,0,0,0,0,0,0,0,-0.333201,0.0627611,-0.599341,-0.297614,-0.18384,-0.12103,0.274972,1.1925,-0.374492,-1.3929,-0.250978,0.124999,-0.40307,0.0536372,0
28520.8,0.823115,0.317625,0.90572,-2.4056,-1.62898,1.32024,0.247726,-0.00288874,-0.004563,-0.999976,0,-0.0547327,0.998482,-0.00439807,0,0.998497,0.0547197,-0.00313416,0,0.154222,0.463387,0.261628,1,0.823078,0.317614,0.905716,-2.40559,-1.62904,1.32023,0.247734,0.000385409,-0.00122728,0.000216643,-0.000232105,0.000713094,-9.6971e-05,-0.000821954,0,0,0,0,0,0,0,-0.315546,-22.2345,5.27828,14.2243,-1.05003,-1.48299,0.278735,0,0,0,0,0,0,0,0,0,0,0,0,0,0,0,0,0,0,0,0,0,0,0,0,0,0,-0.328726,0.0721552,-0.579653,-0.304549,-0.17205,-0.103703,0.273181,1.17721,-0.426369,-1.35239,-0.221938,0.14428,-0.394944,0.0536372,0
28520.8,0.823112,0.317628,0.905717,-2.40559,-1.62898,1.32024,0.247719,-0.00289194,-0.00457024,-0.999976,0,-0.0547282,0.998482,-0.00440514,0,0.998497,0.0547152,-0.00313773,0,0.154224,0.463387,0.261626,1,0.823078,0.317614,0.905716,-2.40559,-1.62904,1.32023,0.247734,-0.00107236,-0.00100656,-0.00132323,0.000644627,-0.000835113,0.000435899,-0.00319224,0,0,0,0,0,0,0,-0.27984,-22.2742,5.31795,14.1886,-1.05003,-1.50313,0.33916,0,0,0,0,0,0,0,0,0,0,0,0,0,0,0,0,0,0,0,0,0,0,0,0,0,0,-0.318973,0.0736422,-0.568758,-0.313593,-0.166321,-0.090786,0.274756,1.16931,-0.480146,-1.32312,-0.193739,0.156055,-0.387115,0.0536372,0
28520.9,0.823112,0.317627,0.905723,-2.40559,-1.62898,1.32024,0.247724,-0.00289198,-0.00456425,-0.999976,0,-0.0547325,0.998482,-0.00439914,0,0.998497,0.0547196,-0.00313746,0,0.154222,0.463388,0.261627,1,0.823078,0.317614,0.905716,-2.40559,-1.62904,1.32023,0.247734,-0.000909024,-0.0011032,0.000470807,0.000734279,7.71036e-05,-1.83811e-05,-0.00208189,0,0,0,0,0,0,0,-0.27984,-22.2345,5.24257,14.1886,-1.05003,-1.49306,0.298877,0,0,0,0,0,0,0,0,0,0,0,0,0,0,0,0,0,0,0,0,0,0,0,0,0,0,-0.31694,0.0796788,-0.57488,-0.315596,-0.167472,-0.0808621,0.277531,1.18767,-0.476903,-1.34075,-0.200265,0.167527,-0.389127,0.0536372,0
28520.9,0.823115,0.317632,0.905723,-2.4056,-1.62898,1.32023,0.247723,-0.00288929,-0.0045717,-0.999976,0,-0.05473,0.998482,-0.00440673,0,0.998497,0.054717,-0.00313518,0,0.154221,0.463386,0.261625,1,0.823078,0.317614,0.905716,-2.40559,-1.62904,1.32023,0.247734,-0.00142523,0.00193836,-0.00024659,0.00122821,0.000590283,-0.000581972,-0.00165395,0,0,0,0,0,0,0,-0.315546,-22.3496,5.24257,14.2243,-1.06834,-1.45369,0.308948,0,0,0,0,0,0,0,0,0,0,0,0,0,0,0,0,0,0,0,0,0,0,0,0,0,0,-0.337609,0.0938312,-0.596265,-0.334361,-0.168132,-0.074707,0.276417,1.25247,-0.504042,-1.36861,-0.207326,0.192282,-0.409318,0.0445837,0
28521,0.82312,0.317627,0.905726,-2.4056,-1.62898,1.32023,0.247721,-0.00288699,-0.00457484,-0.999976,0,-0.0547409,0.998481,-0.00440996,0,0.998496,0.0547279,-0.0031331,0,0.154218,0.463386,0.261626,1,0.823078,0.317614,0.905716,-2.40559,-1.62904,1.32023,0.247734,0.000415054,-0.00163309,0.0007642,-0.000627953,-3.37e-05,-7.67534e-05,-0.00272917,0,0,0,0,0,0,0,-0.386957,-22.2345,5.2029,14.2997,-1.05918,-1.47292,0.329089,0,0,0,0,0,0,0,0,0,0,0,0,0,0,0,0,0,0,0,0,0,0,0,0,0,0,-0.358826,0.0626076,-0.600129,-0.281947,-0.176834,-0.0685045,0.275385,1.31562,-0.446828,-1.25957,-0.174432,0.222493,-0.428972,0.0445837,0
28521,0.823122,0.317633,0.905726,-2.4056,-1.62898,1.32023,0.24773,-0.00288998,-0.0045634,-0.999976,0,-0.0547407,0.998481,-0.00439838,0,0.998496,0.0547277,-0.00313545,0,0.154217,0.463388,0.261626,1,0.823078,0.317614,0.905716,-2.40559,-1.62904,1.32023,0.247734,-0.000950256,0.000457683,-0.000398986,0.00099447,5.50882e-05,0.000235818,0.000468861,0,0,0,0,0,0,0,-0.386957,-22.3099,5.2029,14.2243,-1.05918,-1.46376,0.249438,0,0,0,0,0,0,0,0,0,0,0,0,0,0,0,0,0,0,0,0,0,0,0,0,0,0,-0.387726,0.0706289,-0.629459,-0.277362,-0.177312,-0.0608643,0.275017,1.39626,-0.424259,-1.27481,-0.188267,0.254851,-0.458766,0.0445837,0
28521,0.823123,0.317622,0.905731,-2.40559,-1.62898,1.32022,0.247726,-0.00287725,-0.00455523,-0.999976,0,-0.0547444,0.998481,-0.0043909,0,0.998496,0.0547315,-0.00312232,0,0.154215,0.46339,0.261633,1,0.823078,0.317614,0.905716,-2.40559,-1.62904,1.32023,0.247734,-0.00104239,-0.000501693,0.00093623,0.000602727,-8.74169e-05,-0.0047501,-0.00148796,0,0,0,0,0,0,0,-0.386957,-22.1988,5.13149,14.1886,-1.04087,-1.40425,0.278735,0,0,0,0,0,0,0,0,0,0,0,0,0,0,0,0,0,0,0,0,0,0,0,0,0,0,-0.40481,0.093737,-0.637754,-0.294376,-0.173719,-0.0419928,0.274341,1.45232,-0.455695,-1.29413,-0.190605,0.291817,-0.472637,0.0445837,0
28521.1,0.823125,0.31763,0.905731,-2.4056,-1.62898,1.32022,0.247735,-0.0028831,-0.00455437,-0.999976,0,-0.0547487,0.998481,-0.00438971,0,0.998496,0.0547357,-0.00312813,0,0.154213,0.463389,0.261629,1,0.823078,0.317614,0.905716,-2.40559,-1.62904,1.32023,0.247734,-0.000951856,0.00150197,0.000209107,0.00109602,0.000148527,0.00142817,0.00219408,0,0,0,0,0,0,0,-0.422662,-22.3099,5.16719,14.2243,-1.03172,-1.41432,0.199084,0,0,0,0,0,0,0,0,0,0,0,0,0,0,0,0,0,0,0,0,0,0,0,0,0,0,-0.438131,0.0977732,-0.669224,-0.284236,-0.163139,-0.0297279,0.26555,1.53499,-0.445065,-1.25634,-0.18625,0.335287,-0.508519,0.0445837,0
28521.1,0.823132,0.317622,0.905734,-2.40559,-1.62898,1.32022,0.247725,-0.00287614,-0.00455497,-0.999976,0,-0.0547579,0.99848,-0.00439066,0,0.998495,0.054745,-0.00312125,0,0.15421,0.463392,0.261633,1,0.823078,0.317614,0.905716,-2.40559,-1.62904,1.32023,0.247734,-0.000101782,-0.000815839,-0.000298767,0.00175148,0.000387897,-0.000413048,-0.00130466,0,0,0,0,0,0,0,-0.498041,-22.1988,5.13149,14.1886,-1.01432,-1.40425,0.288806,0,0,0,0,0,0,0,0,0,0,0,0,0,0,0,0,0,0,0,0,0,0,0,0,0,0,-0.460256,0.112892,-0.677466,-0.275763,-0.148213,-0.0138439,0.265438,1.56757,-0.440461,-1.2463,-0.184383,0.370135,-0.527388,0.0445837,0
28521.1,0.823136,0.317627,0.905731,-2.4056,-1.62899,1.32022,0.247725,-0.0028768,-0.00456638,-0.999976,0,-0.0547651,0.99848,-0.004402,0,0.998495,0.0547522,-0.00312257,0,0.154208,0.46339,0.261629,1,0.823078,0.317614,0.905716,-2.40559,-1.62904,1.32023,0.247734,0.00170233,-0.00137758,-0.000272357,0.000625284,-0.000321923,2.97902e-05,-0.00150419,0,0,0,0,0,0,0,-0.533746,-22.2345,5.16719,14.2997,-0.986854,-1.40425,0.288806,0,0,0,0,0,0,0,0,0,0,0,0,0,0,0,0,0,0,0,0,0,0,0,0,0,0,-0.470734,0.108532,-0.673332,-0.256663,-0.132679,-0.00734193,0.266188,1.56077,-0.445498,-1.19176,-0.158461,0.386225,-0.535514,0.0445837,0
28521.2,0.823134,0.317624,0.905734,-2.4056,-1.62899,1.32022,0.247723,-0.00287217,-0.00456763,-0.999976,0,-0.0547654,0.99848,-0.0044035,0,0.998495,0.0547525,-0.00311801,0,0.154208,0.46339,0.26163,1,0.823078,0.317614,0.905716,-2.40559,-1.62904,1.32023,0.247734,-0.00159395,-0.000816336,-0.000110439,-0.000382724,-0.000460628,-0.00077047,0.00708081,0,0,0,0,0,0,0,-0.458368,-22.1988,5.13149,14.3354,-0.977699,-1.39418,0.308948,0,0,0,0,0,0,0,0,0,0,0,0,0,0,0,0,0,0,0,0,0,0,0,0,0,0,-0.484226,0.112301,-0.688883,-0.236137,-0.119582,-0.00186729,0.268343,1.57104,-0.402678,-1.19413,-0.169343,0.400555,-0.55197,0.0445837,0
28521.2,0.823134,0.317623,0.905729,-2.40561,-1.62899,1.32021,0.247738,-0.00286149,-0.00455926,-0.999976,0,-0.0547575,0.99848,-0.00439575,0,0.998496,0.0547446,-0.00310685,0,0.154211,0.463386,0.26163,1,0.823078,0.317614,0.905716,-2.40559,-1.62904,1.32023,0.247734,0.000232153,-0.000565035,-0.000839673,-0.000413843,0.000121357,4.43014e-05,0.00414128,0,0,0,0,0,0,0,-0.458368,-22.1988,5.2029,14.4108,-0.986854,-1.33467,0.168872,0,0,0,0,0,0,0,0,0,0,0,0,0,0,0,0,0,0,0,0,0,0,0,0,0,0,-0.461021,0.117864,-0.655078,-0.19149,-0.112201,0.0228174,0.268437,1.50945,-0.304415,-1.16496,-0.183047,0.408375,-0.528162,0.0445837,0
28521.2,0.823132,0.317608,0.905739,-2.40561,-1.62899,1.3202,0.247735,-0.00284664,-0.00454755,-0.999976,0,-0.0547611,0.99848,-0.00438486,0,0.998495,0.0547484,-0.0030914,0,0.154209,0.463387,0.261639,1,0.823078,0.317614,0.905716,-2.40559,-1.62904,1.32023,0.247734,-0.000346556,0.000350378,0.000946157,-0.000439136,-9.93639e-05,-0.00120172,0.0024479,0,0,0,0,0,0,0,-0.422662,-22.0084,5.05611,14.3751,-0.968544,-1.2953,0.199084,0,0,0,0,0,0,0,0,0,0,0,0,0,0,0,0,0,0,0,0,0,0,0,0,0,0,-0.474708,0.216593,-0.697836,-0.164949,-0.103455,0.0498927,0.268391,1.51444,0.0339099,-1.49274,-0.421623,0.42105,-0.544594,0.0445864,0
28521.3,0.82314,0.317577,0.905988,-2.40561,-1.62895,1.32008,0.247471,-0.0027843,-0.00473876,-0.999975,0,-0.0549063,0.998471,-0.00457876,0,0.998488,0.0548932,-0.00304029,0,0.154105,0.463411,0.261687,1,0.82314,0.317608,0.905739,-2.40561,-1.629,1.3202,0.247727,0.00525016,0.00134104,0.0153532,0.000593469,0.00380437,-0.00809195,-0.0146057,0,0,0,0,0,0,0,0.0454774,-22.0441,5.50441,14.4108,-0.960304,-1.33467,0.099292,0,0,0,0,0,0,0,0,0,0,0,0,0,0,0,0,0,0,0,0,0,0,0,0,0,0,-0.514656,0.428006,-0.794903,-0.196256,-0.0799116,0.0650768,0.22375,1.51583,0.588343,-2.13834,-0.90472,0.408476,-0.580886,0.0445864,0
28521.3,0.823146,0.317389,0.907011,-2.4056,-1.62856,1.31995,0.247044,-0.00293795,-0.00490128,-0.999974,0,-0.0554966,0.998438,-0.0047307,0,0.998455,0.0554823,-0.00320542,0,0.153661,0.463502,0.261818,1,0.82314,0.317608,0.905739,-2.40561,-1.629,1.3202,0.247727,0.00593248,-0.00817109,0.0396845,0.00312141,0.00632529,-0.00103267,-0.00149444,0,0,0,0,0,0,0,-0.0259338,-21.8933,5.50441,14.3751,-0.887977,-1.33467,0.00957027,0,0,0,0,0,0,0,0,0,0,0,0,0,0,0,0,0,0,0,0,0,0,0,0,0,0,-0.659169,0.604438,-0.971317,-0.208547,-0.0778145,0.0228401,0.144238,1.71394,1.22372,-2.71043,-1.4082,0.408172,-0.706458,0.0445864,0
28521.3,0.823166,0.316753,0.908773,-2.40532,-1.62845,1.3199,0.24702,-0.00294257,-0.00385429,-0.999979,0,-0.0570017,0.998358,-0.00368031,0,0.99837,0.0569907,-0.0031575,0,0.152892,0.463882,0.262287,1,0.82314,0.317608,0.905739,-2.40561,-1.629,1.3202,0.247727,0.00233523,-0.0293592,0.059945,0.0145749,-0.000363696,-0.00655147,2.67534e-05,0,0,0,0,0,0,0,-0.0973449,-21.818,5.46474,14.1886,-0.897133,-1.34474,0.0690795,0,0,0,0,0,0,0,0,0,0,0,0,0,0,0,0,0,0,0,0,0,0,0,0,0,0,-0.700479,1.10517,-1.1085,-0.6595,-0.0102728,0.0419033,0.106486,1.66652,1.27805,-4.17245,-2.12412,0.35968,-0.719295,0.0445864,0
28521.4,0.823173,0.315298,0.911171,-2.40442,-1.62838,1.31964,0.247017,-0.00243107,-0.00142851,-0.999986,0,-0.0588736,0.998255,-0.00128291,0,0.998262,0.0588708,-0.00251098,0,0.151913,0.464587,0.263382,1,0.82314,0.317608,0.905739,-2.40561,-1.629,1.3202,0.247727,-0.000929953,-0.0520527,0.078718,0.0412452,0.014772,-0.0124282,0.000688014,0,0,0,0,0,0,0,0.00977179,-21.6236,5.57979,14.1886,-1.00516,-1.28523,0.0599243,0,0,0,0,0,0,0,0,0,0,0,0,0,0,0,0,0,0,0,0,0,0,0,0,0,0,-0.585764,1.51253,-1.05855,-1.12375,0.020454,0.0984075,0.0907901,1.40215,1.00593,-5.28757,-2.57723,0.268417,-0.577252,0.0445864,0
28521.4,0.823166,0.312737,0.913984,-2.40273,-1.62781,1.31932,0.246981,-0.00155056,0.00247196,-0.999986,0,-0.0604847,0.998156,0.00256122,0,0.998168,0.060489,-0.00139821,0,0.150833,0.465546,0.265174,1,0.82314,0.317608,0.905739,-2.40561,-1.629,1.3202,0.247727,-0.000507958,-0.0891906,0.0876915,0.0567339,0.0252897,-0.00793583,-0.00278016,0,0,0,0,0,0,0,0.0454774,-21.4728,5.69087,14.4108,-1.05003,-1.27516,0.189014,0,0,0,0,0,0,0,0,0,0,0,0,0,0,0,0,0,0,0,0,0,0,0,0,0,0,-0.431081,1.85098,-0.942688,-1.25377,-0.0214364,0.142368,0.094485,0.980966,1.68345,-6.4384,-3.27931,0.0908993,-0.386144,0.0445864,0
28521.4,0.823154,0.308861,0.917013,-2.40046,-1.62667,1.31898,0.246559,-0.000157357,0.00740024,-0.999963,0,-0.0616924,0.998058,0.00739585,0,0.998095,0.0616925,0.000299493,0,0.149733,0.466666,0.26767,1,0.82314,0.317608,0.905739,-2.40561,-1.629,1.3202,0.247727,-0.00112025,-0.129157,0.086372,0.066777,0.0351947,-0.00596723,-0.022246,0,0,0,0,0,0,0,0.0811829,-21.3578,5.46474,14.5219,-1.06834,-1.23579,0.0791503,0,0,0,0,0,0,0,0,0,0,0,0,0,0,0,0,0,0,0,0,0,0,0,0,0,0,-0.193997,2.0161,-0.700597,-1.20835,-0.0567542,0.190363,0.125171,0.346547,2.34279,-7.04979,-3.71147,-0.122071,-0.122479,0.0445864,0
28521.5,0.823169,0.303429,0.919932,-2.39794,-1.62574,1.31861,0.245533,0.00244704,0.0131487,-0.999901,0,-0.0629487,0.997923,0.0129686,0,0.998014,0.062912,0.00326971,0,0.148732,0.467948,0.27096,1,0.82314,0.317608,0.905739,-2.40561,-1.629,1.3202,0.247727,-8.04422e-06,-0.179173,0.0844318,0.0743113,0.0177161,-0.00493166,-0.0358969,0,0,0,0,0,0,0,0.00977179,-21.3578,5.38936,14.7837,-1.1132,-1.28523,0.109363,0,0,0,0,0,0,0,0,0,0,0,0,0,0,0,0,0,0,0,0,0,0,0,0,0,0,-0.084573,2.07175,-0.598287,-1.01486,-0.0788402,0.225587,0.135254,0.015635,3.17364,-7.31897,-4.06283,-0.231037,-0.0121589,0.0445864,0
28521.5,0.823161,0.296339,0.922452,-2.39522,-1.62491,1.31854,0.244587,0.00600786,0.0202943,-0.999766,0,-0.0640387,0.99774,0.0198683,0,0.997929,0.0639056,0.00729404,0,0.147947,0.469321,0.274976,1,0.82314,0.317608,0.905739,-2.40561,-1.629,1.3202,0.247727,-0.00105656,-0.225973,0.0656739,0.0815477,0.0327204,0.00400421,-0.0245157,0,0,0,0,0,0,0,0.0811829,-21.2824,5.35365,14.6726,-1.19468,-1.36397,0.168872,0,0,0,0,0,0,0,0,0,0,0,0,0,0,0,0,0,0,0,0,0,0,0,0,0,0,0.0726086,2.13973,-0.465126,-1.02834,-0.114779,0.223696,0.140365,-0.364744,3.5316,-7.64705,-4.32167,-0.409346,0.148337,0.0445864,0
28521.5,0.823146,0.287876,0.92447,-2.39235,-1.62323,1.31859,0.24326,0.0101098,0.0278665,-0.999551,0,-0.0640236,0.997569,0.0271637,0,0.997897,0.0637214,0.0118696,0,0.147427,0.470541,0.279504,1,0.82314,0.317608,0.905739,-2.40561,-1.629,1.3202,0.247727,0.000984629,-0.264947,0.05297,0.0883079,0.0632131,-0.000300831,-0.0535282,0,0,0,0,0,0,0,0.156561,-20.8261,5.27828,14.6726,-1.23038,-1.42348,0.178943,0,0,0,0,0,0,0,0,0,0,0,0,0,0,0,0,0,0,0,0,0,0,0,0,0,0,0.281243,1.891,-0.237694,-0.954538,-0.186964,0.166332,0.157203,-0.744243,3.31118,-7.04224,-3.98285,-0.606486,0.342802,0.044585,1
28521.6,0.823142,0.278051,0.925726,-2.38905,-1.62007,1.3188,0.23965,0.014524,0.0339878,-0.999307,0,-0.0621172,0.997513,0.033024,0,0.997963,0.0615957,0.0165994,0,0.147279,0.471531,0.284516,1,0.82314,0.317608,0.905739,-2.40561,-1.629,1.3202,0.247727,0.00178531,-0.303966,0.0245973,0.1023,0.108839,0.0133367,-0.145956,0,0,0,0,0,0,0,0.116888,-21.0166,5.09181,15.0852,-1.2844,-1.46376,0.168872,0,0,0,0,0,0,0,0,0,0,0,0,0,0,0,0,0,0,0,0,0,0,0,0,0,0,0.459585,1.9916,-0.0702404,-1.10584,-0.224282,0.126693,0.18595,-1.21126,3.40061,-7.55107,-4.23124,-0.85796,0.538082,0.044585,1
28521.6,0.823132,0.266966,0.926022,-2.38505,-1.61554,1.31927,0.231903,0.0192387,0.0369937,-0.999121,0,-0.0581283,0.997657,0.0358202,0,0.998124,0.0573891,0.0213444,0,0.147584,0.472354,0.290039,1,0.82314,0.317608,0.905739,-2.40561,-1.629,1.3202,0.247727,-0.00173052,-0.342629,0.00044023,0.126333,0.151547,0.00851826,-0.276137,0,0,0,0,0,0,0,0.263678,-21.0523,5.01643,15.3471,-1.2844,-1.45369,0.229297,0,0,0,0,0,0,0,0,0,0,0,0,0,0,0,0,0,0,0,0,0,0,0,0,0,0,0.674203,1.91862,0.157569,-1.09509,-0.22252,0.127515,0.2012,-1.70526,3.3235,-7.33627,-4.12165,-1.03276,0.74285,0.044585,1
28521.6,0.822774,0.255179,0.926,-2.38052,-1.60998,1.31943,0.220981,0.0242899,0.0375244,-0.998991,0,-0.0523372,0.997963,0.0362132,0,0.998334,0.0514058,0.0262048,0,0.148218,0.472978,0.295958,1,0.82314,0.317608,0.905739,-2.40561,-1.629,1.3202,0.247727,-0.0192708,-0.358876,0.00182853,0.133012,0.170774,0.000778265,-0.367551,0,0,0,0,0,0,0,0.55329,-20.6357,5.01643,15.1963,-1.23038,-1.43355,0.268665,0,0,0,0,0,0,0,0,0,0,0,0,0,0,0,0,0,0,0,0,0,0,0,0,0,0,0.673012,1.59736,0.213198,-0.836202,-0.223459,0.103679,0.234542,-1.66606,3.16083,-6.35382,-3.61692,-0.990315,0.714328,0.044872,1
28521.7,0.822028,0.242251,0.925982,-2.37588,-1.6041,1.31944,0.206004,0.0301191,0.0348616,-0.998929,0,-0.0457227,0.998384,0.033464,0,0.9985,0.0446667,0.031665,0,0.149015,0.473467,0.302414,1,0.82314,0.317608,0.905739,-2.40561,-1.629,1.3202,0.247727,-0.030778,-0.391724,-0.000118474,0.134591,0.170063,0.00683111,-0.464617,0,0,0,0,0,0,0,0.517584,-20.5603,4.86965,15.5692,-1.25785,-1.47292,0.229297,0,0,0,0,0,0,0,0,0,0,0,0,0,0,0,0,0,0,0,0,0,0,0,0,0,0,0.758506,1.70182,0.283864,-0.908167,-0.169207,0.0942553,0.227106,-2.00262,3.35648,-6.65516,-3.84996,-1.12441,0.795497,0.044872,1
28521.7,0.82106,0.22873,0.926005,-2.37114,-1.59858,1.31957,0.188383,0.0363592,0.0301906,-0.998873,0,-0.039152,0.99881,0.0287635,0,0.998572,0.0380628,0.0374987,0,0.149825,0.47398,0.30921,1,0.82314,0.317608,0.905739,-2.40561,-1.629,1.3202,0.247727,-0.0305021,-0.417984,0.00152162,0.143006,0.159635,0.000439526,-0.551773,0,0,0,0,0,0,0,0.335089,-20.1398,4.53243,15.9065,-1.23954,-1.49306,0.129504,0,0,0,0,0,0,0,0,0,0,0,0,0,0,0,0,0,0,0,0,0,0,0,0,0,0,0.474,1.6661,0.0972976,-0.835951,-0.144381,0.0389573,0.225632,-1.51891,3.49386,-6.47754,-3.84169,-0.964996,0.536268,0.044872,1
28521.7,0.819999,0.214004,0.926007,-2.36625,-1.59313,1.31986,0.168725,0.0431588,0.0245195,-0.998758,0,-0.0324809,0.999195,0.0231267,0,0.99854,0.031443,0.0439214,0,0.150613,0.474492,0.316588,1,0.82314,0.317608,0.905739,-2.40561,-1.629,1.3202,0.247727,-0.0323338,-0.439738,-5.98666e-05,0.140187,0.163888,0.0117163,-0.604682,0,0,0,0,0,0,0,0.370795,-20.4056,4.45705,16.0175,-1.29356,-1.52327,0.178943,0,0,0,0,0,0,0,0,0,0,0,0,0,0,0,0,0,0,0,0,0,0,0,0,0,0,0.347593,1.63452,0.0246459,-0.715217,-0.14192,-0.00260919,0.194805,-1.35903,3.92815,-6.32293,-3.96643,-0.935588,0.419415,0.044872,1
28521.8,0.81878,0.198573,0.926014,-2.36119,-1.58729,1.32042,0.148444,0.0497729,0.0187799,-0.998574,0,-0.0253841,0.999514,0.0175323,0,0.998438,0.0244757,0.0502264,0,0.151374,0.474904,0.32425,1,0.82314,0.317608,0.905739,-2.40561,-1.629,1.3202,0.247727,-0.035062,-0.464283,-0.00103524,0.148513,0.178424,0.0133848,-0.609569,0,0,0,0,0,0,0,0.55329,-20.0644,4.23488,16.1326,-1.41074,-1.57271,0.129504,0,0,0,0,0,0,0,0,0,0,0,0,0,0,0,0,0,0,0,0,0,0,0,0,0,0,0.330312,1.65856,0.0428265,-0.835329,-0.149433,-0.0422182,0.152834,-1.35255,3.87288,-6.33759,-4.03408,-0.988241,0.412485,0.044872,1
28521.8,0.817344,0.182398,0.925993,-2.35569,-1.58057,1.32107,0.128241,0.0559934,0.0138523,-0.998325,0,-0.0173013,0.999757,0.0129018,0,0.998281,0.0165502,0.0562206,0,0.152159,0.475164,0.332264,1,0.82314,0.317608,0.905739,-2.40561,-1.629,1.3202,0.247727,-0.0443358,-0.472343,-0.00289242,0.166711,0.203923,0.0231669,-0.579485,0,0,0,0,0,0,0,0.517584,-19.6836,3.97304,16.2437,-1.4556,-1.62215,0.199084,0,0,0,0,0,0,0,0,0,0,0,0,0,0,0,0,0,0,0,0,0,0,0,0,0,0,0.516649,1.21906,0.265066,-0.62585,-0.232829,-0.0918606,0.119894,-1.57527,3.40732,-5.02121,-3.33618,-1.10853,0.569808,0.044872,1
28521.8,0.815435,0.165564,0.926004,-2.35019,-1.57241,1.32226,0.109162,0.0611021,0.0101448,-0.99807,0,-0.00805604,0.999911,0.00967035,0,0.998099,0.00744976,0.0611795,0,0.153017,0.475065,0.340287,1,0.82314,0.317608,0.905739,-2.40561,-1.629,1.3202,0.247727,-0.0697193,-0.501567,0.002006,0.161687,0.268948,0.0495088,-0.548833,0,0,0,0,0,0,0,0.588995,-19.3027,3.63582,16.7277,-1.48307,-1.58278,0.0498535,0,0,0,0,0,0,0,0,0,0,0,0,0,0,0,0,0,0,0,0,0,0,0,0,0,0,0.559279,1.33374,0.338135,-0.568629,-0.296518,-0.120261,0.0965734,-1.78862,4.35694,-5.45878,-3.9136,-1.28904,0.632323,0.0452936,1
28521.9,0.812915,0.148586,0.925938,-2.34464,-1.5622,1.32446,0.091819,0.0639746,0.00781273,-0.997911,0,0.00262842,0.999955,0.00799724,0,0.997948,-0.00313461,0.0639524,0,0.154024,0.474556,0.347922,1,0.82314,0.317608,0.905739,-2.40561,-1.629,1.3202,0.247727,-0.0722807,-0.507147,-0.00747051,0.162926,0.325489,0.0765523,-0.486416,0,0,0,0,0,0,0,0.481879,-19.0726,3.26289,17.0292,-1.48307,-1.602,0.099292,0,0,0,0,0,0,0,0,0,0,0,0,0,0,0,0,0,0,0,0,0,0,0,0,0,0,0.658001,0.676263,0.537271,-0.239911,-0.33115,-0.200996,0.0627407,-1.89851,3.28572,-3.39762,-2.65218,-1.31143,0.716226,0.0452936,1
28521.9,0.809899,0.131273,0.92551,-2.33905,-1.55088,1.32816,0.0770543,0.0650189,0.00809541,-0.997842,0,0.0137228,0.999856,0.00900593,0,0.99779,-0.0142791,0.0648997,0,0.155209,0.473854,0.355296,1,0.82314,0.317608,0.905739,-2.40561,-1.629,1.3202,0.247727,-0.086582,-0.509539,-0.0242266,0.163651,0.343396,0.132992,-0.411773,0,0,0,0,0,0,0,0.660407,-19.0726,3.18752,16.9141,-1.41074,-1.66151,-0.00050053,0,0,0,0,0,0,0,0,0,0,0,0,0,0,0,0,0,0,0,0,0,0,0,0,0,0,0.999831,0.508072,0.85782,-0.25207,-0.293395,-0.19438,0.0368718,-2.62388,2.76397,-2.87295,-2.2801,-1.57188,1.02728,0.0452936,1
28521.9,0.806652,0.114177,0.924407,-2.33359,-1.53961,1.3339,0.0645348,0.0643236,0.0104073,-0.997865,0,0.0239624,0.999632,0.0119703,0,0.997641,-0.0246817,0.0640517,0,0.156553,0.473204,0.36218,1,0.82314,0.317608,0.905739,-2.40561,-1.629,1.3202,0.247727,-0.104513,-0.503011,-0.0370915,0.163505,0.322243,0.196927,-0.327304,0,0,0,0,0,0,0,0.807196,-18.7314,2.8503,17.5529,-1.5911,-1.52327,0.0297119,0,0,0,0,0,0,0,0,0,0,0,0,0,0,0,0,0,0,0,0,0,0,0,0,0,0,0.995458,0.539974,0.85733,-0.280167,-0.247147,-0.192664,0.0430594,-2.67734,2.77829,-2.9301,-2.33201,-1.58292,1.01335,0.0453921,1
28522,0.803008,0.0977099,0.922755,-2.32811,-1.52852,1.34143,0.0531092,0.0618947,0.0135552,-0.997981,0,0.033498,0.999307,0.0156508,0,0.99752,-0.0343998,0.0613989,0,0.158111,0.47266,0.368522,1,0.82314,0.317608,0.905739,-2.40561,-1.629,1.3202,0.247727,-0.108731,-0.479097,-0.0530749,0.160969,0.332402,0.221181,-0.319986,0,0,0,0,0,0,0,0.446173,-18.2355,2.14015,17.6243,-1.48307,-1.56264,0.0892211,0,0,0,0,0,0,0,0,0,0,0,0,0,0,0,0,0,0,0,0,0,0,0,0,0,0,1.25931,-0.334314,1.13369,0.0858196,-0.276045,-0.207647,0.0507712,-2.87737,0.688842,-0.321395,-0.358961,-1.56724,1.22579,0.0453921,1
28522,0.798862,0.0818089,0.921039,-2.32271,-1.51768,1.34862,0.0440138,0.0595232,0.0187515,-0.998041,0,0.0432269,0.998828,0.0213444,0,0.99729,-0.0444135,0.058644,0,0.159876,0.47196,0.374688,1,0.82314,0.317608,0.905739,-2.40561,-1.629,1.3202,0.247727,-0.128751,-0.448257,-0.0467367,0.156207,0.301004,0.208571,-0.245722,0,0,0,0,0,0,0,0.481879,-18.5767,1.88228,17.9615,-1.44645,-1.48299,0.00957027,0,0,0,0,0,0,0,0,0,0,0,0,0,0,0,0,0,0,0,0,0,0,0,0,0,0,1.07943,-0.205865,0.922692,0.0350673,-0.24351,-0.188159,0.0564195,-2.46436,0.876561,-0.606773,-0.566894,-1.39015,1.02816,0.0453921,1
28522,0.79437,0.0670632,0.919256,-2.31734,-1.50745,1.3566,0.0352397,0.0561447,0.0237418,-0.998131,0,0.0521226,0.998275,0.0266771,0,0.997061,-0.053524,0.0548114,0,0.161717,0.471401,0.380309,1,0.82314,0.317608,0.905739,-2.40561,-1.629,1.3202,0.247727,-0.136747,-0.426984,-0.0542918,0.159097,0.296491,0.23524,-0.260389,0,0,0,0,0,0,0,0.481879,-18.1958,1.65614,17.664,-1.53709,-1.36397,0.099292,0,0,0,0,0,0,0,0,0,0,0,0,0,0,0,0,0,0,0,0,0,0,0,0,0,0,1.0827,-0.29062,0.918223,0.0492999,-0.210007,-0.14308,0.0762497,-2.36287,0.393074,-0.287536,-0.222692,-1.2865,1.0166,0.0453921,1
28522.1,0.789467,0.0530512,0.917587,-2.31212,-1.49812,1.36401,0.0284174,0.0533952,0.0303331,-0.998103,0,0.0607172,0.997581,0.0335654,0,0.996726,-0.0623954,0.0514252,0,0.163685,0.470801,0.385803,1,0.82314,0.317608,0.905739,-2.40561,-1.629,1.3202,0.247727,-0.152996,-0.38577,-0.0371095,0.140593,0.251786,0.179405,-0.151301,0,0,0,0,0,0,0,0.55329,-18.1958,1.3943,18.1876,-1.44645,-1.35481,-0.00050053,0,0,0,0,0,0,0,0,0,0,0,0,0,0,0,0,0,0,0,0,0,0,0,0,0,0,0.899969,-0.59047,0.719766,0.287135,-0.25238,-0.122281,0.0599007,-1.70649,-0.158323,0.779463,0.475201,-0.971821,0.811109,0.0453921,1
28522.1,0.783916,0.0399446,0.916649,-2.30744,-1.49033,1.36971,0.0249498,0.0525974,0.0394309,-0.997827,0,0.0688954,0.996686,0.0430174,0,0.996236,-0.0710097,0.0497074,0,0.165708,0.470053,0.391226,1,0.82314,0.317608,0.905739,-2.40561,-1.629,1.3202,0.247727,-0.168286,-0.378744,-0.0234397,0.1286,0.213421,0.160527,-0.0852728,0,0,0,0,0,0,0,0.771491,-17.8904,1.28322,18.5249,-1.43821,-1.3246,0.0892211,0,0,0,0,0,0,0,0,0,0,0,0,0,0,0,0,0,0,0,0,0,0,0,0,0,0,0.718248,-0.166295,0.498327,0.199248,-0.18451,-0.0855849,0.0392814,-1.44464,1.02282,-0.224731,-0.476926,-0.8442,0.616509,0.0453921,1
28522.1,0.77806,0.0278372,0.915983,-2.30339,-1.48392,1.37528,0.0216272,0.0523101,0.0476348,-0.997485,0,0.0760568,0.995761,0.051541,0,0.99573,-0.0785631,0.0484663,0,0.167753,0.469338,0.396232,1,0.82314,0.317608,0.905739,-2.40561,-1.629,1.3202,0.247727,-0.178267,-0.336214,-0.0190759,0.105001,0.175293,0.160342,-0.103207,0,0,0,0,0,0,0,0.696112,-17.7793,1.02138,18.5249,-1.47391,-1.30446,0.0892211,0,0,0,0,0,0,0,0,0,0,0,0,0,0,0,0,0,0,0,0,0,0,0,0,0,0,0.855682,-0.730747,0.646516,0.63476,-0.201944,-0.0933568,0.080214,-1.65397,0.142924,1.33911,0.655412,-0.878268,0.748045,0.0453921,1
28522.2,0.771898,0.017017,0.915873,-2.30032,-1.47918,1.38023,0.0182428,0.052872,0.0541682,-0.997121,0,0.0821036,0.994902,0.0584011,0,0.99522,-0.0849566,0.048156,0,0.169759,0.468602,0.400681,1,0.82314,0.317608,0.905739,-2.40561,-1.629,1.3202,0.247727,-0.17096,-0.307944,0.00193134,0.0768062,0.113848,0.118268,-0.097316,0,0,0,0,0,0,0,0.156561,-17.4341,0.497697,18.6717,-1.38419,-1.43355,-0.0206421,0,0,0,0,0,0,0,0,0,0,0,0,0,0,0,0,0,0,0,0,0,0,0,0,0,0,0.673311,-0.755361,0.489032,0.730375,-0.175703,-0.117305,0.0685354,-1.34991,0.233464,1.53988,0.707247,-0.736479,0.578367,0.045679,1
28522.2,0.766459,0.00758392,0.915889,-2.29841,-1.4765,1.38339,0.0148936,0.0553198,0.0588389,-0.996724,0,0.0870167,0.99417,0.0635178,0,0.99467,-0.0902472,0.0498783,0,0.171553,0.467791,0.4047,1,0.82314,0.317608,0.905739,-2.40561,-1.629,1.3202,0.247727,-0.153516,-0.256908,-0.000716175,0.0430955,0.0549609,0.0733848,-0.0934558,0,0,0,0,0,0,0,0.263678,-17.1683,0.311234,18.8224,-1.49223,-1.37404,0.0892211,0,0,0,0,0,0,0,0,0,0,0,0,0,0,0,0,0,0,0,0,0,0,0,0,0,0,0.332127,-1.24057,0.21304,1.1322,-0.204085,-0.206322,0.0881125,-0.657253,-0.521235,3.00464,1.73377,-0.437759,0.268753,0.045679,1
28522.2,0.761746,0.000121224,0.915917,-2.29717,-1.47422,1.38572,0.0118084,0.0573031,0.0617636,-0.996435,0,0.091517,0.993548,0.0668476,0,0.994153,-0.0950232,0.0512819,0,0.173151,0.466943,0.407775,1,0.82314,0.317608,0.905739,-2.40561,-1.629,1.3202,0.247727,-0.131663,-0.191041,0.000152473,0.0302695,0.0789448,0.0687235,-0.0913407,0,0,0,0,0,0,0,0.116888,-16.9382,0.0493934,18.747,-1.58195,-1.34474,0.119434,0,0,0,0,0,0,0,0,0,0,0,0,0,0,0,0,0,0,0,0,0,0,0,0,0,0,0.267068,-1.63836,0.177787,1.10712,-0.262738,-0.257962,0.109513,-0.368584,-2.16541,3.94076,2.85759,-0.348823,0.222046,0.045679,1
28522.3,0.757738,-0.00537961,0.915903,-2.29598,-1.47059,1.38795,0.00900299,0.0570185,0.0634436,-0.996346,0,0.0964289,0.992953,0.068746,0,0.993705,-0.0999982,0.0504999,0,0.174527,0.466069,0.409746,1,0.82314,0.317608,0.905739,-2.40561,-1.629,1.3202,0.247727,-0.110639,-0.138555,-0.000652813,0.0397575,0.118917,0.0617437,-0.0744955,0,0,0,0,0,0,0,0.335089,-16.9382,0.164445,18.8978,-1.66343,-1.31453,0.109363,0,0,0,0,0,0,0,0,0,0,0,0,0,0,0,0,0,0,0,0,0,0,0,0,0,0,0.0763763,-1.45521,-0.00119768,0.710003,-0.302872,-0.275798,0.118519,0.14982,-2.68824,3.29271,2.75837,-0.19078,0.0405409,0.045679,1
28522.3,0.754436,-0.00894556,0.915908,-2.29443,-1.46546,1.3901,0.00623221,0.0542503,0.0640763,-0.99646,0,0.101799,0.992375,0.0693559,0,0.993325,-0.105203,0.0473146,0,0.175647,0.46527,0.410737,1,0.82314,0.317608,0.905739,-2.40561,-1.629,1.3202,0.247727,-0.0895753,-0.0804842,-0.00130185,0.0480297,0.182654,0.0747505,-0.0900785,0,0,0,0,0,0,0,0.263678,-16.9779,0.0493934,18.8581,-1.7266,-1.3246,0.109363,0,0,0,0,0,0,0,0,0,0,0,0,0,0,0,0,0,0,0,0,0,0,0,0,0,0,0.11296,-1.53241,0.0370275,0.585103,-0.368886,-0.278617,0.127984,0.209309,-3.28089,3.34049,3.0247,-0.217637,0.0801703,0.045679,1
28522.3,0.751819,-0.0105621,0.91591,-2.29223,-1.45803,1.39322,0.00203594,0.0474803,0.0625492,-0.996902,0,0.107571,0.991903,0.0673589,0,0.993063,-0.110439,0.0403682,0,0.176449,0.464675,0.410575,1,0.82314,0.317608,0.905739,-2.40561,-1.629,1.3202,0.247727,-0.0646072,-0.027751,0.0014808,0.0749614,0.253429,0.107311,-0.154542,0,0,0,0,0,0,0,0.263678,-17.0533,-0.0220177,18.747,-1.81632,-1.35481,0.149646,0,0,0,0,0,0,0,0,0,0,0,0,0,0,0,0,0,0,0,0,0,0,0,0,0,0,-0.0115247,-1.45964,-0.0775184,0.302938,-0.431532,-0.303893,0.130907,0.592667,-3.78324,2.98412,3.05257,-0.125053,-0.038929,0.045679,1
28522.4,0.749765,-0.010756,0.915921,-2.28935,-1.44725,1.39845,-0.00475005,0.0353854,0.0581325,-0.997672,0,0.113699,0.991581,0.0618103,0,0.992885,-0.115624,0.0284784,0,0.176855,0.464292,0.40917,1,0.82314,0.317608,0.905739,-2.40561,-1.629,1.3202,0.247727,-0.0536695,0.00811322,0.00150177,0.0880704,0.365066,0.185418,-0.217784,0,0,0,0,0,0,0,0.156561,-17.2437,-0.0973961,18.8581,-1.74491,-1.38411,0.239368,0,0,0,0,0,0,0,0,0,0,0,0,0,0,0,0,0,0,0,0,0,0,0,0,0,0,-0.182935,-1.14873,-0.231313,0.10399,-0.479262,-0.356664,0.148666,0.866437,-2.92087,1.97353,2.22673,-0.113679,-0.203686,0.045679,1
28522.4,0.74817,-0.0104738,0.915914,-2.28624,-1.43413,1.4056,-0.0120284,0.0197322,0.0532617,-0.998376,0,0.119499,0.991286,0.0552453,0,0.992638,-0.120397,0.0131958,0,0.176883,0.464059,0.40698,1,0.82314,0.317608,0.905739,-2.40561,-1.629,1.3202,0.247727,-0.0392332,0.0171221,-0.00175605,0.0914759,0.400851,0.230875,-0.202573,0,0,0,0,0,0,0,0.227972,-17.3984,0.0136879,18.8581,-1.52793,-1.3246,0.0892211,0,0,0,0,0,0,0,0,0,0,0,0,0,0,0,0,0,0,0,0,0,0,0,0,0,0,-0.341255,-0.733877,-0.367994,-0.124182,-0.406189,-0.390144,0.140812,0.951607,-1.99125,0.860492,1.30659,-0.0873879,-0.353552,0.0457014,1
28522.4,0.74681,-0.0101808,0.915922,-2.2831,-1.42107,1.41472,-0.0182217,0.00280802,0.0498682,-0.998742,0,0.123343,0.991102,0.0498335,0,0.99236,-0.123331,-0.00336794,0,0.176609,0.464243,0.404552,1,0.82314,0.317608,0.905739,-2.40561,-1.629,1.3202,0.247727,-0.0401865,0.00541842,-0.000385863,0.0929743,0.358476,0.285993,-0.165347,0,0,0,0,0,0,0,0.156561,-17.3191,-0.0973961,19.12,-1.47391,-1.15614,0.0196411,0,0,0,0,0,0,0,0,0,0,0,0,0,0,0,0,0,0,0,0,0,0,0,0,0,0,-0.231092,-0.385209,-0.253245,-0.290434,-0.274844,-0.313427,0.0730423,0.574931,-1.38727,0.169694,0.672004,-0.139291,-0.242463,0.0457014,1
28522.5,0.745743,-0.00997679,0.915925,-2.28006,-1.41074,1.42314,-0.0223715,-0.0113766,0.0487348,-0.998737,0,0.125359,0.990991,0.0469288,0,0.992046,-0.12467,-0.0173838,0,0.176251,0.464746,0.402694,1,0.82314,0.317608,0.905739,-2.40561,-1.629,1.3202,0.247727,-0.0257818,0.00470573,0.00082445,0.087741,0.254016,0.200919,-0.103082,0,0,0,0,0,0,0,0.156561,-17.3587,-0.137069,19.2707,-1.33842,-1.05727,0.0397827,0,0,0,0,0,0,0,0,0,0,0,0,0,0,0,0,0,0,0,0,0,0,0,0,0,0,-0.060793,-0.201268,-0.0849061,-0.164588,-0.120475,-0.14734,0.0212321,0.179387,-0.822607,0.135679,0.400027,-0.0980125,-0.0729113,0.0457014,1
28522.5,0.74496,-0.00988723,0.915913,-2.27788,-1.40476,1.42706,-0.024452,-0.0189009,0.0488015,-0.99862,0,0.12734,0.990782,0.0460083,0,0.991679,-0.126297,-0.0249415,0,0.176165,0.464952,0.40192,1,0.82314,0.317608,0.905739,-2.40561,-1.629,1.3202,0.247727,-0.0205992,-0.00127933,0.000672266,0.0473726,0.113135,0.0470217,-0.0377527,0,0,0,0,0,0,0,0.263678,-17.2834,-0.0220177,19.3064,-1.21207,-0.848525,0.109363,0,0,0,0,0,0,0,0,0,0,0,0,0,0,0,0,0,0,0,0,0,0,0,0,0,0,0.381359,-0.212335,0.334372,0.215811,0.00383132,0.0996834,0.0377467,-0.664773,-0.240687,0.513729,0.393239,-0.221794,0.358874,0.0457014,1
28522.5,0.744404,-0.00990014,0.915902,-2.27741,-1.40377,1.42677,-0.0255109,-0.0195697,0.04817,-0.998638,0,0.128753,0.990634,0.0452608,0,0.991483,-0.127694,-0.0255889,0,0.176414,0.464779,0.401973,1,0.82314,0.317608,0.905739,-2.40561,-1.629,1.3202,0.247727,-0.013909,-4.67565e-05,-0.00174578,-0.00464944,-0.00147137,-0.0293587,-0.0259622,0,0,0,0,0,0,0,0.263678,-17.1286,0.0890663,19.4968,-1.25785,-0.779861,0.119434,0,0,0,0,0,0,0,0,0,0,0,0,0,0,0,0,0,0,0,0,0,0,0,0,0,0,0.466242,-0.448722,0.395022,0.738226,0.0319019,0.249616,0.0879374,-0.675269,-0.0109746,1.45365,0.830276,-0.0739407,0.433859,0.0457014,1
28522.6,0.744221,-0.00986842,0.91591,-2.27806,-1.40377,1.42513,-0.0269533,-0.0185933,0.0459319,-0.998762,0,0.13008,0.990555,0.0431328,0,0.991329,-0.129119,-0.0243929,0,0.176628,0.464312,0.401944,1,0.82314,0.317608,0.905739,-2.40561,-1.629,1.3202,0.247727,0.00011165,0.000987597,-0.000305578,-0.0298662,0.000422932,-0.0446832,-0.057468,0,0,0,0,0,0,0,0.263678,-17.3587,0.0136879,19.6079,-1.32926,-0.958389,0.189014,0,0,0,0,0,0,0,0,0,0,0,0,0,0,0,0,0,0,0,0,0,0,0,0,0,0,0.187979,-0.46989,0.129948,0.894194,-0.0203698,0.192224,0.13625,-0.125257,0.466181,1.49209,0.69787,0.104752,0.16228,0.0457014,1
28522.6,0.744221,-0.00986272,0.915919,-2.27941,-1.40377,1.42404,-0.0301525,-0.0181516,0.0413141,-0.998972,0,0.130809,0.990646,0.0385929,0,0.991241,-0.129976,-0.0233865,0,0.176735,0.463792,0.401594,1,0.82314,0.317608,0.905739,-2.40561,-1.629,1.3202,0.247727,-0.000498506,0.0005954,3.95305e-06,-0.0400972,-0.000484945,-0.0188567,-0.10154,0,0,0,0,0,0,0,0.263678,-17.3587,-0.0616905,19.6833,-1.32102,-0.997756,0.109363,0,0,0,0,0,0,0,0,0,0,0,0,0,0,0,0,0,0,0,0,0,0,0,0,0,0,0.155357,-0.467681,0.072556,0.784942,-0.0372141,0.0792924,0.174764,-0.194496,0.444498,1.19699,0.586355,-0.0249081,0.116507,0.0457093,1
28522.7,0.744226,-0.00963468,0.915926,-2.28059,-1.40377,1.42399,-0.0348235,-0.0187951,0.0353599,-0.999188,0,0.130753,0.990869,0.032606,0,0.991237,-0.130036,-0.0232473,0,0.176773,0.463505,0.40107,1,0.82314,0.317608,0.905739,-2.40561,-1.629,1.3202,0.247727,0.000511968,0.011221,8.15608e-05,-0.0236908,-0.000222371,-0.000251425,-0.160691,0,0,0,0,0,0,0,0.192267,-17.3587,-0.137069,19.6436,-1.31187,-1.00783,0.109363,0,0,0,0,0,0,0,0,0,0,0,0,0,0,0,0,0,0,0,0,0,0,0,0,0,0,0.158317,-0.447005,0.0421692,0.443992,-0.0100323,0.00458992,0.168325,-0.231451,-0.458294,0.934488,0.81199,-0.0784491,0.102327,0.0457093,1
28522.7,0.744249,-0.00910386,0.915957,-2.28113,-1.40377,1.42399,-0.0419724,-0.0200665,0.0273697,-0.999414,0,0.130579,0.991125,0.0245209,0,0.991235,-0.130013,-0.0234628,0,0.176789,0.463402,0.400636,1,0.82314,0.317608,0.905739,-2.40561,-1.629,1.3202,0.247727,0.000254225,0.0142477,0.00149985,-0.0070379,-0.000249655,-0.0001247,-0.259622,0,0,0,0,0,0,0,0.0811829,-17.3587,-0.248153,19.5683,-1.31187,-0.967544,0.158801,0,0,0,0,0,0,0,0,0,0,0,0,0,0,0,0,0,0,0,0,0,0,0,0,0,0,0.187333,-0.362974,0.0424025,0.206311,0.01355,0.00984707,0.168789,-0.23504,-0.9368,0.627839,0.858272,-0.0696952,0.116477,0.0457093,1
28522.7,0.744283,-0.00856057,0.916107,-2.28137,-1.40377,1.42397,-0.0509757,-0.0216097,0.0178357,-0.999598,0,0.130229,0.991363,0.0148734,0,0.991248,-0.129858,-0.0237463,0,0.176737,0.463398,0.400311,1,0.82314,0.317608,0.905739,-2.40561,-1.629,1.3202,0.247727,0.00283502,0.0160148,0.00574199,-0.00694992,-0.000195417,0.000258088,-0.270103,0,0,0,0,0,0,0,0.0454774,-17.3191,-0.248153,19.6079,-1.32102,-0.948318,0.209155,0,0,0,0,0,0,0,0,0,0,0,0,0,0,0,0,0,0,0,0,0,0,0,0,0,0,-0.0442967,-0.245658,-0.209215,0.228243,0.0018323,0.0360075,0.188971,0.358252,-0.599249,0.442352,0.65727,0.205629,-0.125292,0.0457093,1
28522.8,0.744361,-0.00837912,0.916481,-2.28171,-1.40377,1.42394,-0.0621875,-0.0231552,0.006242,-0.999703,0,0.129556,0.991557,0.00319036,0,0.991302,-0.129446,-0.0237689,0,0.176548,0.463396,0.400108,1,0.82314,0.317608,0.905739,-2.40561,-1.629,1.3202,0.247727,-0.00102051,-0.000837368,0.0111185,-0.00869298,-0.000361477,-0.000175948,-0.364543,0,0,0,0,0,0,0,0.00977179,-17.1683,-0.323531,19.6079,-1.31187,-0.958389,0.0297119,0,0,0,0,0,0,0,0,0,0,0,0,0,0,0,0,0,0,0,0,0,0,0,0,0,0,-0.19601,0.0862297,-0.347091,0.284108,-0.00338913,0.0669339,0.173897,0.620518,0.888992,-0.265531,-0.304229,0.315036,-0.271416,0.0457132,1
28522.8,0.744565,-0.00845189,0.916928,-2.28189,-1.40377,1.42391,-0.0731145,-0.0244675,-0.00474697,-0.99968,0,0.128674,0.991646,-0.00785817,0,0.991385,-0.128827,-0.0236528,0,0.176249,0.463457,0.400079,1,0.82314,0.317608,0.905739,-2.40561,-1.629,1.3202,0.247727,0.00273468,-0.000390208,0.013203,0.00172605,-0.000560221,-0.000768032,-0.278321,0,0,0,0,0,0,0,0.00977179,-16.9025,-0.323531,19.4572,-1.29356,-0.938247,-0.100293,0,0,0,0,0,0,0,0,0,0,0,0,0,0,0,0,0,0,0,0,0,0,0,0,0,0,-0.229307,0.252856,-0.356259,0.126094,0.00482632,0.0716837,0.104146,0.673157,1.06993,-0.590372,-0.605477,0.337237,-0.293327,0.0457132,1
28522.8,0.74481,-0.00850341,0.917362,-2.28175,-1.40382,1.42391,-0.0808861,-0.025396,-0.0122909,-0.999592,0,0.127768,0.991674,-0.0154396,0,0.991479,-0.12811,-0.0236146,0,0.175928,0.463619,0.400161,1,0.82314,0.317608,0.905739,-2.40561,-1.629,1.3202,0.247727,0.00336728,-0.00172005,0.0140758,0.00490649,0.000134161,0.000165426,-0.165734,0,0,0,0,0,0,0,-0.0973449,-16.8271,-0.323531,19.1596,-1.25785,-1.00783,-0.190015,0,0,0,0,0,0,0,0,0,0,0,0,0,0,0,0,0,0,0,0,0,0,0,0,0,0,-0.128905,0.223311,-0.229725,0.0321615,0.0270041,0.0648886,-0.0175547,0.428519,0.705134,-0.319787,-0.447974,0.249043,-0.179754,0.0457132,1
28522.9,0.744969,-0.00859427,0.917695,-2.28144,-1.40386,1.42392,-0.0824418,-0.0255212,-0.0134805,-0.999574,0,0.127213,0.991726,-0.0166227,0,0.991547,-0.127586,-0.0235956,0,0.175689,0.463784,0.400318,1,0.82314,0.317608,0.905739,-2.40561,-1.629,1.3202,0.247727,0.00683611,-0.000174866,0.00917916,0.00836249,8.27874e-05,-0.000517287,-0.000294026,0,0,0,0,0,0,0,-0.13305,-16.8628,-0.323531,19.1953,-1.23954,-0.997756,-0.00050053,0,0,0,0,0,0,0,0,0,0,0,0,0,0,0,0,0,0,0,0,0,0,0,0,0,0,-0.0046181,0.241899,-0.0821022,-0.119349,0.0536632,0.0500519,-0.0768599,0.0940451,0.391325,-0.371027,-0.407842,0.103781,-0.0440848,0.0457132,1
28522.9,0.74504,-0.00872374,0.917741,-2.28099,-1.40393,1.42391,-0.0824448,-0.0254066,-0.0129437,-0.999584,0,0.127055,0.991756,-0.0160717,0,0.99157,-0.127413,-0.023553,0,0.175618,0.463921,0.400554,1,0.82314,0.317608,0.905739,-2.40561,-1.629,1.3202,0.247727,0.00123868,-0.000827289,-0.00113702,0.0102629,-0.001486,-0.000412533,-0.00210824,0,0,0,0,0,0,0,-0.0973449,-16.8628,-0.212447,19.235,-1.23954,-0.967544,0.0690795,0,0,0,0,0,0,0,0,0,0,0,0,0,0,0,0,0,0,0,0,0,0,0,0,0,0,0.191855,0.173931,0.118871,-0.0823587,0.0734426,0.0603747,-0.0185376,-0.391252,0.299487,-0.391608,-0.323978,-0.101112,0.154647,0.0457132,1
28522.9,0.7449,-0.00888745,0.917661,-2.28055,-1.40395,1.42378,-0.0824348,-0.0252372,-0.0123883,-0.999595,0,0.12736,0.991726,-0.0155063,0,0.991535,-0.127702,-0.023451,0,0.17571,0.463965,0.400808,1,0.82314,0.317608,0.905739,-2.40561,-1.629,1.3202,0.247727,-0.00860966,-0.006906,-0.00537621,0.00789441,-0.00103818,-0.0177876,0.00245877,0,0,0,0,0,0,0,0.263678,-16.8271,0.0890663,19.2707,-1.25785,-0.858596,-0.0206421,0,0,0,0,0,0,0,0,0,0,0,0,0,0,0,0,0,0,0,0,0,0,0,0,0,0,0.370391,0.205015,0.328664,-0.00615555,0.0709796,0.125609,0.0140984,-0.774734,0.671493,-0.538792,-0.511767,-0.245172,0.348558,0.0457132,1
28523,0.744569,-0.0089516,0.917432,-2.28033,-1.40395,1.42263,-0.0824382,-0.0244801,-0.0122125,-0.999616,0,0.128787,0.991545,-0.0152678,0,0.99137,-0.129114,-0.0227008,0,0.176043,0.463722,0.401073,1,0.82314,0.317608,0.905739,-2.40561,-1.629,1.3202,0.247727,-0.0109976,-0.00157902,-0.0102962,0.00432797,0.000227976,-0.0504835,0.00115547,0,0,0,0,0,0,0,0.299384,-16.9382,0.124772,19.3064,-1.26609,-0.888809,0.00957027,0,0,0,0,0,0,0,0,0,0,0,0,0,0,0,0,0,0,0,0,0,0,0,0,0,0,0.669219,0.00473064,0.659706,0.234449,0.0457211,0.201396,0.0318519,-1.35666,0.672899,-0.0345562,-0.246288,-0.465819,0.664257,0.0457132,1
28523,0.744211,-0.00892653,0.916847,-2.28038,-1.40393,1.42002,-0.0824426,-0.0228523,-0.0124813,-0.999651,0,0.131707,0.99116,-0.0153862,0,0.991025,-0.132016,-0.0210068,0,0.176663,0.4631,0.401397,1,0.82314,0.317608,0.905739,-2.40561,-1.629,1.3202,0.247727,-0.012992,0.000108912,-0.0238392,-0.0026937,0.00404601,-0.092994,0.00113517,0,0,0,0,0,0,0,0.446173,-17.1286,0.124772,19.5326,-1.35673,-0.918106,0.0196411,0,0,0,0,0,0,0,0,0,0,0,0,0,0,0,0,0,0,0,0,0,0,0,0,0,0,0.883622,-0.0836105,0.86157,0.293274,0.0277595,0.227286,0.0384612,-1.76884,0.61226,0.114084,-0.14435,-0.647956,0.872476,0.0457132,1
28523,0.743524,-0.00885816,0.91586,-2.28038,-1.4039,1.41678,-0.0824566,-0.0208743,-0.012773,-0.999691,0,0.135828,0.990602,-0.0154931,0,0.990512,-0.136112,-0.0189435,0,0.177664,0.462257,0.40181,1,0.82314,0.317608,0.905739,-2.40561,-1.629,1.3202,0.247727,-0.0301763,0.00228788,-0.0367288,0.000811382,-0.000340389,-0.0977265,-0.00244949,0,0,0,0,0,0,0,0.588995,-17.2834,0.311234,19.3818,-1.38419,-0.848525,0.0892211,0,0,0,0,0,0,0,0,0,0,0,0,0,0,0,0,0,0,0,0,0,0,0,0,0,0,1.11852,-0.293041,1.03216,0.2865,-0.0102521,0.229495,0.0574636,-2.11582,-0.110058,0.481946,0.342863,-0.821668,1.07574,0.0459378,1
28523.1,0.741878,-0.00884863,0.914603,-2.28035,-1.40388,1.41342,-0.0824917,-0.0187972,-0.0130222,-0.999729,0,0.141252,0.989842,-0.0155493,0,0.989795,-0.141509,-0.0167671,0,0.179231,0.461174,0.402276,1,0.82314,0.317608,0.905739,-2.40561,-1.629,1.3202,0.247727,-0.0657688,0.00182132,-0.0364986,0.00174225,0.000382185,-0.111796,-0.000189646,0,0,0,0,0,0,0,0.55329,-17.3587,0.20015,19.2707,-1.42905,-0.809158,0.119434,0,0,0,0,0,0,0,0,0,0,0,0,0,0,0,0,0,0,0,0,0,0,0,0,0,0,1.4733,-0.378046,1.32363,0.179306,-0.0335458,0.286398,0.0839901,-2.68248,-0.696686,0.479014,0.604988,-1.0653,1.39881,0.0459378,1
28523.1,0.739047,-0.00879959,0.913004,-2.28035,-1.40387,1.40974,-0.0827758,-0.0166029,-0.0135973,-0.99976,0,0.148414,0.988788,-0.0159127,0,0.988786,-0.148645,-0.014399,0,0.181517,0.459749,0.402757,1,0.82314,0.317608,0.905739,-2.40561,-1.629,1.3202,0.247727,-0.0963017,-0.000826207,-0.057563,-0.00277167,0.000301202,-0.112941,-0.0161413,0,0,0,0,0,0,0,0.55329,-17.3191,0.164445,19.3818,-1.42905,-0.858596,0.099292,0,0,0,0,0,0,0,0,0,0,0,0,0,0,0,0,0,0,0,0,0,0,0,0,0,0,1.84481,-0.60789,1.65962,0.251401,-0.0601347,0.323877,0.117999,-3.37121,-1.22809,0.872825,1.04355,-1.36802,1.75309,0.0459378,1
28523.1,0.73498,-0.00856373,0.910935,-2.28034,-1.40386,1.40528,-0.083554,-0.0141495,-0.0148513,-0.99978,0,0.157835,0.987311,-0.0168998,0,0.987364,-0.158043,-0.0116261,0,0.184633,0.457876,0.403272,1,0.82314,0.317608,0.905739,-2.40561,-1.629,1.3202,0.247727,-0.13787,0.00613111,-0.0676974,-0.00351652,0.000510489,-0.137636,-0.0249475,0,0,0,0,0,0,0,0.517584,-17.4738,0.164445,19.3064,-1.43821,-0.928176,0.109363,0,0,0,0,0,0,0,0,0,0,0,0,0,0,0,0,0,0,0,0,0,0,0,0,0,0,2.24137,-0.782025,2.02412,0.257411,-0.0597279,0.350268,0.126143,-4.18485,-1.71166,1.14205,1.37542,-1.72113,2.1338,0.0459378,1
28523.2,0.72974,-0.00826892,0.908273,-2.28035,-1.40387,1.39901,-0.0842277,-0.0106273,-0.0162656,-0.999802,0,0.170337,0.985215,-0.0178388,0,0.985328,-0.170496,-0.00769972,0,0.188647,0.455343,0.404008,1,0.82314,0.317608,0.905739,-2.40561,-1.629,1.3202,0.247727,-0.167398,0.00879557,-0.0886505,-0.000294072,0.000148153,-0.205301,-0.0081979,0,0,0,0,0,0,0,0.696112,-17.6245,0.235856,19.3064,-1.42905,-0.888809,0.129504,0,0,0,0,0,0,0,0,0,0,0,0,0,0,0,0,0,0,0,0,0,0,0,0,0,0,2.30953,-0.720228,2.06801,0.219216,-0.0559954,0.376639,0.115737,-4.29196,-1.56214,0.995263,1.23389,-1.75878,2.18946,0.0459378,1
28523.2,0.723466,-0.00803778,0.904638,-2.28034,-1.40387,1.39239,-0.0847092,-0.00686908,-0.017541,-0.999813,0,0.185056,0.982544,-0.0185094,0,0.982704,-0.185152,-0.00350318,0,0.193549,0.452324,0.404827,1,0.82314,0.317608,0.905739,-2.40561,-1.629,1.3202,0.247727,-0.207204,0.00542244,-0.108299,0.00032233,-0.000688234,-0.181542,-0.0168562,0,0,0,0,0,0,0,0.588995,-17.6642,0.124772,19.2707,-1.41074,-0.928176,0.099292,0,0,0,0,0,0,0,0,0,0,0,0,0,0,0,0,0,0,0,0,0,0,0,0,0,0,2.51732,-0.738959,2.25534,0.18865,-0.0390308,0.402411,0.129121,-4.7441,-1.63458,0.938446,1.24898,-1.94501,2.38686,0.0459378,1
28523.2,0.715696,-0.00789029,0.900943,-2.28038,-1.40387,1.38655,-0.0853226,-0.00363412,-0.0189247,-0.999805,0,0.200679,0.979458,-0.019269,0,0.97965,-0.200714,0.000238337,0,0.199054,0.449062,0.405561,1,0.82314,0.317608,0.905739,-2.40561,-1.629,1.3202,0.247727,-0.244749,0.00147979,-0.111006,-0.000563572,0.000240459,-0.178253,-0.0152456,0,0,0,0,0,0,0,0.660407,-17.7396,0.275529,19.4968,-1.42905,-0.928176,0.0892211,0,0,0,0,0,0,0,0,0,0,0,0,0,0,0,0,0,0,0,0,0,0,0,0,0,0,1.93636,-0.585674,1.65619,0.242229,-0.04637,0.308862,0.128991,-3.57148,-0.967786,0.747681,0.883856,-1.47889,1.79664,0.0459378,1
28523.3,0.706898,-0.00785776,0.896822,-2.2804,-1.40387,1.38009,-0.0854367,0.00011792,-0.0199011,-0.999792,0,0.218136,0.975716,-0.0193961,0,0.975918,-0.218092,0.00445628,0,0.205175,0.445328,0.406444,1,0.82314,0.317608,0.905739,-2.40561,-1.629,1.3202,0.247727,-0.278982,-0.00186226,-0.131441,-0.0012466,-0.000329173,-0.194177,-0.00461252,0,0,0,0,0,0,0,0.55329,-17.6642,0.235856,19.4968,-1.4199,-1.05727,0.139575,0,0,0,0,0,0,0,0,0,0,0,0,0,0,0,0,0,0,0,0,0,0,0,0,0,0,2.2179,-0.598409,1.93011,0.330772,-0.0346564,0.325007,0.115072,-4.23976,-0.475203,0.72916,0.655996,-1.77548,2.07397,0.0459378,1
28523.3,0.697033,-0.00784824,0.891487,-2.28042,-1.40387,1.37473,-0.0859862,0.00301258,-0.0212318,-0.99976,0,0.236928,0.971313,-0.0199137,0,0.971522,-0.236816,0.00795672,0,0.212177,0.441219,0.407191,1,0.82314,0.317608,0.905739,-2.40561,-1.629,1.3202,0.247727,-0.304605,0.000800195,-0.165147,-0.00165079,-0.000248808,-0.12159,-0.0297549,0,0,0,0,0,0,0,0.660407,-17.815,0.275529,19.4572,-1.41074,-1.05727,0.209155,0,0,0,0,0,0,0,0,0,0,0,0,0,0,0,0,0,0,0,0,0,0,0,0,0,0,2.49804,-0.783406,2.21427,0.415104,-0.0191878,0.252191,0.146186,-5.06776,-0.468078,0.929568,0.763442,-2.20228,2.35608,0.0459378,1
28523.3,0.686204,-0.00782895,0.88576,-2.28054,-1.40388,1.37263,-0.0874493,0.00355552,-0.0231418,-0.999716,0,0.254529,0.966817,-0.021475,0,0.967058,-0.254385,0.00932798,0,0.219548,0.437247,0.407439,1,0.82314,0.317608,0.905739,-2.40561,-1.629,1.3202,0.247727,-0.319739,0.000951194,-0.173234,-0.0023139,8.30124e-05,-0.0242932,-0.03816,0,0,0,0,0,0,0,0.481879,-18.0451,0.164445,19.4572,-1.39243,-1.07649,0.0690795,0,0,0,0,0,0,0,0,0,0,0,0,0,0,0,0,0,0,0,0,0,0,0,0,0,0,1.7903,-0.717773,1.52976,0.470788,-0.028068,0.107029,0.144697,-3.69708,-0.153821,0.955814,0.639067,-1.67893,1.66021,0.0460264,1
28523.4,0.674521,-0.00777575,0.879212,-2.28078,-1.40393,1.37255,-0.0882765,0.0029159,-0.0242384,-0.999692,0,0.272142,0.961983,-0.0225303,0,0.962252,-0.271997,0.00940149,0,0.227493,0.433108,0.407361,1,0.82314,0.317608,0.905739,-2.40561,-1.629,1.3202,0.247727,-0.349358,0.00777921,-0.204525,-0.00597826,-0.000267496,0.00698585,-0.0168455,0,0,0,0,0,0,0,0.807196,-18.3863,0.275529,19.3818,-1.25785,-1.16621,0.119434,0,0,0,0,0,0,0,0,0,0,0,0,0,0,0,0,0,0,0,0,0,0,0,0,0,0,2.10949,-0.895431,1.82602,0.597364,0.00512369,0.147322,0.123491,-4.40266,-0.284949,1.4272,0.903719,-1.96731,1.96842,0.0460264,1
28523.4,0.66197,-0.00731176,0.872357,-2.28083,-1.40404,1.37282,-0.0885389,0.00189532,-0.0247911,-0.999681,0,0.290485,0.956589,-0.0231717,0,0.956877,-0.290355,0.00901468,0,0.235878,0.42868,0.407126,1,0.82314,0.317608,0.905739,-2.40561,-1.629,1.3202,0.247727,-0.3715,0.0192393,-0.199432,-0.00173776,-0.00830524,0.00941345,-0.000474074,0,0,0,0,0,0,0,0.624701,-18.3506,0.124772,19.235,-1.20292,-1.1067,0.129504,0,0,0,0,0,0,0,0,0,0,0,0,0,0,0,0,0,0,0,0,0,0,0,0,0,0,1.68634,-0.964394,1.41806,0.471661,0.0784382,0.0760663,0.122257,-3.70516,-1.27831,1.71817,1.46202,-1.65012,1.55371,0.0460264,1
28523.4,0.64881,-0.00640806,0.865403,-2.28075,-1.4049,1.37334,-0.088541,0.000990308,-0.0251815,-0.999673,0,0.308753,0.950838,-0.0236455,0,0.951141,-0.308634,0.00871663,0,0.244529,0.424121,0.406829,1,0.82314,0.317608,0.905739,-2.40561,-1.629,1.3202,0.247727,-0.396929,0.0325646,-0.21226,0.00524802,-0.0367382,0.0187142,0.00104265,0,0,0,0,0,0,0,0.696112,-18.6164,0.350907,18.9732,-1.18552,-1.16621,0.0892211,0,0,0,0,0,0,0,0,0,0,0,0,0,0,0,0,0,0,0,0,0,0,0,0,0,0,1.61949,-0.916569,1.32363,0.301153,0.150134,0.0539111,0.122839,-3.70972,-1.70863,1.57607,1.57822,-1.62155,1.47287,0.0460264,1
28523.5,0.634971,-0.0050307,0.858627,-2.28046,-1.40643,1.37432,-0.0885457,-4.39532e-05,-0.0255877,-0.999663,0,0.326638,0.944829,-0.0241985,0,0.945148,-0.326535,0.00831656,0,0.25335,0.419505,0.406437,1,0.82314,0.317608,0.905739,-2.40561,-1.629,1.3202,0.247727,-0.4099,0.0472388,-0.194667,0.00991599,-0.0506276,0.035552,-0.000278664,0,0,0,0,0,0,0,0.696112,-18.7314,0.20015,18.8978,-1.09489,-1.23579,0.099292,0,0,0,0,0,0,0,0,0,0,0,0,0,0,0,0,0,0,0,0,0,0,0,0,0,0,1.11195,-0.785934,0.838294,0.134407,0.197882,-0.0286942,0.124251,-2.82317,-2.02449,1.34244,1.60248,-1.23325,0.976156,0.0460264,1
28523.5,0.620662,-0.00300722,0.851817,-2.27972,-1.40818,1.37601,-0.0885433,-0.00184141,-0.0257531,-0.999657,0,0.344232,0.938546,-0.0248129,0,0.938881,-0.344167,0.00713694,0,0.262333,0.414868,0.405845,1,0.82314,0.317608,0.905739,-2.40561,-1.629,1.3202,0.247727,-0.435692,0.0649203,-0.201706,0.0273493,-0.046923,0.0518643,0.000956198,0,0,0,0,0,0,0,0.660407,-19.0329,0.311234,18.7867,-1.12235,-1.24495,0.0791503,0,0,0,0,0,0,0,0,0,0,0,0,0,0,0,0,0,0,0,0,0,0,0,0,0,0,1.4442,-0.984764,1.1545,-0.00473785,0.24266,-0.0497959,0.116868,-3.80649,-2.87056,1.63063,2.06835,-1.68327,1.29995,0.046035,1
28523.5,0.605682,-0.000328566,0.845298,-2.27844,-1.40994,1.37812,-0.0885434,-0.00435471,-0.0256163,-0.999653,0,0.361732,0.931924,-0.0254565,0,0.932271,-0.361724,0.00520805,0,0.271431,0.410174,0.405086,1,0.82314,0.317608,0.905739,-2.40561,-1.629,1.3202,0.247727,-0.438233,0.0836607,-0.188899,0.0480809,-0.0512182,0.0693759,0.000507364,0,0,0,0,0,0,0,0.4065,-19.0726,0.20015,18.6359,-1.08573,-1.25502,0.0791503,0,0,0,0,0,0,0,0,0,0,0,0,0,0,0,0,0,0,0,0,0,0,0,0,0,0,0.843062,-0.832291,0.562037,-0.179,0.242574,-0.138688,0.115847,-2.6587,-3.17795,1.35461,2.05721,-1.20591,0.70244,0.046035,1
28523.6,0.59037,0.00287157,0.838566,-2.27692,-1.4121,1.38022,-0.0885446,-0.00695558,-0.0255154,-0.999641,0,0.379375,0.92486,-0.0262464,0,0.925215,-0.379429,0.00324704,0,0.280725,0.405259,0.40423,1,0.82314,0.317608,0.905739,-2.40561,-1.629,1.3202,0.247727,-0.455116,0.0965518,-0.192484,0.0531062,-0.0624697,0.050483,0.000372663,0,0,0,0,0,0,0,0.446173,-19.4535,0.164445,18.6359,-1.02256,-1.3246,0.0892211,0,0,0,0,0,0,0,0,0,0,0,0,0,0,0,0,0,0,0,0,0,0,0,0,0,0,1.18693,-0.84297,0.899235,-0.229441,0.27976,-0.111119,0.117881,-3.51988,-3.01822,1.24365,1.93581,-1.56251,1.04212,0.046035,1
28523.6,0.574866,0.00648454,0.832185,-2.2752,-1.41444,1.38175,-0.0885479,-0.00935813,-0.0255495,-0.99962,0,0.397033,0.917392,-0.0271647,0,0.917755,-0.397144,0.00155894,0,0.289921,0.400165,0.403358,1,0.82314,0.317608,0.905739,-2.40561,-1.629,1.3202,0.247727,-0.467378,0.112309,-0.183383,0.0563604,-0.0717556,0.0464203,-0.00122895,0,0,0,0,0,0,0,0.696112,-19.5685,0.350907,18.5249,-1.03172,-1.31453,0.119434,0,0,0,0,0,0,0,0,0,0,0,0,0,0,0,0,0,0,0,0,0,0,0,0,0,0,0.89427,-0.872487,0.62297,-0.20024,0.293581,-0.165911,0.117711,-3.06814,-3.16331,1.39948,2.06766,-1.40291,0.75649,0.046035,1
28523.6,0.559023,0.0105414,0.825403,-2.27316,-1.41686,1.38237,-0.0885446,-0.0114834,-0.0256932,-0.999594,0,0.415801,0.909009,-0.0281416,0,0.909381,-0.415964,0.000244754,0,0.299376,0.394582,0.402523,1,0.82314,0.317608,0.905739,-2.40561,-1.629,1.3202,0.247727,-0.465067,0.126462,-0.186863,0.0631016,-0.0714272,0.00424317,0.000252063,0,0,0,0,0,0,0,0.624701,-19.9097,0.612748,18.5606,-1.03172,-1.24495,0.0892211,0,0,0,0,0,0,0,0,0,0,0,0,0,0,0,0,0,0,0,0,0,0,0,0,0,0,1.02815,-0.670377,0.762907,-0.398965,0.311068,-0.113921,0.115071,-3.35454,-2.92026,0.837602,1.70193,-1.44958,0.893298,0.046035,1
28523.7,0.542681,0.0148089,0.819026,-2.27078,-1.41982,1.38223,-0.088538,-0.0128606,-0.0258628,-0.999573,0,0.434702,0.9001,-0.028882,0,0.900481,-0.434896,-0.000333256,0,0.308833,0.388771,0.401895,1,0.82314,0.317608,0.905739,-2.40561,-1.629,1.3202,0.247727,-0.485456,0.126246,-0.193123,0.0777611,-0.101544,-0.00431454,0.00317431,0,0,0,0,0,0,0,0.55329,-20.1398,0.648453,18.5249,-1.02256,-1.08656,0.0297119,0,0,0,0,0,0,0,0,0,0,0,0,0,0,0,0,0,0,0,0,0,0,0,0,0,0,1.23882,-0.543805,0.954314,-0.473449,0.339229,-0.00690223,0.114185,-3.70423,-2.65049,0.552039,1.48198,-1.50435,1.09412,0.046035,1
28523.7,0.526275,0.0191417,0.812335,-2.26821,-1.42433,1.382,-0.0885489,-0.0130228,-0.0261864,-0.999563,0,0.45294,0.891051,-0.0292447,0,0.891444,-0.453131,0.00025693,0,0.318444,0.382852,0.401562,1,0.82314,0.317608,0.905739,-2.40561,-1.629,1.3202,0.247727,-0.480574,0.130411,-0.19088,0.07545,-0.163201,-0.00634969,-0.00143576,0,0,0,0,0,0,0,0.481879,-20.3302,0.612748,18.747,-0.960304,-1.12685,0.129504,0,0,0,0,0,0,0,0,0,0,0,0,0,0,0,0,0,0,0,0,0,0,0,0,0,0,0.687187,-0.307379,0.431417,-0.507561,0.34875,-0.000134731,0.11274,-2.47934,-2.5319,0.222857,1.31004,-0.906795,0.556278,0.0460402,1
28523.7,0.509344,0.023639,0.80554,-2.26522,-1.43126,1.38165,-0.0885434,-0.0113363,-0.0267107,-0.999569,0,0.470308,0.882018,-0.0289033,0,0.882427,-0.470442,0.00256348,0,0.328385,0.376886,0.401705,1,0.82314,0.317608,0.905739,-2.40561,-1.629,1.3202,0.247727,-0.501307,0.134003,-0.204231,0.0921434,-0.241915,-0.0039235,0.000231411,0,0,0,0,0,0,0,0.299384,-20.3302,0.461991,18.4098,-0.951149,-1.17628,0.0791503,0,0,0,0,0,0,0,0,0,0,0,0,0,0,0,0,0,0,0,0,0,0,0,0,0,0,1.38145,-0.398151,1.11242,-0.576654,0.429298,0.0720474,0.111557,-4.13996,-2.34464,0.243522,1.25314,-1.56696,1.24385,0.0460402,1
28523.8,0.492238,0.0281582,0.798566,-2.26197,-1.4409,1.38167,-0.0885479,-0.00777216,-0.0275506,-0.999581,0,0.486076,0.873462,-0.0278539,0,0.87388,-0.486098,0.00660313,0,0.338563,0.37103,0.402323,1,0.82314,0.317608,0.905739,-2.40561,-1.629,1.3202,0.247727,-0.510803,0.133298,-0.206591,0.0977347,-0.303728,0.000142861,-0.000670198,0,0,0,0,0,0,0,0.731818,-20.7508,0.910294,18.4495,-0.996009,-1.26509,0.119434,0,0,0,0,0,0,0,0,0,0,0,0,0,0,0,0,0,0,0,0,0,0,0,0,0,0,1.26594,-0.321663,0.998831,-0.694233,0.458063,0.00876912,0.113556,-4.10295,-2.3443,0.00239504,1.13547,-1.53663,1.13005,0.0460402,1
28523.8,0.474865,0.0328151,0.791607,-2.2582,-1.45261,1.38174,-0.0885366,-0.0026701,-0.0285757,-0.999578,0,0.500765,0.86518,-0.0260712,0,0.865577,-0.500633,0.0119998,0,0.348927,0.365213,0.403388,1,0.82314,0.317608,0.905739,-2.40561,-1.629,1.3202,0.247727,-0.500151,0.138475,-0.209013,0.119502,-0.354364,0.00374336,0.000995059,0,0,0,0,0,0,0,0.335089,-21.207,0.723832,18.5606,-0.932838,-1.34474,0.0599243,0,0,0,0,0,0,0,0,0,0,0,0,0,0,0,0,0,0,0,0,0,0,0,0,0,0,0.482645,-0.0985473,0.251432,-0.874015,0.4369,-0.137826,0.112389,-2.68581,-2.71299,-0.450017,1.05898,-0.920944,0.365919,0.0460402,1
28523.8,0.45775,0.0377803,0.784297,-2.25354,-1.46509,1.38182,-0.0885366,0.00299811,-0.0293432,-0.999555,0,0.514988,0.856861,-0.0236095,0,0.857189,-0.514698,0.0176807,0,0.359375,0.359393,0.404742,1,0.82314,0.317608,0.905739,-2.40561,-1.629,1.3202,0.247727,-0.494328,0.141409,-0.210098,0.144966,-0.369846,0.000529574,0.000684315,0,0,0,0,0,0,0,0.116888,-21.3578,0.723832,18.7113,-1.14066,-1.34474,0.0599243,0,0,0,0,0,0,0,0,0,0,0,0,0,0,0,0,0,0,0,0,0,0,0,0,0,0,0.913577,-0.187242,0.66751,-0.961977,0.417827,-0.117424,0.108695,-3.6982,-2.62008,-0.443155,0.999081,-1.37284,0.790882,0.0460402,1
28523.9,0.440749,0.0425892,0.777058,-2.24813,-1.47714,1.3818,-0.0885375,0.00881455,-0.0295507,-0.999515,0,0.529249,0.84821,-0.02041,0,0.848418,-0.528823,0.0231167,0,0.369685,0.353436,0.406379,1,0.82314,0.317608,0.905739,-2.40561,-1.629,1.3202,0.247727,-0.497073,0.132024,-0.220683,0.161339,-0.335148,-0.000331831,0.00153543,0,0,0,0,0,0,0,0.481879,-21.7029,1.09676,18.4495,-1.22123,-1.26509,0.0690795,0,0,0,0,0,0,0,0,0,0,0,0,0,0,0,0,0,0,0,0,0,0,0,0,0,0,0.749123,-0.0530381,0.50233,-0.850745,0.309648,-0.0896085,0.0922566,-2.90916,-1.92465,-0.637314,0.5982,-1.04209,0.628669,0.0460402,1
28523.9,0.423666,0.0470343,0.769541,-2.24247,-1.48778,1.38181,-0.0885409,0.0140454,-0.0293408,-0.999461,0,0.544417,0.838631,-0.0169687,0,0.838693,-0.543896,0.0277531,0,0.379914,0.346922,0.408034,1,0.82314,0.317608,0.905739,-2.40561,-1.629,1.3202,0.247727,-0.49246,0.131593,-0.214012,0.163637,-0.295074,0.00128137,-0.00047142,0,0,0,0,0,0,0,0.263678,-21.8933,0.985673,18.7867,-1.09489,-1.3246,0.099292,0,0,0,0,0,0,0,0,0,0,0,0,0,0,0,0,0,0,0,0,0,0,0,0,0,0,0.439413,-0.073864,0.227502,-0.579208,0.235726,-0.104054,0.091944,-1.98537,-1.45067,-0.418453,0.499416,-0.729654,0.335024,0.0460402,1
28523.9,0.406686,0.0512734,0.761996,-2.23705,-1.49676,1.38192,-0.0885491,0.0181603,-0.0290673,-0.999403,0,0.560163,0.828254,-0.0139107,0,0.828179,-0.559587,0.0313244,0,0.389841,0.339903,0.409403,1,0.82314,0.317608,0.905739,-2.40561,-1.629,1.3202,0.247727,-0.494156,0.118934,-0.220868,0.149718,-0.24052,0.0100204,-0.00134789,0,0,0,0,0,0,0,0.156561,-22.0441,0.870621,18.6717,-1.1489,-1.44362,0.129504,0,0,0,0,0,0,0,0,0,0,0,0,0,0,0,0,0,0,0,0,0,0,0,0,0,0,0.562763,-0.0430957,0.332854,-0.30109,0.215827,-0.131453,0.0974448,-1.79507,-0.144593,-0.466695,-0.0698643,-0.689739,0.452996,0.0460402,1
28524,0.38994,0.0549205,0.755031,-2.23251,-1.50459,1.3823,-0.0885457,0.0215718,-0.0291461,-0.999333,0,0.575458,0.81774,-0.0114279,0,0.817543,-0.574839,0.0344131,0,0.39915,0.332638,0.410505,1,0.82314,0.317608,0.905739,-2.40561,-1.629,1.3202,0.247727,-0.496237,0.101249,-0.194554,0.121249,-0.222327,0.00954271,0.000589255,0,0,0,0,0,0,0,0.481879,-22.3496,1.20784,18.9732,-1.08573,-1.41432,0.099292,0,0,0,0,0,0,0,0,0,0,0,0,0,0,0,0,0,0,0,0,0,0,0,0,0,0,-0.0876602,-0.0550366,-0.293831,0.145105,0.150006,-0.233053,0.118006,-0.0414081,0.454394,-0.188933,-0.187612,-0.0826095,-0.188078,0.0460481,1
28524,0.373355,0.0578542,0.748232,-2.22909,-1.51263,1.38247,-0.0885469,0.0254483,-0.030289,-0.999208,0,0.590285,0.807128,-0.00943285,0,0.806789,-0.589589,0.0384199,0,0.408053,0.325002,0.411603,1,0.82314,0.317608,0.905739,-2.40561,-1.629,1.3202,0.247727,-0.473111,0.0774427,-0.189602,0.0866271,-0.245875,0.00225371,-0.000927978,0,0,0,0,0,0,0,0.446173,-22.6908,1.3586,19.235,-1.05918,-1.37404,0.109363,0,0,0,0,0,0,0,0,0,0,0,0,0,0,0,0,0,0,0,0,0,0,0,0,0,0,-0.317397,0.255547,-0.510652,0.195405,0.200811,-0.232466,0.119604,0.806198,1.20251,-0.727282,-0.695874,0.43232,-0.406996,0.0460481,1
28524,0.356825,0.0602109,0.742015,-2.22682,-1.52171,1.38259,-0.0885438,0.0301073,-0.0327517,-0.999,0,0.60387,0.797031,-0.00793117,0,0.79651,-0.603039,0.0437751,0,0.416512,0.317275,0.412742,1,0.82314,0.317608,0.905739,-2.40561,-1.629,1.3202,0.247727,-0.487722,0.0563508,-0.184592,0.0549119,-0.282628,0.00260057,0.00278404,0,0,0,0,0,0,0,0.335089,-22.6908,1.28322,18.9335,-1.07749,-1.41432,0.0690795,0,0,0,0,0,0,0,0,0,0,0,0,0,0,0,0,0,0,0,0,0,0,0,0,0,0,0.105711,0.095101,-0.1135,0.415263,0.251904,-0.209904,0.117843,0.142971,1.94466,-0.385398,-0.836838,0.0846216,0.00230568,0.0460481,1
28524.1,0.34067,0.0617976,0.735855,-2.22577,-1.532,1.38329,-0.0885527,0.0354114,-0.0363848,-0.998701,0,0.615952,0.787741,-0.006859,0,0.786982,-0.614921,0.0503073,0,0.424598,0.309516,0.413933,1,0.82314,0.317608,0.905739,-2.40561,-1.629,1.3202,0.247727,-0.480749,0.0376562,-0.174718,0.0175741,-0.303459,0.0286164,-0.00225475,0,0,0,0,0,0,0,0.588995,-22.9605,1.3586,19.0089,-1.06834,-1.46376,0.149646,0,0,0,0,0,0,0,0,0,0,0,0,0,0,0,0,0,0,0,0,0,0,0,0,0,0,-0.313985,0.134163,-0.50316,0.424834,0.271538,-0.297914,0.116724,0.830664,1.57597,-0.39592,-0.687746,0.366546,-0.40402,0.0460481,1
28524.1,0.324472,0.0628339,0.729904,-2.22552,-1.54251,1.38532,-0.0885424,0.0402245,-0.0402589,-0.99837,0,0.626818,0.779129,-0.00616346,0,0.778122,-0.62556,0.0565761,0,0.432406,0.301738,0.41495,1,0.82314,0.317608,0.905739,-2.40561,-1.629,1.3202,0.247727,-0.472362,0.0253096,-0.167438,3.19214e-05,-0.306027,0.0886211,0.00173587,0,0,0,0,0,0,0,0.4065,-23.1113,1.24751,19.0843,-1.23038,-1.44362,0.0599243,0,0,0,0,0,0,0,0,0,0,0,0,0,0,0,0,0,0,0,0,0,0,0,0,0,0,-0.133602,0.0777147,-0.347658,0.223922,0.254097,-0.332519,0.115219,0.184363,1.19983,-0.475407,-0.604533,0.0803439,-0.233664,0.0460481,1
28524.1,0.30864,0.0637352,0.724276,-2.22557,-1.55189,1.38923,-0.0885479,0.0431677,-0.0433707,-0.998116,0,0.636464,0.771271,-0.00598715,0,0.770092,-0.635019,0.0608991,0,0.439788,0.294217,0.415462,1,0.82314,0.317608,0.905739,-2.40561,-1.629,1.3202,0.247727,-0.476153,0.0264209,-0.172643,-0.000552776,-0.235584,0.135827,0.00104223,0,0,0,0,0,0,0,0.660407,-23.2264,1.46968,19.1953,-1.25785,-1.46376,0.0791503,0,0,0,0,0,0,0,0,0,0,0,0,0,0,0,0,0,0,0,0,0,0,0,0,0,0,0.117178,-0.239857,-0.12124,0.259925,0.152419,-0.308644,0.110734,-0.457848,0.747533,0.102449,-0.228075,-0.390715,0.00112607,0.0460481,1
28524.2,0.292741,0.0646707,0.718819,-2.22547,-1.55843,1.39587,-0.0885511,0.0427502,-0.0443528,-0.998091,0,0.645723,0.763533,-0.00627206,0,0.762369,-0.644235,0.061282,0,0.446896,0.286746,0.415144,1,0.82314,0.317608,0.905739,-2.40561,-1.629,1.3202,0.247727,-0.454885,0.0298966,-0.146894,0.0123189,-0.163041,0.243979,-0.00113712,0,0,0,0,0,0,0,0.624701,-23.4168,1.43398,18.8224,-1.29356,-1.52327,0.119434,0,0,0,0,0,0,0,0,0,0,0,0,0,0,0,0,0,0,0,0,0,0,0,0,0,0,-0.482824,-0.288907,-0.685032,0.132371,0.0802336,-0.411416,0.108557,0.213265,-0.544536,0.216755,0.300745,-0.188753,-0.584407,0.0460481,1
28524.2,0.276509,0.0655318,0.713577,-2.225,-1.56244,1.40601,-0.0885494,0.0391445,-0.0426334,-0.998314,0,0.654194,0.756285,-0.00664615,0,0.755308,-0.652843,0.0574961,0,0.45388,0.279435,0.414083,1,0.82314,0.317608,0.905739,-2.40561,-1.629,1.3202,0.247727,-0.471968,0.0255285,-0.15558,0.0146305,-0.102116,0.325777,-0.00150389,0,0,0,0,0,0,0,0.4065,-23.4922,1.28322,18.9732,-1.25785,-1.5425,0.129504,0,0,0,0,0,0,0,0,0,0,0,0,0,0,0,0,0,0,0,0,0,0,0,0,0,0,0.297641,-0.227303,0.0503297,-0.238806,0.0880116,-0.402939,0.107752,-1.49139,0.0197974,-0.337628,-0.220396,-0.786996,0.185109,0.0460474,1
28524.2,0.26048,0.066381,0.708198,-2.22464,-1.56458,1.41926,-0.0885389,0.0327955,-0.0388898,-0.998696,0,0.661637,0.749774,-0.00746966,0,0.749101,-0.660542,0.0503211,0,0.460671,0.272306,0.412229,1,0.82314,0.317608,0.905739,-2.40561,-1.629,1.3202,0.247727,-0.476761,0.0252334,-0.154692,0.0102094,-0.0386063,0.418368,0.00418406,0,0,0,0,0,0,0,0.660407,-23.5675,1.43398,19.0089,-1.17637,-1.48299,0.00957027,0,0,0,0,0,0,0,0,0,0,0,0,0,0,0,0,0,0,0,0,0,0,0,0,0,0,0.20263,-0.545302,-0.0225244,0.0310796,0.0843739,-0.393888,0.110886,-1.47985,-0.32976,0.480791,0.270265,-1.00779,0.0909843,0.0460474,1
28524.3,0.244187,0.0674327,0.702895,-2.22464,-1.5656,1.4328,-0.0885446,0.0252684,-0.0347514,-0.999067,0,0.669505,0.742741,-0.00890233,0,0.742372,-0.668668,0.0420349,0,0.467252,0.264809,0.40991,1,0.82314,0.317608,0.905739,-2.40561,-1.629,1.3202,0.247727,-0.474073,0.0305268,-0.154043,-0.00108184,-0.0226636,0.412102,0.000897075,0,0,0,0,0,0,0,0.446173,-23.8333,1.3943,19.1953,-1.1489,-1.27516,0.0892211,0,0,0,0,0,0,0,0,0,0,0,0,0,0,0,0,0,0,0,0,0,0,0,0,0,0,0.498869,-0.706364,0.27892,0.190917,0.116987,-0.273101,0.106514,-1.94338,-0.0707491,0.941243,0.390956,-1.27676,0.384043,0.0460474,1
28524.3,0.227895,0.0685972,0.697635,-2.22466,-1.56634,1.44648,-0.0885311,0.0175049,-0.0302382,-0.99938,0,0.677318,0.735604,-0.0103934,0,0.735476,-0.676729,0.0333582,0,0.473653,0.25718,0.407456,1,0.82314,0.317608,0.905739,-2.40561,-1.629,1.3202,0.247727,-0.48531,0.0368504,-0.154753,0.000640831,-0.0209217,0.37023,0.00148964,0,0,0,0,0,0,0,0.624701,-23.8333,1.54506,19.1953,-1.06834,-1.28523,0.00957027,0,0,0,0,0,0,0,0,0,0,0,0,0,0,0,0,0,0,0,0,0,0,0,0,0,0,0.961358,-0.750983,0.713041,0.112005,0.19993,-0.123826,0.09797,-2.92477,0.119781,1.06904,0.420969,-1.63012,0.829645,0.0460474,1
28524.4,0.211426,0.0695634,0.692559,-2.22469,-1.56799,1.45881,-0.0885236,0.0112787,-0.0264444,-0.999577,0,0.685375,0.728086,-0.0115285,0,0.728096,-0.684969,0.0263367,0,0.479905,0.249274,0.405449,1,0.82314,0.317608,0.905739,-2.40561,-1.629,1.3202,0.247727,-0.488704,0.0235563,-0.143709,0.00162382,-0.0653285,0.334366,-0.00112458,0,0,0,0,0,0,0,0.588995,-23.9127,1.3943,19.235,-0.986854,-1.2953,0.0297119,0,0,0,0,0,0,0,0,0,0,0,0,0,0,0,0,0,0,0,0,0,0,0,0,0,0,0.474508,-0.11137,0.242339,-0.13381,0.287185,-0.0743352,0.0611437,-1.57757,0.21543,-0.0089726,0.0209122,-0.612496,0.357919,0.0460474,1
28524.4,0.194687,0.0701834,0.687459,-2.2247,-1.5705,1.46826,-0.0885188,0.00736693,-0.0240636,-0.999674,0,0.694756,0.719129,-0.0121906,0,0.719201,-0.694453,0.0220165,0,0.48599,0.240676,0.404172,1,0.82314,0.317608,0.905739,-2.40561,-1.629,1.3202,0.247727,-0.480209,0.00459874,-0.150861,0.000194918,-0.0788835,0.251041,0.000961895,0,0,0,0,0,0,0,0.192267,-23.7976,1.06105,19.3064,-0.951149,-1.18636,0.0297119,0,0,0,0,0,0,0,0,0,0,0,0,0,0,0,0,0,0,0,0,0,0,0,0,0,0,0.995757,0.344533,0.728766,-0.327784,0.341655,0.0480328,0.0463238,-1.71506,1.67904,-1.00609,-0.923273,-0.284738,0.875504,0.0460474,1
28524.4,0.178437,0.0702623,0.682095,-2.22493,-1.57381,1.47633,-0.0885263,0.00503513,-0.022685,-0.99972,0,0.704243,0.709835,-0.0125601,0,0.709935,-0.703996,0.0195502,0,0.491788,0.231849,0.403413,1,0.82314,0.317608,0.905739,-2.40561,-1.629,1.3202,0.247727,-0.482949,-0.00114138,-0.159927,-0.0079429,-0.121113,0.227874,-0.000932837,0,0,0,0,0,0,0,0.731818,-23.9484,1.54506,19.4572,-0.897133,-1.16621,0.0690795,0,0,0,0,0,0,0,0,0,0,0,0,0,0,0,0,0,0,0,0,0,0,0,0,0,0,0.761563,0.256975,0.506784,-0.146538,0.37318,0.0510466,0.0453898,-1.25574,1.4636,-0.638482,-0.651597,-0.179699,0.640716,0.0462215,1
28524.5,0.16228,0.0702773,0.676986,-2.22516,-1.57944,1.48236,-0.0885175,0.00511558,-0.0232527,-0.999707,0,0.713426,0.700603,-0.012645,0,0.700705,-0.713166,0.0201735,0,0.497451,0.222943,0.403356,1,0.82314,0.317608,0.905739,-2.40561,-1.629,1.3202,0.247727,-0.462935,0.0025127,-0.14543,-0.00597782,-0.201637,0.134099,0.000909028,0,0,0,0,0,0,0,0.446173,-24.1785,1.43398,19.5326,-0.860511,-1.28523,-0.0105713,0,0,0,0,0,0,0,0,0,0,0,0,0,0,0,0,0,0,0,0,0,0,0,0,0,0,0.135386,0.354552,-0.0981789,-0.141315,0.413667,-0.0446841,0.0536777,-0.340262,0.72504,-0.716822,-0.347935,0.234933,0.0218654,0.0462215,1
28524.5,0.146284,0.0703267,0.671898,-2.22529,-1.58723,1.48689,-0.0885188,0.0071158,-0.0255543,-0.999638,0,0.722197,0.691559,-0.0125378,0,0.691643,-0.721861,0.0233767,0,0.503055,0.213974,0.403881,1,0.82314,0.317608,0.905739,-2.40561,-1.629,1.3202,0.247727,-0.469434,-0.000546721,-0.150589,-0.00165554,-0.25043,0.116366,0.000362501,0,0,0,0,0,0,0,0.4065,-24.1785,1.24751,19.4572,-0.996009,-1.20558,0.0297119,0,0,0,0,0,0,0,0,0,0,0,0,0,0,0,0,0,0,0,0,0,0,0,0,0,0,0.726802,0.0735631,0.469251,-0.106757,0.378293,-0.0135296,0.0588051,-1.5073,1.23055,-0.320717,-0.446985,-0.426059,0.601299,0.0462215,1
28524.5,0.130516,0.0703603,0.667132,-2.2253,-1.59547,1.49077,-0.0885336,0.00967022,-0.0283826,-0.999541,0,0.730622,0.682657,-0.0123159,0,0.682706,-0.730182,0.0273389,0,0.5084,0.205108,0.404631,1,0.82314,0.317608,0.905739,-2.40561,-1.629,1.3202,0.247727,-0.469462,0.00537608,-0.133704,-0.00109219,-0.238341,0.0972036,-0.00103912,0,0,0,0,0,0,0,0.55329,-24.4086,1.50539,19.4572,-1.05003,-1.17628,0.119434,0,0,0,0,0,0,0,0,0,0,0,0,0,0,0,0,0,0,0,0,0,0,0,0,0,0,0.372089,-0.0161547,0.122649,-0.00274669,0.306562,-0.0366735,0.0708476,-0.922194,0.599465,-0.0699027,-0.107973,-0.304395,0.246107,0.0462215,1
28524.6,0.114577,0.0704684,0.662635,-2.22525,-1.60338,1.49372,-0.0885406,0.0122861,-0.031535,-0.999418,0,0.739503,0.67303,-0.0121455,0,0.673034,-0.738937,0.0315897,0,0.51348,0.195988,0.405437,1,0.82314,0.317608,0.905739,-2.40561,-1.629,1.3202,0.247727,-0.454377,0.00534101,-0.125175,0.00402884,-0.225178,0.0661211,-0.00204134,0,0,0,0,0,0,0,0.55329,-24.4086,1.3943,19.12,-1.07749,-1.21565,0.139575,0,0,0,0,0,0,0,0,0,0,0,0,0,0,0,0,0,0,0,0,0,0,0,0,0,0,0.143105,-0.159821,-0.0744195,0.0400349,0.228301,-0.0504199,0.0868099,-0.781161,-0.0638346,0.217002,0.244236,-0.389067,0.0285943,0.0462215,1
28524.6,0.0992706,0.0706451,0.658252,-2.22488,-1.6101,1.49574,-0.0885273,0.0147178,-0.0343733,-0.999291,0,0.748739,0.662746,-0.0117694,0,0.662693,-0.748049,0.0354915,0,0.518133,0.186918,0.406272,1,0.82314,0.317608,0.905739,-2.40561,-1.629,1.3202,0.247727,-0.441446,0.0002445,-0.134203,0.0204773,-0.178432,0.0533631,-0.00147732,0,0,0,0,0,0,0,0.588995,-24.4443,1.43398,18.9335,-0.977699,-1.21565,0.0599243,0,0,0,0,0,0,0,0,0,0,0,0,0,0,0,0,0,0,0,0,0,0,0,0,0,0,0.216539,-0.0184534,-0.0290794,-0.369202,0.221721,-0.0584351,0.0789012,-1.48112,-0.493048,-0.268132,0.223895,-0.499157,0.0934543,0.0462215,1
28524.6,0.0842019,0.0707886,0.654109,-2.22388,-1.61656,1.49741,-0.0885085,0.0175699,-0.0368913,-0.999155,0,0.757836,0.652341,-0.0107597,0,0.6522,-0.757022,0.0394199,0,0.522592,0.177997,0.40739,1,0.82314,0.317608,0.905739,-2.40561,-1.629,1.3202,0.247727,-0.438697,0.00303377,-0.112012,0.0347077,-0.204768,0.0426761,0.00077035,0,0,0,0,0,0,0,0.660407,-24.6347,1.58077,19.0089,-0.905372,-1.35481,-0.0206421,0,0,0,0,0,0,0,0,0,0,0,0,0,0,0,0,0,0,0,0,0,0,0,0,0,0,-0.26781,0.185376,-0.498773,-0.665142,0.288895,-0.160667,0.049778,-1.33796,-1.3966,-0.662566,0.456006,-0.254145,-0.382363,0.0462215,1
28524.7,0.0689015,0.0708393,0.650623,-2.22265,-1.6245,1.49845,-0.0885094,0.0216701,-0.0404407,-0.998937,0,0.766217,0.642499,-0.00938903,0,0.642208,-0.765214,0.0449102,0,0.526963,0.169269,0.408991,1,0.82314,0.317608,0.905739,-2.40561,-1.629,1.3202,0.247727,-0.451673,-0.00112811,-0.0985287,0.0355136,-0.254306,0.0234694,-0.00163152,0,0,0,0,0,0,0,0.227972,-24.5197,1.09676,19.0843,-0.996009,-1.37404,0.0599243,0,0,0,0,0,0,0,0,0,0,0,0,0,0,0,0,0,0,0,0,0,0,0,0,0,0,0.366876,0.13269,0.0925055,-0.611325,0.324722,-0.138219,0.0330676,-2.01966,-0.0851274,-0.663586,-0.100102,-0.5415,0.236044,0.0462215,1
28524.7,0.0538419,0.0708244,0.647578,-2.22172,-1.63335,1.4989,-0.0885116,0.0262399,-0.0450663,-0.99863,0,0.773946,0.633183,-0.00823821,0,0.632698,-0.772684,0.0514946,0,0.531057,0.160754,0.410737,1,0.82314,0.317608,0.905739,-2.40561,-1.629,1.3202,0.247727,-0.443273,0.0010893,-0.0852337,0.0232655,-0.260155,0.00590514,-0.00245053,0,0,0,0,0,0,0,0.517584,-24.4443,1.20784,19.1596,-1.05918,-1.36397,0.0892211,0,0,0,0,0,0,0,0,0,0,0,0,0,0,0,0,0,0,0,0,0,0,0,0,0,0,-0.0716755,0.0188658,-0.32382,-0.273734,0.285399,-0.199006,0.0358313,-0.960157,-0.375327,-0.243111,0.14958,-0.29288,-0.197177,0.0462201,1
28524.7,0.038648,0.0707822,0.644716,-2.22134,-1.64217,1.4989,-0.0885015,0.0304598,-0.0503623,-0.998257,0,0.781736,0.623548,-0.00760505,0,0.622856,-0.780156,0.0583643,0,0.534858,0.15204,0.412341,1,0.82314,0.317608,0.905739,-2.40561,-1.629,1.3202,0.247727,-0.449141,-0.000793439,-0.0762017,0.00614858,-0.251135,0.000245696,0.00113641,0,0,0,0,0,0,0,0.335089,-24.2936,1.13246,19.235,-1.06834,-1.35481,-0.0105713,0,0,0,0,0,0,0,0,0,0,0,0,0,0,0,0,0,0,0,0,0,0,0,0,0,0,0.39196,-0.109297,0.096716,-0.0154068,0.2336,-0.154933,0.0407616,-0.937163,0.745167,-0.0188358,-0.266069,-0.414556,0.247342,0.0462201,1
28524.8,0.023269,0.0708086,0.642621,-2.22133,-1.64989,1.49898,-0.088512,0.0335651,-0.0553182,-0.997895,0,0.789434,0.613775,-0.00747122,0,0.612908,-0.787536,0.0642727,0,0.538248,0.143422,0.413569,1,0.82314,0.317608,0.905739,-2.40561,-1.629,1.3202,0.247727,-0.461132,0.00189246,-0.0569883,-0.00127389,-0.201289,0.00890173,-0.00123237,0,0,0,0,0,0,0,0.771491,-24.6744,1.58077,19.3461,-1.06834,-1.47292,0.0690795,0,0,0,0,0,0,0,0,0,0,0,0,0,0,0,0,0,0,0,0,0,0,0,0,0,0,0.269295,-0.145413,-0.0439002,0.104561,0.193987,-0.209247,0.0378705,-0.498409,0.759232,0.06672,-0.285556,-0.304165,0.116153,0.0462201,1
28524.8,0.00756591,0.0708517,0.641131,-2.22136,-1.65594,1.49997,-0.0885126,0.035288,-0.0589277,-0.997629,0,0.797067,0.603829,-0.00747309,0,0.602849,-0.794928,0.0682786,0,0.541348,0.134875,0.414374,1,0.82314,0.317608,0.905739,-2.40561,-1.629,1.3202,0.247727,-0.457259,0.00142893,-0.0316376,-0.00228498,-0.160595,0.052408,-0.0025843,0,0,0,0,0,0,0,0.696112,-24.8648,1.43398,19.4968,-1.1132,-1.55257,0.0892211,0,0,0,0,0,0,0,0,0,0,0,0,0,0,0,0,0,0,0,0,0,0,0,0,0,0,-0.0842896,-0.142346,-0.385587,0.0413948,0.18801,-0.335228,0.0332459,-0.31175,0.183742,0.00836444,-0.117704,-0.23892,-0.231186,0.0462201,1
28524.8,-0.00844159,0.0708643,0.640362,-2.22136,-1.66084,1.50364,-0.0885093,0.0353831,-0.0604855,-0.997532,0,0.803549,0.595173,-0.007586,0,0.594175,-0.801313,0.0696635,0,0.544357,0.126812,0.414644,1,0.82314,0.317608,0.905739,-2.40561,-1.629,1.3202,0.247727,-0.475666,-0.000269644,-0.022491,0.000259951,-0.14692,0.15397,-0.00155381,0,0,0,0,0,0,0,0.696112,-24.7895,1.31892,19.3818,-1.13151,-1.59193,0.0599243,0,0,0,0,0,0,0,0,0,0,0,0,0,0,0,0,0,0,0,0,0,0,0,0,0,0,0.38169,-0.317729,0.0275564,-0.00648018,0.157632,-0.41108,0.0383498,-1.18399,0.896696,0.0621144,-0.489814,-0.701642,0.213854,0.0462201,1
28524.9,-0.0247859,0.0708527,0.640063,-2.22136,-1.66487,1.51164,-0.0885071,0.0333878,-0.0592761,-0.997673,0,0.808242,0.58878,-0.00793367,0,0.587892,-0.806113,0.0675688,0,0.547492,0.119363,0.41417,1,0.82314,0.317608,0.905739,-2.40561,-1.629,1.3202,0.247727,-0.486224,1.72827e-05,-0.00710741,-0.00112047,-0.114353,0.296096,-0.00198212,0,0,0,0,0,0,0,0.588995,-24.7101,1.3586,19.4215,-1.09489,-1.48299,0.0397827,0,0,0,0,0,0,0,0,0,0,0,0,0,0,0,0,0,0,0,0,0,0,0,0,0,0,-0.0119231,-0.372859,-0.351384,0.0345951,0.145229,-0.476319,0.037481,-0.867328,0.174315,0.238084,-0.159509,-0.650704,-0.176319,0.0462201,1
28524.9,-0.0416566,0.0708808,0.639923,-2.22139,-1.66856,1.52242,-0.0884945,0.0301307,-0.0564113,-0.997943,0,0.811983,0.583603,-0.00847364,0,0.582892,-0.810073,0.0633906,0,0.55075,0.112055,0.413217,1,0.82314,0.317608,0.905739,-2.40561,-1.629,1.3202,0.247727,-0.485521,0.000680687,-0.00109247,-0.00176432,-0.103758,0.32173,0.000880338,0,0,0,0,0,0,0,0.299384,-24.9799,1.17214,19.4968,-0.986854,-1.52327,-0.0206421,0,0,0,0,0,0,0,0,0,0,0,0,0,0,0,0,0,0,0,0,0,0,0,0,0,0,0.305006,-0.351015,-0.0278761,0.0442603,0.17452,-0.360563,0.0229524,-1.09795,0.709138,0.273106,-0.324488,-0.704813,0.143562,0.0462221,1
28524.9,-0.0583295,0.0709022,0.639824,-2.22166,-1.67241,1.53458,-0.0884721,0.0262961,-0.0529969,-0.998239,0,0.814872,0.57955,-0.0093028,0,0.579034,-0.813207,0.0584267,0,0.553952,0.105023,0.411993,1,0.82314,0.317608,0.905739,-2.40561,-1.629,1.3202,0.247727,-0.50046,-0.000152961,-0.00430728,-0.0175189,-0.119588,0.374808,0.00176568,0,0,0,0,0,0,0,0.842902,-24.8252,1.50539,19.6436,-0.968544,-1.40425,-0.0600098,0,0,0,0,0,0,0,0,0,0,0,0,0,0,0,0,0,0,0,0,0,0,0,0,0,0,0.613975,-0.580489,0.305626,0.271118,0.211513,-0.278641,0.0112768,-1.40316,1.25855,0.867752,-0.350712,-1.04454,0.458803,0.0462221,1
28525,-0.0750296,0.071009,0.639729,-2.22216,-1.67697,1.54718,-0.0884551,0.0223763,-0.0498422,-0.998497,0,0.817284,0.576124,-0.0104432,0,0.57579,-0.815837,0.0536278,0,0.557117,0.0980295,0.410678,1,0.82314,0.317608,0.905739,-2.40561,-1.629,1.3202,0.247727,-0.478222,0.00615678,-0.00529332,-0.0197556,-0.14316,0.370648,0.00235835,0,0,0,0,0,0,0,0.660407,-24.9402,1.54506,19.7547,-0.977699,-1.26509,-0.0700806,0,0,0,0,0,0,0,0,0,0,0,0,0,0,0,0,0,0,0,0,0,0,0,0,0,0,0.117239,-0.497411,-0.149993,0.260963,0.238513,-0.304806,0.0019354,-0.898913,0.412683,0.873003,0.0239052,-0.802993,-0.0216001,0.0462221,1
28525,-0.0919038,0.0712213,0.639662,-2.22307,-1.68263,1.55991,-0.0884114,0.0184876,-0.0474416,-0.998693,0,0.819295,0.573228,-0.0120638,0,0.573062,-0.818018,0.0494673,0,0.560235,0.0909671,0.409288,1,0.82314,0.317608,0.905739,-2.40561,-1.629,1.3202,0.247727,-0.486273,0.00631108,0.00024377,-0.0313178,-0.179887,0.340813,0.00276302,0,0,0,0,0,0,0,0.192267,-25.0156,1.20784,19.8301,-0.869667,-1.42348,-0.0902222,0,0,0,0,0,0,0,0,0,0,0,0,0,0,0,0,0,0,0,0,0,0,0,0,0,0,0.668087,-0.622245,0.365099,0.451557,0.246076,-0.157771,-0.00754112,-1.10179,1.40822,1.22416,-0.256393,-1.00297,0.509627,0.0462221,1
28525,-0.108295,0.0715382,0.639629,-2.22441,-1.6888,1.57157,-0.0882024,0.0148805,-0.0459787,-0.998822,0,0.821253,0.570375,-0.014021,0,0.570359,-0.820093,0.0462486,0,0.563074,0.0839723,0.40788,1,0.82314,0.317608,0.905739,-2.40561,-1.629,1.3202,0.247727,-0.484401,0.00872684,-0.00177648,-0.0424838,-0.176208,0.346212,0.01584,0,0,0,0,0,0,0,0.771491,-24.9402,1.50539,19.7547,-0.951149,-1.22572,-0.100293,0,0,0,0,0,0,0,0,0,0,0,0,0,0,0,0,0,0,0,0,0,0,0,0,0,0,0.410095,-0.59912,0.15191,0.499649,0.260958,-0.143277,-0.0246597,-0.761945,0.984933,1.35156,-0.0310324,-0.88122,0.270133,0.0462221,1
28525.1,-0.124595,0.0720285,0.639576,-2.22601,-1.69518,1.58203,-0.0879353,0.0114198,-0.0453002,-0.998899,0,0.823593,0.56693,-0.0162947,0,0.567055,-0.822516,0.0437839,0,0.565671,0.0767703,0.406459,1,0.82314,0.317608,0.905739,-2.40561,-1.629,1.3202,0.247727,-0.464619,0.0141081,-0.00266412,-0.0434654,-0.195442,0.274148,0.00803805,0,0,0,0,0,0,0,0.731818,-24.9799,1.3586,19.9452,-0.897133,-1.3246,-0.0700806,0,0,0,0,0,0,0,0,0,0,0,0,0,0,0,0,0,0,0,0,0,0,0,0,0,0,0.108624,-0.502284,-0.123799,0.470743,0.264748,-0.149275,-0.0326691,-0.390456,0.468938,1.26335,0.166577,-0.669772,-0.019945,0.0462221,1
28525.1,-0.140519,0.0728103,0.63952,-2.22758,-1.70197,1.59181,-0.0876103,0.00811969,-0.0451065,-0.99894,0,0.82584,0.563576,-0.0187352,0,0.563835,-0.824828,0.0418276,0,0.568137,0.069661,0.405035,1,0.82314,0.317608,0.905739,-2.40561,-1.629,1.3202,0.247727,-0.470498,0.0213723,-0.00229567,-0.0375086,-0.204164,0.305102,0.0138457,0,0,0,0,0,0,0,0.55329,-24.8648,1.43398,19.9809,-0.951149,-1.22572,-0.100293,0,0,0,0,0,0,0,0,0,0,0,0,0,0,0,0,0,0,0,0,0,0,0,0,0,0,0.513772,-0.603913,0.242057,0.432639,0.242725,-0.124416,-0.0512899,-0.948741,1.08237,1.36433,-0.111565,-0.953136,0.368033,0.0462221,1
28525.1,-0.155923,0.0737727,0.639521,-2.22889,-1.70881,1.60159,-0.0871704,0.00495203,-0.0446728,-0.99898,0,0.827735,0.560709,-0.0209709,0,0.561085,-0.826803,0.0397547,0,0.570524,0.062862,0.403619,1,0.82314,0.317608,0.905739,-2.40561,-1.629,1.3202,0.247727,-0.444012,0.034985,0.00079639,-0.0362199,-0.198256,0.265693,0.0166024,0,0,0,0,0,0,0,0.446173,-24.9402,1.3586,19.9809,-0.842201,-1.31453,-0.0902222,0,0,0,0,0,0,0,0,0,0,0,0,0,0,0,0,0,0,0,0,0,0,0,0,0,0,-0.0190369,-0.493079,-0.246773,0.506805,0.223288,-0.182357,-0.0580013,-0.0695259,0.319288,1.28609,0.169315,-0.558704,-0.144598,0.0462215,1
28525.2,-0.171108,0.0750104,0.639516,-2.22987,-1.71582,1.61075,-0.0865338,0.00222207,-0.0443194,-0.999005,0,0.829713,0.557704,-0.0228962,0,0.558174,-0.828853,0.0380124,0,0.57285,0.0560862,0.402299,1,0.82314,0.317608,0.905739,-2.40561,-1.629,1.3202,0.247727,-0.446812,0.0393442,0.00487176,-0.0224551,-0.215116,0.279182,0.02073,0,0,0,0,0,0,0,-0.0259338,-24.8252,1.17214,19.9055,-0.878822,-1.27516,-0.0398682,0,0,0,0,0,0,0,0,0,0,0,0,0,0,0,0,0,0,0,0,0,0,0,0,0,0,0.356016,-0.429128,0.104084,0.38452,0.264522,-0.11905,-0.0739851,-0.497324,0.979786,1.11978,-0.124704,-0.628385,0.221687,0.0462208,1
28525.2,-0.185557,0.0764844,0.639499,-2.23077,-1.7236,1.61938,-0.0853931,0.000201095,-0.0443583,-0.999006,0,0.831223,0.555382,-0.024493,0,0.555928,-0.830408,0.0369841,0,0.575107,0.0496676,0.401058,1,0.82314,0.317608,0.905739,-2.40561,-1.629,1.3202,0.247727,-0.424689,0.045822,-0.00123107,-0.0215161,-0.233706,0.219707,0.0367624,0,0,0,0,0,0,0,0.517584,-24.8252,1.3943,19.7944,-0.842201,-1.37404,-0.100293,0,0,0,0,0,0,0,0,0,0,0,0,0,0,0,0,0,0,0,0,0,0,0,0,0,0,0.162239,-0.37847,-0.06373,0.347591,0.287431,-0.152031,-0.0812229,-0.378066,0.687217,1.05917,-0.0212076,-0.542966,0.0401603,0.0462208,1
28525.2,-0.199648,0.0780465,0.639497,-2.2318,-1.73162,1.62715,-0.0839896,-0.00144569,-0.044874,-0.998982,0,0.832785,0.552966,-0.0260443,0,0.553583,-0.831991,0.0365717,0,0.577185,0.0433024,0.399861,1,0.82314,0.317608,0.905739,-2.40561,-1.629,1.3202,0.247727,-0.391464,0.0453332,-0.00434939,-0.0355557,-0.241929,0.246247,0.0392337,0,0,0,0,0,0,0,0.517584,-24.8648,1.43398,19.8698,-0.734169,-1.28523,-0.049939,0,0,0,0,0,0,0,0,0,0,0,0,0,0,0,0,0,0,0,0,0,0,0,0,0,0,-0.143531,-0.419529,-0.313704,0.572074,0.296774,-0.216866,-0.088001,0.326145,0.440929,1.28045,0.113996,-0.36646,-0.241375,0.0462208,1
28525.3,-0.213258,0.0794701,0.639481,-2.23317,-1.7408,1.63598,-0.0816978,-0.00253298,-0.0452398,-0.998963,0,0.833209,0.552275,-0.0271234,0,0.55294,-0.83243,0.036296,0,0.579287,0.0374072,0.398601,1,0.82314,0.317608,0.905739,-2.40561,-1.629,1.3202,0.247727,-0.399795,0.0403747,-0.000127119,-0.0448766,-0.301746,0.256262,0.0817935,0,0,0,0,0,0,0,0.624701,-24.8648,1.50539,19.7547,-0.707618,-1.2953,-0.210156,0,0,0,0,0,0,0,0,0,0,0,0,0,0,0,0,0,0,0,0,0,0,0,0,0,0,0.233169,-0.183711,0.0189099,0.411317,0.331678,-0.163148,-0.106697,0.349591,1.30245,0.739153,-0.339787,-0.0852684,0.122319,0.0462208,1
28525.3,-0.226724,0.080643,0.639474,-2.23515,-1.75195,1.64383,-0.0794121,-0.00297526,-0.0477311,-0.998846,0,0.833226,0.552162,-0.0288677,0,0.552913,-0.832366,0.0381287,0,0.581277,0.0315353,0.397627,1,0.82314,0.317608,0.905739,-2.40561,-1.629,1.3202,0.247727,-0.38234,0.023462,-0.00396128,-0.0658453,-0.334984,0.234193,0.0589363,0,0,0,0,0,0,0,0.55329,-24.8252,1.46968,19.7944,-0.79734,-1.22572,-0.139661,0,0,0,0,0,0,0,0,0,0,0,0,0,0,0,0,0,0,0,0,0,0,0,0,0,0,0.0454808,0.0437842,-0.156374,0.346883,0.335758,-0.179918,-0.130982,0.941536,1.15175,0.338105,-0.364293,0.36011,-0.0545779,0.0462208,1
28525.3,-0.239885,0.0812891,0.639463,-2.23762,-1.76341,1.65266,-0.0768189,-0.00344301,-0.0500189,-0.998733,0,0.832538,0.553106,-0.0305709,0,0.553945,-0.831604,0.039739,0,0.583148,0.0259653,0.396618,1,0.82314,0.317608,0.905739,-2.40561,-1.629,1.3202,0.247727,-0.390481,0.0100786,-0.00186294,-0.0802655,-0.330536,0.267924,0.0849293,0,0,0,0,0,0,0,0.624701,-24.9005,1.62044,19.7944,-0.842201,-1.34474,-0.159802,0,0,0,0,0,0,0,0,0,0,0,0,0,0,0,0,0,0,0,0,0,0,0,0,0,0,0.228491,0.0191057,-0.0100471,0.344361,0.27919,-0.154312,-0.154395,0.915216,1.39791,0.350052,-0.504674,0.341128,0.112822,0.0462208,1
28525.4,-0.252772,0.0815279,0.639464,-2.24051,-1.77383,1.66125,-0.0729195,-0.00323444,-0.051246,-0.998671,0,0.832148,0.553663,-0.0311059,0,0.554532,-0.831159,0.0408543,0,0.584668,0.0204012,0.395497,1,0.82314,0.317608,0.905739,-2.40561,-1.629,1.3202,0.247727,-0.359194,0.00179536,-0.00354197,-0.0854274,-0.280191,0.248387,0.136019,0,0,0,0,0,0,0,0.696112,-24.8252,1.62044,19.9452,-0.960304,-1.35481,-0.139661,0,0,0,0,0,0,0,0,0,0,0,0,0,0,0,0,0,0,0,0,0,0,0,0,0,0,-0.214149,-0.0413749,-0.396885,0.539496,0.215908,-0.252577,-0.15926,1.63907,0.719331,0.521241,-0.257805,0.513429,-0.304479,0.0462208,1
28525.4,-0.265263,0.0815257,0.639463,-2.24367,-1.78227,1.67073,-0.0660201,-0.00164458,-0.0490973,-0.998783,0,0.831885,0.554192,-0.0286123,0,0.554933,-0.830936,0.0399326,0,0.585879,0.015017,0.393945,1,0.82314,0.317608,0.905739,-2.40561,-1.629,1.3202,0.247727,-0.365837,0.000240344,-0.00142198,-0.0924989,-0.212193,0.300693,0.253996,0,0,0,0,0,0,0,0.731818,-24.6347,1.58077,19.719,-0.986854,-1.17628,-0.159802,0,0,0,0,0,0,0,0,0,0,0,0,0,0,0,0,0,0,0,0,0,0,0,0,0,0,0.0803269,-0.0800602,-0.137956,0.543301,0.115501,-0.217821,-0.16359,1.59983,1.133,0.459801,-0.497563,0.488968,-0.0232546,0.0462208,1
28525.4,-0.277535,0.081516,0.639486,-2.24704,-1.78825,1.68011,-0.0573745,0.000365128,-0.044395,-0.999004,0,0.832417,0.553599,-0.0242972,0,0.554137,-0.831596,0.037158,0,0.586679,0.00953953,0.391939,1,0.82314,0.317608,0.905739,-2.40561,-1.629,1.3202,0.247727,-0.344808,-0.000409409,-0.00171178,-0.0995276,-0.141472,0.261227,0.246619,0,0,0,0,0,0,0,0.517584,-24.5594,1.3943,19.5683,-0.878822,-1.33467,-0.210156,0,0,0,0,0,0,0,0,0,0,0,0,0,0,0,0,0,0,0,0,0,0,0,0,0,0,-0.121941,-0.00274374,-0.320479,0.529992,0.0786749,-0.203152,-0.155758,1.89113,0.664409,0.333763,-0.32575,0.662568,-0.215853,0.0462208,1
28525.5,-0.289091,0.0814971,0.639479,-2.25101,-1.79184,1.68955,-0.0474542,0.00209638,-0.037476,-0.999286,0,0.833411,0.552311,-0.0189648,0,0.552638,-0.832792,0.0323914,0,0.586993,0.00424013,0.389298,1,0.82314,0.317608,0.905739,-2.40561,-1.629,1.3202,0.247727,-0.338008,-0.00159069,-0.000302363,-0.127481,-0.0788556,0.303179,0.34749,0,0,0,0,0,0,0,0.446173,-24.4086,1.43398,19.7944,-0.842201,-1.3246,-0.249524,0,0,0,0,0,0,0,0,0,0,0,0,0,0,0,0,0,0,0,0,0,0,0,0,0,0,-0.0956286,-0.309768,-0.294781,0.8409,0.0491079,-0.220425,-0.171817,1.98711,0.689184,1.06069,-0.244001,0.349305,-0.197239,0.0462208,1
28525.5,-0.3003,0.0815074,0.639488,-2.25544,-1.79432,1.69861,-0.0346922,0.00556248,-0.0285303,-0.999568,0,0.834762,0.550482,-0.0110669,0,0.550571,-0.834356,0.0268786,0,0.586964,-0.00101872,0.38632,1,0.82314,0.317608,0.905739,-2.40561,-1.629,1.3202,0.247727,-0.315099,-0.00012415,0.0028158,-0.139641,-0.0762452,0.240159,0.385661,0,0,0,0,0,0,0,0.192267,-24.6347,1.31892,19.9809,-0.779029,-1.34474,-0.12959,0,0,0,0,0,0,0,0,0,0,0,0,0,0,0,0,0,0,0,0,0,0,0,0,0,0,-0.14643,-0.229545,-0.338447,0.916651,0.108902,-0.208025,-0.18534,2.40048,0.76391,1.03375,-0.238276,0.560424,-0.245065,0.0462234,1
28525.5,-0.31042,0.0814712,0.639479,-2.26047,-1.79738,1.70661,-0.0195702,0.0110929,-0.0194203,-0.99974,0,0.835706,0.549158,-0.00139476,0,0.549053,-0.83549,0.0223218,0,0.586694,-0.00579731,0.383329,1,0.82314,0.317608,0.905739,-2.40561,-1.629,1.3202,0.247727,-0.288109,-0.00466968,0.000933415,-0.154179,-0.0967064,0.236145,0.463604,0,0,0,0,0,0,0,0.299384,-24.1785,1.43398,19.3461,-0.707618,-1.26509,-0.210156,0,0,0,0,0,0,0,0,0,0,0,0,0,0,0,0,0,0,0,0,0,0,0,0,0,0,-0.38041,-0.152003,-0.561458,0.844301,0.175331,-0.21711,-0.184293,2.37882,0.309391,0.967181,-0.025576,0.613787,-0.475729,0.0462234,1
28525.6,-0.320227,0.0814083,0.639469,-2.26567,-1.80098,1.71455,-0.00194828,0.0187486,-0.0093176,-0.999771,0,0.836238,0.548247,0.0105724,0,0.548034,-0.836261,0.018071,0,0.586372,-0.0103595,0.380351,1,0.82314,0.317608,0.905739,-2.40561,-1.629,1.3202,0.247727,-0.27645,-0.00012253,-0.000605805,-0.148358,-0.11048,0.205958,0.541029,0,0,0,0,0,0,0,0.481879,-24.2539,1.54506,19.5683,-0.607826,-1.3246,-0.179944,0,0,0,0,0,0,0,0,0,0,0,0,0,0,0,0,0,0,0,0,0,0,0,0,0,0,-0.0857933,0.14191,-0.292419,0.379677,0.229579,-0.130131,-0.18961,1.64349,0.710597,0.24775,-0.252595,0.70846,-0.185466,0.0462234,1
28525.6,-0.32915,0.0814383,0.639486,-2.27069,-1.80535,1.72023,0.0163643,0.0281471,-0.000528105,-0.999594,0,0.836783,0.547022,0.0232736,0,0.546798,-0.837115,0.0158393,0,0.585956,-0.0146606,0.377841,1,0.82314,0.317608,0.905739,-2.40561,-1.629,1.3202,0.247727,-0.244315,-0.000269812,-0.000616866,-0.147662,-0.145257,0.15731,0.555043,0,0,0,0,0,0,0,0.370795,-24.4086,1.3586,19.4572,-0.581276,-1.23579,-0.169873,0,0,0,0,0,0,0,0,0,0,0,0,0,0,0,0,0,0,0,0,0,0,0,0,0,0,-0.517607,0.310039,-0.663263,0.226807,0.306553,-0.157151,-0.135926,1.62457,-0.100475,-0.0852084,0.0935442,0.852601,-0.588752,0.0462234,1
28525.6,-0.336941,0.081435,0.639493,-2.27562,-1.81102,1.7247,0.0336303,0.0375438,0.00619713,-0.999266,0,0.836601,0.546688,0.0348226,0,0.546513,-0.83731,0.0153405,0,0.58558,-0.0183764,0.375736,1,0.82314,0.317608,0.905739,-2.40561,-1.629,1.3202,0.247727,-0.224251,-0.000141796,0.00168888,-0.140441,-0.179396,0.1185,0.482868,0,0,0,0,0,0,0,0.116888,-24.3293,1.28322,19.4572,-0.590431,-1.17628,0.0599243,0,0,0,0,0,0,0,0,0,0,0,0,0,0,0,0,0,0,0,0,0,0,0,0,0,0,-0.513405,0.271503,-0.682714,0.0649769,0.360112,-0.11895,-0.0792816,0.851588,-0.345212,-0.054236,0.260816,0.525585,-0.600337,0.0462234,1
28525.7,-0.344203,0.0814893,0.639475,-2.28029,-1.81779,1.7282,0.046376,0.0439535,0.00931232,-0.998981,0,0.836169,0.546852,0.0418877,0,0.546695,-0.837174,0.0162497,0,0.585295,-0.0218385,0.374007,1,0.82314,0.317608,0.905739,-2.40561,-1.629,1.3202,0.247727,-0.213392,0.00177832,-8.62185e-07,-0.128254,-0.220606,0.0843388,0.294307,0,0,0,0,0,0,0,0.55329,-24.5197,1.46968,19.7944,-0.670997,-1.20558,0.0690795,0,0,0,0,0,0,0,0,0,0,0,0,0,0,0,0,0,0,0,0,0,0,0,0,0,0,-0.119563,0.162208,-0.313947,0.0106503,0.347287,-0.028214,0.0250109,0.131063,0.148863,-0.0368674,0.130315,0.157808,-0.221229,0.0462234,1
28525.7,-0.351191,0.08153,0.639482,-2.28436,-1.82533,1.73012,0.0535584,0.0470428,0.00814045,-0.99885,0,0.836053,0.546877,0.0438325,0,0.546616,-0.83717,0.0189212,0,0.585099,-0.0252657,0.372884,1,0.82314,0.317608,0.905739,-2.40561,-1.629,1.3202,0.247727,-0.205175,0.00032878,0.000390299,-0.109378,-0.221615,0.045708,0.138206,0,0,0,0,0,0,0,0.192267,-24.4443,1.3943,19.3064,-0.653602,-1.30446,0.109363,0,0,0,0,0,0,0,0,0,0,0,0,0,0,0,0,0,0,0,0,0,0,0,0,0,0,0.0399221,0.344167,-0.162722,-0.189512,0.313063,0.00415852,0.0990481,-0.00408781,0.375104,-0.68263,-0.0293902,0.336358,-0.0591821,0.0462234,1
28525.7,-0.357835,0.0815197,0.639462,-2.28779,-1.83248,1.73122,0.0548075,0.0460237,0.00367456,-0.998924,0,0.836467,0.546498,0.0405491,0,0.546069,-0.837449,0.0220786,0,0.584941,-0.0286179,0.372143,1,0.82314,0.317608,0.905739,-2.40561,-1.629,1.3202,0.247727,-0.194164,-0.000819988,0.000318902,-0.0906775,-0.200567,0.0209021,0.00259455,0,0,0,0,0,0,0,0.588995,-24.2936,1.58077,19.1596,-0.707618,-1.3246,-0.0105713,0,0,0,0,0,0,0,0,0,0,0,0,0,0,0,0,0,0,0,0,0,0,0,0,0,0,-0.00600492,0.333293,-0.200103,-0.399393,0.289333,-0.0348709,0.100241,-0.6215,0.150058,-0.803223,-0.00192113,0.136703,-0.0989411,0.0462234,1
28525.8,-0.364629,0.0815318,0.639466,-2.29049,-1.839,1.73235,0.0548104,0.0444487,-0.000815803,-0.999002,0,0.837222,0.545606,0.036805,0,0.545042,-0.838038,0.024935,0,0.584877,-0.0320427,0.371627,1,0.82314,0.317608,0.905739,-2.40561,-1.629,1.3202,0.247727,-0.204934,-0.000330316,-0.00155937,-0.0691134,-0.178442,0.0394148,0.00289216,0,0,0,0,0,0,0,0.335089,-24.3293,1.54506,19.1596,-0.716774,-1.47292,-0.0801514,0,0,0,0,0,0,0,0,0,0,0,0,0,0,0,0,0,0,0,0,0,0,0,0,0,0,0.531132,0.161251,0.320191,-0.395114,0.231855,-0.0564188,0.0358083,-1.05624,1.26214,-0.596578,-0.517441,-0.136001,0.434415,0.0462234,1
28525.8,-0.371697,0.081534,0.639466,-2.29237,-1.84433,1.73446,0.0547541,0.0429057,-0.0037463,-0.999062,0,0.838235,0.544234,0.033958,0,0.543607,-0.838922,0.0264915,0,0.584924,-0.035534,0.371166,1,0.82314,0.317608,0.905739,-2.40561,-1.629,1.3202,0.247727,-0.208087,0.000794522,-0.000149841,-0.0481754,-0.137174,0.0697565,-0.0051896,0,0,0,0,0,0,0,0.55329,-24.3293,1.54506,19.3461,-0.680153,-1.5425,0.129504,0,0,0,0,0,0,0,0,0,0,0,0,0,0,0,0,0,0,0,0,0,0,0,0,0,0,0.571495,0.208678,0.320435,-0.486827,0.227615,-0.152865,0.0265251,-1.08452,1.48619,-0.897228,-0.714574,-0.0446276,0.461128,0.0462234,1
28525.8,-0.378763,0.0815538,0.639471,-2.29341,-1.84833,1.73795,0.0546467,0.0412278,-0.00475115,-0.999129,0,0.839247,0.542787,0.0320494,0,0.542172,-0.839854,0.0263658,0,0.58512,-0.0388766,0.370679,1,0.82314,0.317608,0.905739,-2.40561,-1.629,1.3202,0.247727,-0.206925,-0.000387411,-0.00198434,-0.0257069,-0.101536,0.129534,-0.000228662,0,0,0,0,0,0,0,0.335089,-24.3689,1.50539,19.3064,-0.707618,-1.55257,0.0498535,0,0,0,0,0,0,0,0,0,0,0,0,0,0,0,0,0,0,0,0,0,0,0,0,0,0,0.236432,0.129272,0.0295128,-0.293078,0.228439,-0.290422,0.0530837,-0.584584,1.08061,-0.813781,-0.589495,0.0415136,0.1466,0.0462221,1
28525.9,-0.385771,0.0815688,0.639473,-2.2936,-1.85154,1.74422,0.0544221,0.0389746,-0.00334051,-0.999225,0,0.83954,0.542399,0.0309328,0,0.541886,-0.840111,0.0239448,0,0.585637,-0.041799,0.370045,1,0.82314,0.317608,0.905739,-2.40561,-1.629,1.3202,0.247727,-0.209965,-1.76309e-05,4.49417e-05,0.00803167,-0.0813025,0.228036,-0.000101336,0,0,0,0,0,0,0,0.4065,-24.2936,1.46968,19.12,-0.661842,-1.46376,-0.0206421,0,0,0,0,0,0,0,0,0,0,0,0,0,0,0,0,0,0,0,0,0,0,0,0,0,0,0.201897,0.0841495,-0.0456368,-0.347337,0.232044,-0.339986,0.0616142,-0.842136,0.982226,-0.810833,-0.578322,-0.0806323,0.092213,0.0462221,1
28525.9,-0.392935,0.081536,0.639482,-2.29339,-1.85417,1.75414,0.0544076,0.0357313,0.000919014,-0.999351,0,0.8388,0.543567,0.0304908,0,0.543253,-0.839362,0.0186519,0,0.586441,-0.04429,0.36898,1,0.82314,0.317608,0.905739,-2.40561,-1.629,1.3202,0.247727,-0.208322,-0.00106409,-0.00188292,0.010519,-0.0786863,0.312353,-0.000227261,0,0,0,0,0,0,0,0.4065,-24.0238,1.3943,19.0446,-0.653602,-1.59193,0.0498535,0,0,0,0,0,0,0,0,0,0,0,0,0,0,0,0,0,0,0,0,0,0,0,0,0,0,0.122862,-0.0410686,-0.07671,-0.129188,0.207766,-0.334341,0.0549776,-0.508408,0.860947,-0.433878,-0.483747,-0.126327,0.0323371,0.0462221,1
28525.9,-0.399767,0.0815415,0.639477,-2.29311,-1.85681,1.76538,0.0543867,0.0319709,0.00604677,-0.999461,0,0.837404,0.545738,0.0300887,0,0.545637,-0.83793,0.0123844,0,0.587351,-0.0463928,0.367722,1,0.82314,0.317608,0.905739,-2.40561,-1.629,1.3202,0.247727,-0.190219,0.000352284,-0.00128349,0.00325499,-0.0743022,0.369088,-0.00147882,0,0,0,0,0,0,0,0.481879,-24.1031,1.43398,19.12,-0.725013,-1.37404,0.109363,0,0,0,0,0,0,0,0,0,0,0,0,0,0,0,0,0,0,0,0,0,0,0,0,0,0,-0.110791,0.00143221,-0.349809,-0.0118835,0.174679,-0.344315,0.0619872,0.0683357,0.347291,-0.46572,-0.286617,0.103593,-0.221581,0.0462221,1
28526,-0.406183,0.0815553,0.639491,-2.29302,-1.85875,1.77797,0.0543378,0.0273058,0.0124215,-0.99954,0,0.835547,0.5486,0.0296433,0,0.548727,-0.835989,0.00460132,0,0.588223,-0.0480933,0.36608,1,0.82314,0.317608,0.905739,-2.40561,-1.629,1.3202,0.247727,-0.171373,0.00110656,-0.000741774,0.00050673,-0.0363921,0.358566,-0.0014244,0,0,0,0,0,0,0,0.156561,-24.2539,1.31892,19.12,-0.734169,-1.43355,0.00957027,0,0,0,0,0,0,0,0,0,0,0,0,0,0,0,0,0,0,0,0,0,0,0,0,0,0,-0.208924,-0.0913891,-0.385603,0.165685,0.116793,-0.303675,0.0754318,0.354714,0.0582556,-0.180636,-0.127705,0.070599,-0.2934,0.0462221,1
28526,-0.411632,0.0815677,0.639485,-2.29304,-1.85916,1.78982,0.0541787,0.0224487,0.019293,-0.999552,0,0.834037,0.550909,0.0293649,0,0.55124,-0.834338,-0.00372394,0,0.58886,-0.0494584,0.364308,1,0.82314,0.317608,0.905739,-2.40561,-1.629,1.3202,0.247727,-0.150295,-6.56801e-05,-0.00022798,0.000132886,0.000139924,0.3563,0.0013825,0,0,0,0,0,0,0,0.227972,-24.2936,1.3586,19.2707,-0.743324,-1.27516,0.0397827,0,0,0,0,0,0,0,0,0,0,0,0,0,0,0,0,0,0,0,0,0,0,0,0,0,0,-0.474102,-0.0855362,-0.643749,0.180872,0.081799,-0.235373,0.0780384,0.406223,-0.731774,-0.0143632,0.241141,0.048493,-0.560062,0.0462228,1
28526.1,-0.416279,0.0815624,0.639497,-2.29306,-1.85915,1.79944,0.0541249,0.0185332,0.0251411,-0.999502,0,0.833047,0.552406,0.0293417,0,0.55288,-0.833192,-0.0107061,0,0.589312,-0.0507037,0.362839,1,0.82314,0.317608,0.905739,-2.40561,-1.629,1.3202,0.247727,-0.127473,-0.000149867,0.000233021,0.00069192,0.000187477,0.245611,0.000341248,0,0,0,0,0,0,0,0.156561,-24.2182,1.24751,19.3064,-0.743324,-1.17628,0.0498535,0,0,0,0,0,0,0,0,0,0,0,0,0,0,0,0,0,0,0,0,0,0,0,0,0,0,-0.322365,0.0619791,-0.448331,0.105138,0.0794111,-0.0961165,0.0797317,0.478832,-0.538789,-0.194942,0.227116,0.210178,-0.386121,0.0462228,1
28526.1,-0.420162,0.0815625,0.639492,-2.29306,-1.85915,1.80628,0.054107,0.0158128,0.0293041,-0.999436,0,0.832674,0.552965,0.0293876,0,0.553525,-0.832685,-0.0156572,0,0.589598,-0.0519359,0.361807,1,0.82314,0.317608,0.905739,-2.40561,-1.629,1.3202,0.247727,-0.10316,-0.000155331,-0.00121905,-0.000563723,-0.000102343,0.1633,0.00219431,0,0,0,0,0,0,0,0.370795,-24.2182,1.3586,19.3064,-0.743324,-1.03712,-0.00050053,0,0,0,0,0,0,0,0,0,0,0,0,0,0,0,0,0,0,0,0,0,0,0,0,0,0,-0.391954,0.072791,-0.506382,0.104198,0.0610941,-0.000383437,0.0781544,0.43713,-0.894834,-0.0471653,0.437663,0.166832,-0.453977,0.0462228,1
28526.1,-0.422957,0.0815689,0.639497,-2.29306,-1.85914,1.80953,0.0540877,0.0145337,0.0312763,-0.999395,0,0.833015,0.552451,0.0294032,0,0.553047,-0.832955,-0.0180249,0,0.589682,-0.0530738,0.361311,1,0.82314,0.317608,0.905739,-2.40561,-1.629,1.3202,0.247727,-0.0672188,-0.00121255,0.000775772,-5.83368e-05,0.000512161,0.0482727,0.000963138,0,0,0,0,0,0,0,0.192267,-24.2539,1.28322,19.3064,-0.752479,-1.08656,0.0498535,0,0,0,0,0,0,0,0,0,0,0,0,0,0,0,0,0,0,0,0,0,0,0,0,0,0,-0.508954,0.136615,-0.650397,0.0612933,0.0506616,0.0636751,0.0871328,0.44595,-1.32539,-0.0773882,0.648243,0.210152,-0.586315,0.0462228,1
28526.2,-0.424642,0.081558,0.639497,-2.29305,-1.85913,1.80982,0.0540689,0.0144754,0.031429,-0.999392,0,0.833842,0.551201,0.0294118,0,0.551801,-0.833777,-0.0182283,0,0.589615,-0.0540222,0.36128,1,0.82314,0.317608,0.905739,-2.40561,-1.629,1.3202,0.247727,-0.0414843,0.000590646,0.00106213,0.00322611,-0.000432371,-0.000279538,0.0012925,0,0,0,0,0,0,0,0.335089,-24.1388,1.28322,19.1596,-0.77079,-1.06734,0.0397827,0,0,0,0,0,0,0,0,0,0,0,0,0,0,0,0,0,0,0,0,0,0,0,0,0,0,-0.470651,0.147091,-0.624361,-0.00349466,0.0417106,0.0541772,0.0877891,0.292516,-1.27343,-0.163546,0.60256,0.183387,-0.552555,0.0462228,1
28526.2,-0.425574,0.0815367,0.639492,-2.29304,-1.85907,1.80977,0.05406,0.014531,0.0314161,-0.999391,0,0.834403,0.550351,0.0294325,0,0.550951,-0.834339,-0.0182169,0,0.589554,-0.0545872,0.361293,1,-0.425404,0.0815339,0.639499,-2.29303,-1.85909,1.80978,0.0540652,-0.0186218,0.00404779,-0.000541019,-0.000498244,0.000639555,-0.00244876,-0.00196659,0,0,0,0,0,0,0,0.481879,-23.9881,1.3586,19.235,-0.914528,-1.01698,0.158801,0,0,0,0,0,0,0,0,0,0,0,0,0,0,0,0,0,0,0,0,0,0,0,0,0,0,-0.517489,0.109157,-0.687684,0.0978625,-0.00795803,0.00862076,0.0832403,0.603725,-1.35336,-0.155343,0.584231,0.266064,-0.606293,0.0462228,1
28526.2,-0.425584,0.0815472,0.639484,-2.29304,-1.85906,1.80978,0.0540624,0.0145139,0.0314331,-0.999391,0,0.834413,0.550336,0.0294273,0,0.550936,-0.834348,-0.0182411,0,0.589552,-0.0545966,0.361282,1,-0.425404,0.0815339,0.639499,-2.29303,-1.85909,1.80978,0.0540652,0.0110204,-0.00114074,0.00369971,-0.00105012,-0.000227465,0.00116817,-0.00261512,0,0,0,0,0,0,0,0.481879,-24.1388,1.50539,19.3818,-0.986854,-1.06734,0.219226,0,0,0,0,0,0,0,0,0,0,0,0,0,0,0,0,0,0,0,0,0,0,0,0,0,0,-0.338527,0.12182,-0.624251,0.141559,-0.100178,0.0243218,0.121187,0.853875,-1.20729,-0.380673,0.47051,0.396245,-0.480999,0.0462228,1
28526.3,-0.42522,0.0815522,0.63961,-2.29306,-1.85905,1.80981,0.0540752,0.014488,0.0314763,-0.99939,0,0.834139,0.550751,0.0294386,0,0.551352,-0.834072,-0.0182767,0,0.589576,-0.0543059,0.361272,1,-0.425404,0.0815339,0.639499,-2.29303,-1.85909,1.80978,0.0540652,0.0093637,-0.00046103,0.00332293,-0.000533301,-0.000420433,-0.000203609,0.00270225,0,0,0,0,0,0,0,-0.930475,-24.1785,0.164445,19.5326,-1.02256,-1.23579,0.109363,0,0,0,0,0,0,0,0,0,0,0,0,0,0,0,0,0,0,0,0,0,0,0,0,0,0,-0.406667,-0.00189616,-0.616636,0.242716,-0.183579,0.00381419,0.150232,0.863703,-1.40889,-0.230902,0.525003,0.267159,-0.513498,0.0462228,1
28526.3,-0.424876,0.0815747,0.639688,-2.29309,-1.85904,1.80982,0.0540733,0.0144108,0.031504,-0.99939,0,0.833904,0.551108,0.0293973,0,0.551709,-0.833835,-0.0183298,0,0.58959,-0.0540574,0.36124,1,-0.425404,0.0815339,0.639499,-2.29303,-1.85909,1.80978,0.0540652,0.012622,0.00265822,0.00371609,-0.00253824,0.000357077,0.000617293,0.00185399,0,0,0,0,0,0,0,-1.36291,-24.484,-0.137069,20.0166,-1.05003,-1.36397,0.129504,0,0,0,0,0,0,0,0,0,0,0,0,0,0,0,0,0,0,0,0,0,0,0,0,0,0,-0.773854,-0.173099,-0.935157,0.469226,-0.231552,-0.0676368,0.168385,1.14906,-2.15471,0.152512,0.821044,0.151591,-0.862427,0.0462234,1
28526.3,-0.424646,0.0815906,0.639754,-2.2931,-1.85903,1.80985,0.0540596,0.0143623,0.0315311,-0.99939,0,0.833737,0.551362,0.0293774,0,0.551963,-0.833667,-0.0183702,0,0.589605,-0.0538806,0.361225,1,-0.425404,0.0815339,0.639499,-2.29303,-1.85909,1.80978,0.0540652,0.00613482,-0.000658851,0.000749995,0.00173075,-0.00107992,-0.000742576,-0.00241971,0,0,0,0,0,0,0,-1.18438,-24.7101,-0.0973961,20.0562,-1.07749,-1.45369,0.249438,0,0,0,0,0,0,0,0,0,0,0,0,0,0,0,0,0,0,0,0,0,0,0,0,0,0,-1.0039,-0.365872,-1.13882,0.737398,-0.265732,-0.185571,0.18799,1.52909,-2.48369,0.480725,0.919761,0.0709502,-1.08283,0.0462234,1
28526.4,-0.424741,0.0815862,0.63968,-2.2931,-1.85901,1.80982,0.0540689,0.0143783,0.0315219,-0.99939,0,0.833848,0.551194,0.0293819,0,0.551795,-0.833778,-0.0183596,0,0.58959,-0.0539854,0.361225,1,-0.425404,0.0815339,0.639499,-2.29303,-1.85909,1.80978,0.0540652,-0.00305918,-0.000750419,-0.00222774,-0.000947708,0.00035695,-0.00124828,0.000888183,0,0,0,0,0,0,0,0.116888,-24.6347,0.946,20.1316,-1.1489,-1.20558,0.178943,0,0,0,0,0,0,0,0,0,0,0,0,0,0,0,0,0,0,0,0,0,0,0,0,0,0,-0.559198,-0.612989,-0.808266,0.869257,-0.305097,-0.172363,0.202316,1.20444,-1.74341,0.867167,0.634473,-0.287087,-0.696677,0.0462234,1
28526.4,-0.424743,0.0815937,0.63967,-2.29312,-1.859,1.80981,0.054075,0.0143615,0.0315273,-0.99939,0,0.833859,0.551177,0.0293705,0,0.551778,-0.833789,-0.018374,0,0.589584,-0.0539945,0.361213,1,-0.424768,0.0815927,0.639659,-2.2931,-1.85901,1.80981,0.054064,0.0019185,-0.000955286,0.00153891,-0.000769314,0.00360618,0.000317327,0.00348507,0,0,0,0,0,0,0,0.0811829,-24.7101,1.09676,20.2427,-1.10404,-1.20558,0.119434,0,0,0,0,0,0,0,0,0,0,0,0,0,0,0,0,0,0,0,0,0,0,0,0,0,0,-0.245416,-0.629802,-0.588232,0.953961,-0.334671,-0.111694,0.206992,1.4018,-1.22989,0.878779,0.444818,-0.228434,-0.428224,0.0462234,1
28526.4,-0.424673,0.0815915,0.639708,-2.29312,-1.85899,1.80982,0.0540684,0.0143484,0.0315402,-0.99939,0,0.833803,0.551263,0.0293686,0,0.551864,-0.833732,-0.0183889,0,0.589588,-0.0539313,0.361211,1,-0.424768,0.0815927,0.639659,-2.2931,-1.85901,1.80981,0.054064,-0.000275423,-0.000253518,-0.00105116,-5.97525e-05,-0.000378794,-0.000368335,0.000251153,0,0,0,0,0,0,0,-0.458368,-24.6347,0.648453,20.1673,-1.09489,-1.23579,0.168872,0,0,0,0,0,0,0,0,0,0,0,0,0,0,0,0,0,0,0,0,0,0,0,0,0,0,-0.192656,-0.642883,-0.454379,1.03869,-0.331031,-0.0892187,0.196017,1.59878,-1.00897,0.974761,0.383343,-0.185147,-0.336099,0.0462234,1
28526.5,-0.424732,0.081624,0.639676,-2.29314,-1.85898,1.80981,0.0540684,0.01431,0.0315466,-0.99939,0,0.83386,0.551179,0.0293382,0,0.551779,-0.833787,-0.0184184,0,0.589579,-0.0539871,0.361186,1,-0.424768,0.0815927,0.639659,-2.2931,-1.85901,1.80981,0.054064,-0.00150547,0.00431086,-1.29263e-05,-0.000341555,0.000712276,-0.000181794,6.435e-05,0,0,0,0,0,0,0,0.299384,-25.091,1.09676,20.3538,-1.1489,-1.16621,0.178943,0,0,0,0,0,0,0,0,0,0,0,0,0,0,0,0,0,0,0,0,0,0,0,0,0,0,-0.0985301,-0.754321,-0.391572,1.1257,-0.334515,-0.0659324,0.189958,1.51612,-0.895132,1.26565,0.374811,-0.34706,-0.260679,0.0462234,1
28526.5,-0.424729,0.0816307,0.639671,-2.29316,-1.85898,1.80982,0.0540617,0.014277,0.0315451,-0.999391,0,0.833861,0.551178,0.0293099,0,0.551778,-0.833788,-0.0184354,0,0.589574,-0.0539889,0.361172,1,-0.424768,0.0815927,0.639659,-2.2931,-1.85901,1.80981,0.054064,0.000802275,0.000247921,-0.00119023,0.00150169,9.9873e-06,0.000456725,-0.00142757,0,0,0,0,0,0,0,0.156561,-25.0553,1.17214,20.4649,-1.14066,-1.21565,0.229297,0,0,0,0,0,0,0,0,0,0,0,0,0,0,0,0,0,0,0,0,0,0,0,0,0,0,0.0348772,-0.853787,-0.32801,1.20646,-0.34857,-0.0553057,0.195674,1.47057,-0.723075,1.45932,0.321509,-0.470814,-0.163583,0.0462247,1
28526.5,-0.424702,0.0816229,0.639689,-2.29315,-1.85898,1.80981,0.0540662,0.0142899,0.0315457,-0.999391,0,0.833837,0.551214,0.0293218,0,0.551814,-0.833764,-0.0184275,0,0.589576,-0.0539624,0.361178,1,-0.424768,0.0815927,0.639659,-2.2931,-1.85901,1.80981,0.054064,0.000163377,-0.000546501,0.000135295,0.000219047,-7.59558e-05,-0.000694338,0.000347655,0,0,0,0,0,0,0,-0.13305,-24.9402,0.910294,20.4292,-1.13151,-1.20558,0.189014,0,0,0,0,0,0,0,0,0,0,0,0,0,0,0,0,0,0,0,0,0,0,0,0,0,0,0.0333838,-0.933409,-0.252444,1.29466,-0.349253,-0.0651725,0.203386,1.48989,-0.632947,1.63304,0.304131,-0.559774,-0.129032,0.0462247,1
28526.6,-0.42471,0.0816277,0.639684,-2.29315,-1.85898,1.80982,0.0540595,0.0142877,0.0315457,-0.999391,0,0.833844,0.551204,0.0293197,0,0.551804,-0.83377,-0.0184291,0,0.589578,-0.0539695,0.361179,1,-0.424768,0.0815927,0.639659,-2.2931,-1.85901,1.80981,0.054064,-0.00110369,0.00132074,-0.000274001,0.00137179,0.000183003,-4.38961e-05,-0.00122579,0,0,0,0,0,0,0,-0.0259338,-24.9799,0.985673,20.3181,-1.13151,-1.21565,0.249438,0,0,0,0,0,0,0,0,0,0,0,0,0,0,0,0,0,0,0,0,0,0,0,0,0,0,-0.034979,-0.929263,-0.275504,1.29628,-0.346259,-0.0648604,0.205273,1.49544,-0.738309,1.64897,0.354404,-0.561654,-0.175715,0.0462247,1
28526.6,-0.424744,0.0816229,0.639663,-2.29314,-1.85897,1.80981,0.0540673,0.0143057,0.0315482,-0.99939,0,0.833878,0.551151,0.0293349,0,0.551751,-0.833806,-0.0184231,0,0.589575,-0.0540028,0.361184,1,-0.424768,0.0815927,0.639659,-2.2931,-1.85901,1.80981,0.054064,-0.000417693,0.00037799,-0.00108424,0.00122105,8.22494e-05,0.00999249,0.000234792,0,0,0,0,0,0,0,0.370795,-24.9402,1.24751,20.2427,-1.16721,-1.16621,0.178943,0,0,0,0,0,0,0,0,0,0,0,0,0,0,0,0,0,0,0,0,0,0,0,0,0,0,0.0946612,-0.917828,-0.221415,1.24072,-0.35904,-0.0462568,0.204569,1.36409,-0.592222,1.57775,0.283205,-0.580367,-0.0819995,0.0462247,1
28526.6,-0.424764,0.0816337,0.639652,-2.29314,-1.85896,1.80981,0.0540585,0.0142846,0.0315525,-0.99939,0,0.833897,0.551124,0.0293191,0,0.551724,-0.833823,-0.0184393,0,0.589573,-0.0540211,0.361175,1,-0.424768,0.0815927,0.639659,-2.2931,-1.85901,1.80981,0.054064,0.000668599,0.00173423,0.000589407,0.000691919,-4.64391e-05,0.00255288,-0.00269958,0,0,0,0,0,0,0,0.517584,-25.0553,1.3943,20.2784,-1.20292,-1.20558,0.258594,0,0,0,0,0,0,0,0,0,0,0,0,0,0,0,0,0,0,0,0,0,0,0,0,0,0,0.33099,-0.928602,-0.0580606,1.20974,-0.383071,-0.0355198,0.208932,1.25517,-0.19618,1.48847,0.0978192,-0.602097,0.120808,0.0462247,1
28526.7,-0.424774,0.0816259,0.639649,-2.29313,-1.85896,1.80982,0.0540662,0.0143076,0.0315631,-0.99939,0,0.833904,0.551112,0.0293439,0,0.551712,-0.833831,-0.0184358,0,0.589575,-0.0540279,0.361184,1,-0.424768,0.0815927,0.639659,-2.2931,-1.85901,1.80981,0.054064,-0.00216747,-2.72343e-05,-0.000688567,0.000276712,5.94883e-05,0.000472601,0.000763332,0,0,0,0,0,0,0,0.660407,-24.9402,1.43398,20.1316,-1.21207,-1.24495,0.189014,0,0,0,0,0,0,0,0,0,0,0,0,0,0,0,0,0,0,0,0,0,0,0,0,0,0,0.454536,-0.938661,0.0526252,1.15133,-0.404079,-0.0588889,0.217267,1.07902,0.0520565,1.36707,-0.0460849,-0.643886,0.240727,0.0462247,1
28526.7,-0.424806,0.0815879,0.639625,-2.29309,-1.85895,1.80982,0.0540651,0.0143844,0.0315574,-0.999389,0,0.833936,0.55106,0.0294036,0,0.551662,-0.833865,-0.0183905,0,0.589582,-0.0540593,0.361224,1,-0.424768,0.0815927,0.639659,-2.2931,-1.85901,1.80981,0.054064,-0.00113782,0.00102738,-0.000599076,0.000333049,0.000295269,-1.65908e-05,0.000592116,0,0,0,0,0,0,0,0.985724,-24.4443,1.73152,19.6079,-1.23038,-1.25502,0.199084,0,0,0,0,0,0,0,0,0,0,0,0,0,0,0,0,0,0,0,0,0,0,0,0,0,0,0.682092,-0.765442,0.228532,0.929352,-0.422425,-0.073787,0.223911,0.955208,0.525845,0.763876,-0.331514,-0.436276,0.45198,0.0462247,1
28526.7,-0.42482,0.0815906,0.639616,-2.29309,-1.85894,1.80983,0.0540673,0.0143765,0.0315705,-0.999388,0,0.83395,0.551038,0.0294038,0,0.55164,-0.833879,-0.0184066,0,0.58958,-0.0540725,0.361219,1,-0.424768,0.0815927,0.639659,-2.2931,-1.85901,1.80981,0.054064,-0.0028387,-0.000237673,-0.00022367,0.000146577,3.96384e-05,0.00022714,0.00149111,0,0,0,0,0,0,0,1.0611,-24.484,1.8069,19.6833,-1.2844,-1.27516,0.178943,0,0,0,0,0,0,0,0,0,0,0,0,0,0,0,0,0,0,0,0,0,0,0,0,0,0,0.849709,-0.570082,0.366591,0.70545,-0.455533,-0.106176,0.225978,0.930769,0.911162,0.0928705,-0.605683,-0.163772,0.615335,0.0462254,1
28526.8,-0.424847,0.0815586,0.639603,-2.29304,-1.85892,1.80982,0.0540587,0.0144439,0.031569,-0.999388,0,0.833982,0.550988,0.0294581,0,0.551591,-0.833912,-0.0183699,0,0.589587,-0.0540965,0.361256,1,-0.424832,0.0815636,0.639606,-2.29305,-1.85894,1.80982,0.0540617,-0.00156324,0.00120765,0.00125849,-0.000650395,0.00292668,0.00306243,0.000211384,0,0,0,0,0,0,0,1.09681,-23.8333,1.76723,18.8978,-1.19468,-1.21565,0.189014,0,0,0,0,0,0,0,0,0,0,0,0,0,0,0,0,0,0,0,0,0,0,0,0,0,0,1.03374,-0.432626,0.521298,0.515454,-0.488474,-0.10482,0.222189,0.804324,1.2534,-0.374638,-0.823488,-0.00761554,0.792302,0.0462254,1
28526.8,-0.425341,0.0815434,0.639617,-2.29285,-1.8569,1.81019,0.0540323,0.0141631,0.0331679,-0.99934,0,0.834908,0.54955,0.0300722,0,0.550195,-0.834799,-0.0199092,0,0.589411,-0.0544591,0.361041,1,-0.424832,0.0815636,0.639606,-2.29305,-1.85894,1.80982,0.0540617,-0.0238319,-0.000189063,-0.00133226,0.00980822,0.0878914,0.0148867,-0.000168502,0,0,0,0,0,0,0,0.481879,-23.9484,1.43398,18.9732,-1.08573,-1.28523,0.0791503,0,0,0,0,0,0,0,0,0,0,0,0,0,0,0,0,0,0,0,0,0,0,0,0,0,0,1.12509,-0.154979,0.710514,0.132082,-0.425732,-0.0801487,0.164155,0.405745,1.62682,-0.942271,-1.01851,0.192915,0.940385,0.0462254,1
28526.8,-0.426376,0.0815032,0.639625,-2.29257,-1.85437,1.8113,0.053966,0.0135987,0.0355571,-0.999265,0,0.836061,0.54775,0.0308684,0,0.548456,-0.835883,-0.0222797,0,0.589224,-0.0550593,0.360705,1,-0.424832,0.0815636,0.639606,-2.29305,-1.85894,1.80982,0.0540617,-0.0377274,-0.00230598,-0.000527735,0.00920524,0.0670969,0.0393315,-0.00313001,0,0,0,0,0,0,0,0.299384,-23.7223,1.3586,19.0089,-0.923683,-1.35481,0.099292,0,0,0,0,0,0,0,0,0,0,0,0,0,0,0,0,0,0,0,0,0,0,0,0,0,0,0.905565,0.128556,0.531348,-0.10008,-0.292956,-0.118492,0.122802,0.481553,1.5033,-1.41077,-0.978811,0.529102,0.745717,0.0462254,1
28526.9,-0.427711,0.0814561,0.639626,-2.29213,-1.85316,1.81328,0.0539269,0.0130997,0.0376335,-0.999196,0,0.836538,0.546981,0.0315686,0,0.54774,-0.836295,-0.024317,0,0.589276,-0.0556051,0.360488,1,-0.424832,0.0815636,0.639606,-2.29305,-1.85894,1.80982,0.0540617,-0.044346,-0.00148664,0.000514352,0.0151853,0.0126871,0.0757175,0.00107387,0,0,0,0,0,0,0,0.299384,-23.6826,1.3586,18.9335,-0.941993,-1.42348,0.0196411,0,0,0,0,0,0,0,0,0,0,0,0,0,0,0,0,0,0,0,0,0,0,0,0,0,0,0.617287,0.199515,0.343709,-0.267188,-0.18438,-0.206338,0.109308,0.13669,1.21936,-1.51798,-0.871495,0.484015,0.507454,0.0462254,1
28526.9,-0.4294,0.0813608,0.639618,-2.29145,-1.85305,1.81657,0.0538881,0.0125202,0.0398085,-0.999119,0,0.836299,0.547304,0.0322865,0,0.548118,-0.835983,-0.02644,0,0.589586,-0.0560729,0.360345,1,-0.424832,0.0815636,0.639606,-2.29305,-1.85894,1.80982,0.0540617,-0.0495725,-0.00457362,-0.00175285,0.0198034,0.000410675,0.110522,-0.00472669,0,0,0,0,0,0,0,0.299384,-23.7223,1.43398,18.8581,-0.951149,-1.38411,0.109363,0,0,0,0,0,0,0,0,0,0,0,0,0,0,0,0,0,0,0,0,0,0,0,0,0,0,0.4442,0.249314,0.216908,-0.314472,-0.156731,-0.268658,0.0946149,0.182452,1.03536,-1.62952,-0.831464,0.563288,0.358831,0.0462261,1
28526.9,-0.431509,0.0811781,0.639623,-2.29053,-1.85304,1.82139,0.0538843,0.0117087,0.0428971,-0.999001,0,0.83568,0.548187,0.0333337,0,0.54908,-0.835251,-0.0294302,0,0.590057,-0.0565243,0.360155,1,-0.424832,0.0815636,0.639606,-2.29305,-1.85894,1.80982,0.0540617,-0.0696565,-0.00547144,0.000656905,0.0343445,-8.78075e-05,0.173609,-0.00192953,0,0,0,0,0,0,0,0.299384,-23.7223,1.3586,18.747,-0.951149,-1.34474,0.129504,0,0,0,0,0,0,0,0,0,0,0,0,0,0,0,0,0,0,0,0,0,0,0,0,0,0,0.632291,0.39032,0.39737,-0.494649,-0.158362,-0.237094,0.0829196,0.041636,1.41012,-2.00228,-1.01634,0.700685,0.548684,0.0462261,1
28527,-0.43394,0.0810051,0.639617,-2.28937,-1.85294,1.82865,0.0538533,0.0100949,0.0475913,-0.998806,0,0.834377,0.550088,0.0346437,0,0.55109,-0.833746,-0.0341567,0,0.590733,-0.0567838,0.359694,1,-0.424832,0.0815636,0.639606,-2.29305,-1.85894,1.80982,0.0540617,-0.0797539,-0.00999449,-0.000411768,0.0418773,0.00248369,0.251312,-0.00345236,0,0,0,0,0,0,0,0.55329,-23.7223,1.43398,18.8224,-0.968544,-1.31453,0.139575,0,0,0,0,0,0,0,0,0,0,0,0,0,0,0,0,0,0,0,0,0,0,0,0,0,0,0.48799,0.294419,0.217238,-0.472807,-0.184271,-0.23446,0.093609,-0.167329,0.929518,-1.77194,-0.805537,0.505408,0.382425,0.0462261,1
28527,-0.436921,0.0809785,0.63962,-2.28796,-1.85247,1.83715,0.0536841,0.00795419,0.0533362,-0.998535,0,0.833055,0.551992,0.0361203,0,0.553121,-0.832138,-0.0400421,0,0.591494,-0.0571792,0.359047,1,-0.424832,0.0815636,0.639606,-2.29305,-1.85894,1.80982,0.0540617,-0.0927131,5.58777e-05,0.000115292,0.0408713,0.01449,0.260787,-0.0122839,0,0,0,0,0,0,0,0.517584,-23.8333,1.3943,18.7867,-0.932838,-1.2953,0.0892211,0,0,0,0,0,0,0,0,0,0,0,0,0,0,0,0,0,0,0,0,0,0,0,0,0,0,0.676582,0.0996024,0.391639,-0.341601,-0.214913,-0.214028,0.107825,-0.35506,1.21108,-1.39496,-0.885959,0.22464,0.560122,0.0462261,1
28527,-0.440364,0.080954,0.63962,-2.28651,-1.8516,1.84745,0.0534649,0.00504416,0.0604303,-0.99815,0,0.831476,0.554258,0.0377579,0,0.555525,-0.830145,-0.0474515,0,0.59231,-0.0575817,0.358109,1,-0.424832,0.0815636,0.639606,-2.29305,-1.85894,1.80982,0.0540617,-0.104071,5.64669e-05,0.000526722,0.0445312,0.0346944,0.338251,-0.000561035,0,0,0,0,0,0,0,0.263678,-23.6826,1.3943,18.8978,-0.977699,-1.22572,0.0791503,0,0,0,0,0,0,0,0,0,0,0,0,0,0,0,0,0,0,0,0,0,0,0,0,0,0,0.670881,0.0881958,0.342439,-0.336834,-0.231258,-0.224797,0.100081,-0.329139,1.14637,-1.39241,-0.877878,0.230612,0.533343,0.0462261,1
28527.1,-0.444186,0.0809161,0.639626,-2.28501,-1.84997,1.85848,0.0534471,0.00200425,0.0686029,-0.997632,0,0.830122,0.556134,0.0399107,0,0.557566,-0.828253,-0.0558352,0,0.593078,-0.0581262,0.357014,1,-0.424832,0.0815636,0.639606,-2.29305,-1.85894,1.80982,0.0540617,-0.122115,-0.000164117,-0.000284501,0.0493148,0.0608833,0.310325,-0.000351361,0,0,0,0,0,0,0,0.370795,-23.7976,1.3586,18.8978,-0.941993,-1.26509,0.109363,0,0,0,0,0,0,0,0,0,0,0,0,0,0,0,0,0,0,0,0,0,0,0,0,0,0,0.588535,0.195039,0.351202,-0.344753,-0.242441,-0.194047,0.0959276,-0.0456505,1.04337,-1.56346,-0.829922,0.436328,0.497358,0.0462261,1
28527.1,-0.448428,0.080862,0.639619,-2.28334,-1.84755,1.86993,0.0533733,-0.00109672,0.0775745,-0.996976,0,0.829154,0.557389,0.0424582,0,0.559008,-0.826616,-0.0649338,0,0.593803,-0.0588895,0.35587,1,-0.424832,0.0815636,0.639606,-2.29305,-1.85894,1.80982,0.0540617,-0.128083,-0.00360364,0.000154139,0.0517534,0.0773152,0.340504,-0.00515932,0,0,0,0,0,0,0,0.481879,-23.6429,1.43398,18.9732,-0.951149,-1.12685,0.189014,0,0,0,0,0,0,0,0,0,0,0,0,0,0,0,0,0,0,0,0,0,0,0,0,0,0,0.710116,0.302912,0.390819,-0.357894,-0.251312,-0.141641,0.109081,0.217606,1.18023,-1.80082,-0.875124,0.64899,0.580737,0.0462261,1
28527.1,-0.452913,0.080758,0.639623,-2.28139,-1.84419,1.88058,0.0529887,-0.0038265,0.0865592,-0.99623,0,0.828967,0.557446,0.0452507,0,0.559272,-0.825685,-0.0738892,0,0.594431,-0.0599572,0.354906,1,-0.424832,0.0815636,0.639606,-2.29305,-1.85894,1.80982,0.0540617,-0.135306,-0.00280195,0.00161614,0.0591124,0.111471,0.309475,-0.0165082,0,0,0,0,0,0,0,0.335089,-23.758,1.3586,19.2707,-0.905372,-1.12685,0.168872,0,0,0,0,0,0,0,0,0,0,0,0,0,0,0,0,0,0,0,0,0,0,0,0,0,0,0.736715,0.445667,0.426006,-0.3592,-0.2517,-0.0883289,0.127647,0.597658,1.22555,-2.07558,-0.871228,0.928043,0.613628,0.0462254,1
28527.2,-0.457568,0.0806993,0.639629,-2.27911,-1.84012,1.8915,0.0521307,-0.00675879,0.0960355,-0.995345,0,0.829041,0.557096,0.0481216,0,0.559135,-0.824873,-0.0833843,0,0.595079,-0.0611,0.353966,1,-0.424832,0.0815636,0.639606,-2.29305,-1.85894,1.80982,0.0540617,-0.13948,-0.00090593,0.0013997,0.0689959,0.12472,0.313563,-0.0269642,0,0,0,0,0,0,0,0.156561,-23.758,1.31892,18.9732,-0.842201,-1.27516,0.178943,0,0,0,0,0,0,0,0,0,0,0,0,0,0,0,0,0,0,0,0,0,0,0,0,0,0,0.604733,0.360955,0.351681,-0.228368,-0.243162,-0.0934227,0.13777,0.720778,1.00457,-1.81592,-0.740551,0.848735,0.505868,0.0462254,1
28527.2,-0.462047,0.0806942,0.639609,-2.27671,-1.83591,1.90186,0.0508323,-0.00969546,0.105063,-0.994409,0,0.829268,0.556527,0.0507136,0,0.558755,-0.824156,-0.0925226,0,0.595717,-0.0622334,0.353137,1,-0.424832,0.0815636,0.639606,-2.29305,-1.85894,1.80982,0.0540617,-0.140532,-0.00124852,-0.000175671,0.0787366,0.124898,0.318818,-0.0386046,0,0,0,0,0,0,0,0.4065,-23.7223,1.50539,18.8581,-0.897133,-1.04719,0.0498535,0,0,0,0,0,0,0,0,0,0,0,0,0,0,0,0,0,0,0,0,0,0,0,0,0,0,0.477616,0.356089,0.201429,-0.376881,-0.227546,-0.158827,0.141219,0.278175,0.754091,-1.90205,-0.681512,0.711892,0.368247,0.0462254,1
28527.2,-0.46701,0.0804959,0.63962,-2.27417,-1.83104,1.91352,0.0498046,-0.012554,0.11546,-0.993223,0,0.829495,0.555868,0.0541337,0,0.558362,-0.82321,-0.102754,0,0.596374,-0.063435,0.352241,1,-0.424832,0.0815636,0.639606,-2.29305,-1.85894,1.80982,0.0540617,-0.155222,-0.00809308,-0.000122896,0.0733419,0.158214,0.340059,-0.0253387,0,0,0,0,0,0,0,0.263678,-23.758,1.3943,18.9732,-0.79734,-1.19551,0.209155,0,0,0,0,0,0,0,0,0,0,0,0,0,0,0,0,0,0,0,0,0,0,0,0,0,0,0.677177,0.492958,0.384361,-0.43576,-0.236128,-0.134885,0.124121,0.557209,1.20549,-2.23884,-0.893098,0.992825,0.565447,0.0462254,1
28527.3,-0.472452,0.0799876,0.63962,-2.27154,-1.82492,1.92596,0.0488176,-0.015228,0.12712,-0.991761,0,0.830149,0.554465,0.0583226,0,0.557321,-0.822437,-0.113974,0,0.596943,-0.0648389,0.351344,1,-0.424832,0.0815636,0.639606,-2.29305,-1.85894,1.80982,0.0540617,-0.170989,-0.0209935,-0.000559058,0.0766264,0.200277,0.395927,-0.0333655,0,0,0,0,0,0,0,0.624701,-23.6826,1.43398,19.235,-0.860511,-1.03712,0.109363,0,0,0,0,0,0,0,0,0,0,0,0,0,0,0,0,0,0,0,0,0,0,0,0,0,0,0.676992,0.656611,0.379247,-0.527931,-0.221108,-0.159597,0.1402,0.791875,1.30975,-2.67634,-0.970489,1.28126,0.567955,0.0462254,1
28527.3,-0.478349,0.0792147,0.639609,-2.26865,-1.81827,1.93893,0.0470645,-0.0181061,0.138998,-0.990117,0,0.830998,0.552746,0.0624012,0,0.555968,-0.821672,-0.125518,0,0.597528,-0.0664213,0.350609,1,-0.424832,0.0815636,0.639606,-2.29305,-1.85894,1.80982,0.0540617,-0.173024,-0.0272984,-0.000589356,0.086512,0.194163,0.380895,-0.0753531,0,0,0,0,0,0,0,0.771491,-23.4922,1.50539,19.3818,-0.806495,-1.00783,0.189014,0,0,0,0,0,0,0,0,0,0,0,0,0,0,0,0,0,0,0,0,0,0,0,0,0,0,0.880098,0.710503,0.520287,-0.527492,-0.230937,-0.158194,0.171342,0.994557,1.71311,-2.93643,-1.15512,1.4435,0.743899,0.0462241,1
28527.3,-0.484819,0.0782177,0.639625,-2.26538,-1.81155,1.9534,0.0422285,-0.0233278,0.1501,-0.988386,0,0.831481,0.551817,0.0641767,0,0.555052,-0.820342,-0.137681,0,0.598276,-0.0680363,0.350021,1,-0.424832,0.0815636,0.639606,-2.29305,-1.85894,1.80982,0.0540617,-0.184975,-0.0240164,0.00132701,0.0992463,0.205072,0.43694,-0.200664,0,0,0,0,0,0,0,0.156561,-23.6072,1.31892,19.0446,-0.725013,-1.1067,0.229297,0,0,0,0,0,0,0,0,0,0,0,0,0,0,0,0,0,0,0,0,0,0,0,0,0,0,0.785816,0.768245,0.460612,-0.522395,-0.24372,-0.187574,0.20638,1.20698,1.57851,-3.15514,-1.12103,1.59136,0.667987,0.0462241,1
28527.4,-0.491559,0.0769856,0.639611,-2.26176,-1.80359,1.96994,0.0329676,-0.0323217,0.160853,-0.986439,0,0.831581,0.551831,0.0627361,0,0.55445,-0.818293,-0.151601,0,0.599117,-0.0694822,0.349372,1,-0.424832,0.0815636,0.639606,-2.29305,-1.85894,1.80982,0.0540617,-0.203251,-0.036559,-0.00167488,0.115063,0.245756,0.521926,-0.297667,0,0,0,0,0,0,0,0.517584,-23.5675,1.50539,19.0843,-0.815651,-1.22572,0.149646,0,0,0,0,0,0,0,0,0,0,0,0,0,0,0,0,0,0,0,0,0,0,0,0,0,0,0.654668,0.822595,0.302395,-0.718889,-0.254265,-0.263007,0.212768,0.838069,1.31531,-3.43468,-1.08533,1.5668,0.526288,0.0462241,1
28527.4,-0.498763,0.075504,0.639617,-2.25773,-1.7939,1.98929,0.0223962,-0.0426432,0.173761,-0.983854,0,0.831284,0.552414,0.0615328,0,0.554197,-0.815254,-0.168005,0,0.600058,-0.0707165,0.348569,1,-0.424832,0.0815636,0.639606,-2.29305,-1.85894,1.80982,0.0540617,-0.228626,-0.0484362,-0.000113658,0.12676,0.311938,0.614278,-0.347057,0,0,0,0,0,0,0,0.731818,-23.5318,1.43398,19.3818,-0.734169,-1.11678,0.199084,0,0,0,0,0,0,0,0,0,0,0,0,0,0,0,0,0,0,0,0,0,0,0,0,0,0,0.642564,0.93576,0.303573,-0.790591,-0.298896,-0.314887,0.198337,1.10859,1.36432,-3.81291,-1.18857,1.84186,0.526129,0.0462241,1
28527.4,-0.506606,0.0737488,0.63962,-2.25297,-1.78184,2.01074,0.00859668,-0.0551052,0.187849,-0.980641,0,0.83102,0.553061,0.0592453,0,0.553494,-0.811683,-0.186586,0,0.60108,-0.0719757,0.347839,1,-0.424832,0.0815636,0.639606,-2.29305,-1.85894,1.80982,0.0540617,-0.233355,-0.0535612,0.000670011,0.144785,0.376698,0.654808,-0.4233,0,0,0,0,0,0,0,0.370795,-23.6429,1.3586,19.5326,-0.698463,-1.16621,0.178943,0,0,0,0,0,0,0,0,0,0,0,0,0,0,0,0,0,0,0,0,0,0,0,0,0,0,0.651642,1.02334,0.263164,-0.853164,-0.310997,-0.2684,0.194485,1.17573,1.24069,-3.959,-1.11901,1.96207,0.510614,0.0462241,1
28527.5,-0.514461,0.0715919,0.639619,-2.24779,-1.76905,2.03323,-0.00766405,-0.0688539,0.201507,-0.977054,0,0.830137,0.554733,0.0559069,0,0.55328,-0.807255,-0.205477,0,0.602239,-0.072988,0.347452,1,-0.424832,0.0815636,0.639606,-2.29305,-1.85894,1.80982,0.0540617,-0.231045,-0.0721675,0.000172446,0.151542,0.376087,0.642052,-0.497231,0,0,0,0,0,0,0,0.624701,-23.6826,1.3943,19.3064,-0.626136,-0.601333,0.168872,0,0,0,0,0,0,0,0,0,0,0,0,0,0,0,0,0,0,0,0,0,0,0,0,0,0,0.543315,1.22419,0.169043,-0.93915,-0.300807,-0.229446,0.192367,1.48841,0.997451,-4.28722,-0.991807,2.28251,0.410181,0.0462241,1
28527.5,-0.522485,0.0688383,0.639642,-2.24241,-1.75631,2.05595,-0.0253252,-0.082681,0.214113,-0.973293,0,0.828724,0.557203,0.0521784,0,0.553505,-0.802292,-0.223515,0,0.603489,-0.0739503,0.347617,1,-0.424832,0.0815636,0.639606,-2.29305,-1.85894,1.80982,0.0540617,-0.228858,-0.0911547,0.00130216,0.160854,0.364076,0.650177,-0.542239,0,0,0,0,0,0,0,0.263678,-23.4922,1.13246,19.6833,-0.536415,-0.76979,0.109363,0,0,0,0,0,0,0,0,0,0,0,0,0,0,0,0,0,0,0,0,0,0,0,0,0,0,0.38386,1.32661,0.0605196,-0.90151,-0.250186,-0.212082,0.17042,1.87499,0.773695,-4.26351,-0.838833,2.496,0.273183,0.0462267,1
28527.5,-0.530572,0.0654675,0.639623,-2.23667,-1.74444,2.07822,-0.0440183,-0.0959222,0.224796,-0.969663,0,0.826708,0.560548,0.0481709,0,0.554382,-0.797023,-0.239615,0,0.604905,-0.0749398,0.348585,1,-0.424832,0.0815636,0.639606,-2.29305,-1.85894,1.80982,0.0540617,-0.232169,-0.10209,-0.00462304,0.173288,0.32793,0.639023,-0.584389,0,0,0,0,0,0,0,0.55329,-23.1867,1.28322,19.5326,-0.536415,-0.541824,0.219226,0,0,0,0,0,0,0,0,0,0,0,0,0,0,0,0,0,0,0,0,0,0,0,0,0,0,0.575266,1.41864,0.210865,-1.01499,-0.168507,-0.112092,0.16876,1.70091,1.09428,-4.26969,-0.864645,2.51184,0.441267,0.0462267,1
28527.6,-0.538602,0.0612308,0.639642,-2.23085,-1.73488,2.10005,-0.0634372,-0.108562,0.232358,-0.966543,0,0.823469,0.565674,0.0434962,0,0.556866,-0.791211,-0.252755,0,0.606532,-0.0758133,0.3505,1,-0.424832,0.0815636,0.639606,-2.29305,-1.85894,1.80982,0.0540617,-0.221107,-0.135397,-0.00031746,0.16613,0.239008,0.634057,-0.589557,0,0,0,0,0,0,0,0.55329,-23.151,1.13246,19.9452,-0.283729,-0.670913,0.209155,0,0,0,0,0,0,0,0,0,0,0,0,0,0,0,0,0,0,0,0,0,0,0,0,0,0,0.120338,1.67994,-0.159574,-0.964521,-0.137152,-0.185122,0.161391,2.67175,0.40471,-4.61197,-0.575146,3.11415,0.0278229,0.0462267,1
28527.6,-0.546402,0.0562686,0.639636,-2.22507,-1.72692,2.12084,-0.0834159,-0.120558,0.237089,-0.963969,0,0.819497,0.571795,0.0381439,0,0.560247,-0.785386,-0.263233,0,0.608224,-0.0766587,0.353196,1,-0.424832,0.0815636,0.639606,-2.29305,-1.85894,1.80982,0.0540617,-0.234952,-0.158083,-0.00415172,0.168234,0.222748,0.607983,-0.603167,0,0,0,0,0,0,0,0.4065,-23.151,1.17214,19.6079,-0.35514,-0.591262,0.0690795,0,0,0,0,0,0,0,0,0,0,0,0,0,0,0,0,0,0,0,0,0,0,0,0,0,0,0.243728,1.5983,-0.0602707,-0.70251,-0.145313,-0.122959,0.139544,3.27315,0.551095,-4.23654,-0.576276,3.20431,0.133196,0.0462267,1
28527.6,-0.55413,0.050542,0.639636,-2.22028,-1.71939,2.141,-0.102451,-0.131659,0.240879,-0.961574,0,0.815356,0.577994,0.033152,0,0.56378,-0.779675,-0.272505,0,0.609616,-0.0775234,0.356043,1,-0.424832,0.0815636,0.639606,-2.29305,-1.85894,1.80982,0.0540617,-0.225979,-0.174861,0.000721282,0.130585,0.221774,0.585831,-0.54031,0,0,0,0,0,0,0,0.588995,-22.9605,1.13246,20.0166,-0.418312,-0.20491,-0.049939,0,0,0,0,0,0,0,0,0,0,0,0,0,0,0,0,0,0,0,0,0,0,0,0,0,0,0.145052,1.13736,-0.10241,-0.120951,-0.189697,-0.166851,0.0912747,3.76342,0.376629,-3.05012,-0.489581,2.81969,0.0506448,0.0462267,1
28527.7,-0.561851,0.0440826,0.639651,-2.21658,-1.71156,2.16057,-0.118357,-0.140213,0.245678,-0.959147,0,0.811695,0.583255,0.0307384,0,0.56699,-0.77424,-0.281201,0,0.610611,-0.0784513,0.358866,1,-0.424832,0.0815636,0.639606,-2.29305,-1.85894,1.80982,0.0540617,-0.227761,-0.191291,0.000365683,0.0976124,0.243059,0.591692,-0.446796,0,0,0,0,0,0,0,0.517584,-22.9963,0.946,20.3935,-0.292884,-0.482315,0.0498535,0,0,0,0,0,0,0,0,0,0,0,0,0,0,0,0,0,0,0,0,0,0,0,0,0,0,0.158831,0.822535,-0.0554981,0.339288,-0.249237,-0.164324,0.0434721,4.32674,0.340394,-2.21972,-0.471851,2.64131,0.0730004,0.0462267,1
28527.7,-0.569233,0.0373462,0.639653,-2.2139,-1.70197,2.18009,-0.13146,-0.146937,0.253034,-0.956224,0,0.808691,0.58739,0.0311679,0,0.569574,-0.768725,-0.290941,0,0.611198,-0.0791815,0.361252,1,-0.424832,0.0815636,0.639606,-2.29305,-1.85894,1.80982,0.0540617,-0.212279,-0.200108,-0.000143548,0.0707036,0.292494,0.581156,-0.324355,0,0,0,0,0,0,0,0.299384,-22.54,0.910294,20.2784,-0.454933,-0.234207,-0.0105713,0,0,0,0,0,0,0,0,0,0,0,0,0,0,0,0,0,0,0,0,0,0,0,0,0,0,0.0492401,0.42746,-0.155662,0.547983,-0.317484,-0.228738,0.0332964,3.79449,0.0395808,-1.50499,-0.393008,2.0167,-0.039201,0.0462267,1
28527.8,-0.576649,0.0305766,0.639659,-2.2122,-1.69065,2.1995,-0.142381,-0.152365,0.262803,-0.952733,0,0.806537,0.5902,0.0338167,0,0.571201,-0.763276,-0.301892,0,0.61138,-0.0799329,0.363086,1,-0.424832,0.0815636,0.639606,-2.29305,-1.85894,1.80982,0.0540617,-0.223138,-0.192665,0.000142027,0.036919,0.359715,0.583136,-0.305252,0,0,0,0,0,0,0,0.55329,-22.6551,0.79921,20.207,-0.32859,-0.422805,-0.0398682,0,0,0,0,0,0,0,0,0,0,0,0,0,0,0,0,0,0,0,0,0,0,0,0,0,0,0.351003,-0.127664,0.193367,0.728793,-0.393638,-0.188315,0.0167386,2.68785,0.494752,-0.568274,-0.613984,1.03678,0.279577,0.0462267,1
28527.8,-0.583972,0.0240833,0.639655,-2.21142,-1.67696,2.21902,-0.150224,-0.155929,0.276341,-0.948316,0,0.805482,0.591262,0.0398521,0,0.571727,-0.757652,-0.314788,0,0.611179,-0.0805982,0.364165,1,-0.424832,0.0815636,0.639606,-2.29305,-1.85894,1.80982,0.0540617,-0.217529,-0.193812,0.00116605,0.00906824,0.418336,0.583269,-0.198747,0,0,0,0,0,0,0,0.517584,-22.2345,0.723832,20.3181,-0.400917,-0.164627,0.109363,0,0,0,0,0,0,0,0,0,0,0,0,0,0,0,0,0,0,0,0,0,0,0,0,0,0,0.312579,-0.213063,0.140583,0.665907,-0.395368,-0.239901,0.0282397,2.24802,0.450689,-0.53041,-0.632221,0.813564,0.232295,0.0462267,1
28527.8,-0.591395,0.0176597,0.639657,-2.21149,-1.66124,2.23982,-0.158223,-0.160279,0.291938,-0.942902,0,0.804499,0.592109,0.0465735,0,0.571908,-0.751113,-0.329773,0,0.610714,-0.0810287,0.364587,1,-0.424832,0.0815636,0.639606,-2.29305,-1.85894,1.80982,0.0540617,-0.21845,-0.188542,-0.000176802,-0.00748168,0.47737,0.627075,-0.262111,0,0,0,0,0,0,0,0.878607,-22.3099,0.684159,20.8021,-0.157386,-0.383438,0.119434,0,0,0,0,0,0,0,0,0,0,0,0,0,0,0,0,0,0,0,0,0,0,0,0,0,0,0.271257,-0.166625,0.141701,0.664699,-0.386671,-0.274691,0.0829854,2.40239,0.474672,-0.777821,-0.663184,0.939429,0.211124,0.0462267,1
28527.9,-0.598803,0.0116692,0.639658,-2.21175,-1.64417,2.26154,-0.167787,-0.166106,0.308193,-0.9367,0,0.803177,0.593379,0.0528051,0,0.572103,-0.743579,-0.346104,0,0.61023,-0.0812064,0.364618,1,-0.424832,0.0815636,0.639606,-2.29305,-1.85894,1.80982,0.0540617,-0.221032,-0.163571,-0.00170642,-0.000739448,0.504105,0.659971,-0.283326,0,0,0,0,0,0,0,0.446173,-21.9687,0.497697,20.691,-0.057594,-0.254348,0.199084,0,0,0,0,0,0,0,0,0,0,0,0,0,0,0,0,0,0,0,0,0,0,0,0,0,0,0.382941,-0.28486,0.201371,0.512179,-0.380402,-0.272638,0.136147,1.51145,0.635855,-0.814179,-0.742491,0.521595,0.295052,0.0462274,1
28527.9,-0.606042,0.00647175,0.639655,-2.21181,-1.62598,2.28342,-0.178846,-0.173029,0.324778,-0.929818,0,0.801678,0.594861,0.058597,0,0.572154,-0.735289,-0.363303,0,0.60983,-0.0811864,0.364356,1,-0.424832,0.0815636,0.639606,-2.29305,-1.85894,1.80982,0.0540617,-0.205561,-0.137046,-0.000464829,0.00190253,0.541377,0.637779,-0.376217,0,0,0,0,0,0,0,0.446173,-22.0838,0.497697,20.6156,-0.129921,-0.214981,0.099292,0,0,0,0,0,0,0,0,0,0,0,0,0,0,0,0,0,0,0,0,0,0,0,0,0,0,0.335168,-0.522452,0.167227,0.482158,-0.333126,-0.231403,0.166825,0.451454,0.50431,-0.336419,-0.619406,-0.171894,0.252004,0.0462274,1
28527.9,-0.612836,0.00197882,0.639679,-2.21178,-1.60736,2.30431,-0.192102,-0.181425,0.340084,-0.922718,0,0.799972,0.596741,0.0626494,0,0.571941,-0.726797,-0.380329,0,0.609477,-0.0810207,0.36395,1,-0.424832,0.0815636,0.639606,-2.29305,-1.85894,1.80982,0.0540617,-0.19604,-0.122481,0.00117896,0.000773129,0.552561,0.591369,-0.404167,0,0,0,0,0,0,0,0.192267,-21.8933,0.20015,20.5045,-0.0218884,-0.0657496,0.158801,0,0,0,0,0,0,0,0,0,0,0,0,0,0,0,0,0,0,0,0,0,0,0,0,0,0,0.257951,-0.313674,0.106883,0.251578,-0.348983,-0.16217,0.177079,0.271479,0.210875,-0.825929,-0.464204,-0.0158876,0.182774,0.0462274,1
28528,-0.619049,-0.00195666,0.639664,-2.21177,-1.58802,2.32327,-0.207205,-0.190686,0.354103,-0.915549,0,0.798584,0.598337,0.0650915,0,0.570867,-0.718745,-0.396883,0,0.609069,-0.080863,0.363451,1,-0.424832,0.0815636,0.639606,-2.29305,-1.85894,1.80982,0.0540617,-0.174524,-0.112407,0.000554744,-0.000391998,0.578339,0.534047,-0.434689,0,0,0,0,0,0,0,0.4065,-21.7783,0.311234,20.5045,0.0229724,-0.0556788,0.178943,0,0,0,0,0,0,0,0,0,0,0,0,0,0,0,0,0,0,0,0,0,0,0,0,0,0,0.0471522,-0.0684324,-0.0717926,0.0906315,-0.336169,-0.108724,0.16544,0.382065,-0.294212,-1.18921,-0.188451,0.247063,-0.0125877,0.0462274,1
28528,-0.624694,-0.00543395,0.639689,-2.21177,-1.56849,2.33941,-0.223015,-0.199702,0.3667,-0.908642,0,0.797915,0.599085,0.0664063,0,0.568716,-0.711771,-0.412242,0,0.608579,-0.0808702,0.362989,1,-0.424832,0.0815636,0.639606,-2.29305,-1.85894,1.80982,0.0540617,-0.16657,-0.0953549,0.000160553,0.00103565,0.587721,0.466465,-0.494944,0,0,0,0,0,0,0,0.299384,-21.6236,0.0493934,20.5045,0.0229724,0.172288,0.0791503,0,0,0,0,0,0,0,0,0,0,0,0,0,0,0,0,0,0,0,0,0,0,0,0,0,0,0.194107,-0.0574586,0.054469,0.014285,-0.327923,-0.0515493,0.155006,0.172244,-0.0674244,-1.22343,-0.263965,0.192618,0.123393,0.0462274,1
28528,-0.630212,-0.00855801,0.639681,-2.21157,-1.54838,2.35356,-0.239973,-0.208619,0.378372,-0.901828,0,0.797913,0.599049,0.066757,0,0.565509,-0.705667,-0.42689,0,0.608049,-0.0811907,0.362619,1,-0.424832,0.0815636,0.639606,-2.29305,-1.85894,1.80982,0.0540617,-0.15616,-0.0861747,-0.00161765,0.0116106,0.603827,0.422763,-0.527963,0,0,0,0,0,0,0,0.481879,-21.5125,0.124772,20.3538,0.0229724,0.251023,0.178943,0,0,0,0,0,0,0,0,0,0,0,0,0,0,0,0,0,0,0,0,0,0,0,0,0,0,0.451216,-0.0177831,0.312895,-0.213222,-0.320445,-0.0414719,0.153498,-0.267892,0.517244,-1.49521,-0.543569,0.159142,0.380032,0.0462274,1
28528.1,-0.635485,-0.0113391,0.63968,-2.21113,-1.52785,2.36717,-0.257848,-0.217738,0.389664,-0.894837,0,0.797761,0.599242,0.0668285,0,0.562276,-0.699329,-0.441345,0,0.607619,-0.0814261,0.362302,1,-0.424832,0.0815636,0.639606,-2.29305,-1.85894,1.80982,0.0540617,-0.141969,-0.0769784,-0.000696545,0.0153631,0.616952,0.373601,-0.5672,0,0,0,0,0,0,0,0.4065,-21.4331,0.0890663,20.4649,0.167626,0.142075,0.119434,0,0,0,0,0,0,0,0,0,0,0,0,0,0,0,0,0,0,0,0,0,0,0,0,0,0,0.178886,0.041327,0.0383024,-0.291761,-0.348517,-0.13329,0.157662,-0.311922,0.0387878,-1.72446,-0.39107,0.225582,0.105621,0.0462274,1
28528.1,-0.640507,-0.0138956,0.639683,-2.2105,-1.50662,2.38082,-0.277523,-0.227851,0.400402,-0.887549,0,0.797048,0.600263,0.0661808,0,0.559272,-0.692353,-0.455919,0,0.607297,-0.0814508,0.362022,1,-0.424832,0.0815636,0.639606,-2.29305,-1.85894,1.80982,0.0540617,-0.147259,-0.0733606,4.55358e-05,0.0145749,0.633143,0.423097,-0.618808,0,0,0,0,0,0,0,0.263678,-21.2427,0.0136879,20.4649,0.0952991,0.240952,0.099292,0,0,0,0,0,0,0,0,0,0,0,0,0,0,0,0,0,0,0,0,0,0,0,0,0,0,0.105567,0.206804,0.0186506,-0.352219,-0.340643,-0.186584,0.183125,0.130197,0.0584818,-2.14721,-0.430803,0.607149,0.0573455,0.0462274,1
28528.1,-0.645433,-0.0162157,0.639665,-2.20976,-1.48469,2.39432,-0.298342,-0.23835,0.410944,-0.87994,0,0.796101,0.601612,0.065321,0,0.556237,-0.684965,-0.470556,0,0.607039,-0.0814205,0.361756,1,-0.424832,0.0815636,0.639606,-2.29305,-1.85894,1.80982,0.0540617,-0.150804,-0.0711486,-9.9348e-05,0.0266551,0.643073,0.413944,-0.63663,0,0,0,0,0,0,0,0.370795,-21.3221,-0.0220177,20.4292,0.212487,0.300461,0.189014,0,0,0,0,0,0,0,0,0,0,0,0,0,0,0,0,0,0,0,0,0,0,0,0,0,0,0.336396,0.349521,0.229053,-0.459029,-0.35389,-0.162975,0.159465,0.439935,0.507175,-2.49468,-0.649085,0.94467,0.275488,0.0462274,1
28528.2,-0.650417,-0.0183736,0.639668,-2.20898,-1.46176,2.4082,-0.320779,-0.249623,0.421382,-0.871841,0,0.794676,0.603612,0.064212,0,0.553322,-0.676815,-0.485547,0,0.606847,-0.081285,0.361476,1,-0.424832,0.0815636,0.639606,-2.29305,-1.85894,1.80982,0.0540617,-0.14656,-0.0538352,-0.000838479,0.0289332,0.67526,0.399982,-0.687385,0,0,0,0,0,0,0,0.227972,-21.1316,-0.0616905,20.4649,0.104454,0.300461,0.0892211,0,0,0,0,0,0,0,0,0,0,0,0,0,0,0,0,0,0,0,0,0,0,0,0,0,0,0.332585,0.0850048,0.242543,-0.348419,-0.360453,-0.18037,0.181268,-0.0656538,0.570767,-2.08954,-0.703366,0.474615,0.280873,0.0462274,1
28528.2,-0.655875,-0.0202437,0.63967,-2.20799,-1.43785,2.42167,-0.345113,-0.261417,0.431436,-0.863426,0,0.793307,0.605598,0.0624183,0,0.54983,-0.668657,-0.500585,0,0.60668,-0.0814835,0.361234,1,-0.424832,0.0815636,0.639606,-2.29305,-1.85894,1.80982,0.0540617,-0.167852,-0.0436011,0.000996913,0.0322784,0.714919,0.376458,-0.718829,0,0,0,0,0,0,0,0.517584,-21.2427,-0.137069,20.5402,0.347985,0.478989,0.219226,0,0,0,0,0,0,0,0,0,0,0,0,0,0,0,0,0,0,0,0,0,0,0,0,0,0,0.792238,-0.0363561,0.696335,-0.337687,-0.382922,-0.07305,0.175576,-0.258645,1.40757,-2.01529,-1.07778,0.33581,0.736593,0.0462274,1
28528.2,-0.661532,-0.0216218,0.639664,-2.20677,-1.4132,2.43364,-0.370365,-0.27298,0.441258,-0.854842,0,0.792524,0.606849,0.0601675,0,0.54532,-0.661071,-0.515375,0,0.606495,-0.0820931,0.360969,1,-0.424832,0.0815636,0.639606,-2.29305,-1.85894,1.80982,0.0540617,-0.172699,-0.0398634,0.00100246,0.0384383,0.726799,0.373655,-0.725322,0,0,0,0,0,0,0,0.55329,-21.0523,-0.137069,20.691,0.402001,0.548569,0.178943,0,0,0,0,0,0,0,0,0,0,0,0,0,0,0,0,0,0,0,0,0,0,0,0,0,0,0.886282,-0.0722442,0.748922,-0.423655,-0.370043,-0.0613948,0.16192,-0.617123,1.58337,-1.94349,-1.14652,0.183751,0.809431,0.0462274,1
28528.3,-0.667337,-0.0225793,0.639671,-2.20508,-1.38847,2.44604,-0.396618,-0.284778,0.45069,-0.846026,0,0.79103,0.608991,0.0581522,0,0.541442,-0.652685,-0.529947,0,0.606549,-0.0826693,0.36085,1,-0.424832,0.0815636,0.639606,-2.29305,-1.85894,1.80982,0.0540617,-0.16605,-0.0190981,0.000209578,0.0547269,0.716811,0.341774,-0.799799,0,0,0,0,0,0,0,0.156561,-21.0523,-0.248153,20.691,0.392845,0.55864,0.189014,0,0,0,0,0,0,0,0,0,0,0,0,0,0,0,0,0,0,0,0,0,0,0,0,0,0,0.453338,-0.0365046,0.37271,-0.393354,-0.330549,-0.167303,0.168927,-0.515881,0.928576,-1.84897,-0.85595,0.211593,0.405327,0.0462274,1
28528.3,-0.672983,-0.0231806,0.639654,-2.2028,-1.36458,2.45874,-0.423999,-0.297113,0.458672,-0.837451,0,0.788334,0.612689,0.0558832,0,0.53874,-0.6436,-0.543635,0,0.606923,-0.083096,0.361032,1,-0.424832,0.0815636,0.639606,-2.29305,-1.85894,1.80982,0.0540617,-0.163173,-0.0144797,0.00129943,0.0746213,0.685812,0.377769,-0.793226,0,0,0,0,0,0,0,0.116888,-21.1316,-0.323531,20.9171,0.456017,0.747239,0.168872,0,0,0,0,0,0,0,0,0,0,0,0,0,0,0,0,0,0,0,0,0,0,0,0,0,0,0.498155,0.203569,0.355252,-0.554328,-0.313091,-0.163806,0.16097,-0.20132,0.963877,-2.27232,-0.846138,0.61013,0.416683,0.0462274,1
28528.3,-0.678453,-0.0233259,0.639652,-2.19993,-1.34171,2.4709,-0.451429,-0.309136,0.465503,-0.82929,0,0.785077,0.617049,0.0537121,0,0.536726,-0.634465,-0.556218,0,0.607552,-0.0835356,0.361477,1,-0.424832,0.0815636,0.639606,-2.29305,-1.85894,1.80982,0.0540617,-0.159484,-0.00310642,0.00124691,0.0898869,0.650673,0.361742,-0.798131,0,0,0,0,0,0,0,0.227972,-21.0166,-0.283859,20.7267,0.528344,0.825974,0.158801,0,0,0,0,0,0,0,0,0,0,0,0,0,0,0,0,0,0,0,0,0,0,0,0,0,0,0.314315,0.130814,0.221891,-0.406088,-0.27843,-0.167118,0.145564,-0.0890269,0.669968,-1.89116,-0.680651,0.50598,0.259794,0.046228,1
28528.4,-0.683901,-0.0232999,0.639649,-2.19686,-1.3198,2.48338,-0.47881,-0.321002,0.471381,-0.821425,0,0.781004,0.622348,0.0519336,0,0.535702,-0.624877,-0.567936,0,0.608365,-0.0839107,0.362112,1,-0.424832,0.0815636,0.639606,-2.29305,-1.85894,1.80982,0.0540617,-0.155625,0.000555713,0.00112041,0.0882111,0.634087,0.324673,-0.81265,0,0,0,0,0,0,0,0.446173,-21.3578,-0.248153,20.8021,0.510033,0.756394,0.158801,0,0,0,0,0,0,0,0,0,0,0,0,0,0,0,0,0,0,0,0,0,0,0,0,0,0,0.236,0.120761,0.143537,-0.319494,-0.258003,-0.163776,0.13359,0.0970154,0.521187,-1.718,-0.592019,0.527931,0.182114,0.046228,1
28528.4,-0.689107,-0.0233477,0.639649,-2.19404,-1.29857,2.49464,-0.50594,-0.332559,0.476198,-0.814015,0,0.776958,0.627571,0.0497092,0,0.534534,-0.615936,-0.578702,0,0.609093,-0.0844043,0.362791,1,-0.424832,0.0815636,0.639606,-2.29305,-1.85894,1.80982,0.0540617,-0.147879,0.00158805,-0.000418127,0.0821526,0.62234,0.326224,-0.789313,0,0,0,0,0,0,0,0.156561,-21.092,-0.248153,20.8021,0.554894,0.955063,0.189014,0,0,0,0,0,0,0,0,0,0,0,0,0,0,0,0,0,0,0,0,0,0,0,0,0,0,0.463609,0.0715484,0.300838,-0.20269,-0.283825,-0.116885,0.121354,0.4428,0.855097,-1.65833,-0.763984,0.632896,0.373864,0.046228,1
28528.4,-0.694258,-0.0233473,0.639649,-2.19141,-1.27735,2.50545,-0.532411,-0.343388,0.481084,-0.806612,0,0.773068,0.63248,0.0481192,0,0.533326,-0.607054,-0.589108,0,0.60978,-0.0849641,0.363441,1,-0.424832,0.0815636,0.639606,-2.29305,-1.85894,1.80982,0.0540617,-0.143672,-0.000477896,-0.000249079,0.0691622,0.613466,0.301705,-0.78535,0,0,0,0,0,0,0,0.227972,-21.092,-0.248153,20.9528,0.654686,0.955063,0.0791503,0,0,0,0,0,0,0,0,0,0,0,0,0,0,0,0,0,0,0,0,0,0,0,0,0,0,0.3462,0.0465432,0.252665,-0.045407,-0.29595,-0.112978,0.127209,0.859869,0.679011,-1.59782,-0.706138,0.745199,0.291413,0.046228,1
28528.5,-0.699232,-0.023376,0.639643,-2.18902,-1.25582,2.5159,-0.559237,-0.35423,0.485622,-0.799171,0,0.769001,0.637536,0.0465459,0,0.532114,-0.598087,-0.599289,0,0.610422,-0.0854967,0.364068,1,-0.424832,0.0815636,0.639606,-2.29305,-1.85894,1.80982,0.0540617,-0.141672,0.000257058,-0.00116895,0.0642435,0.631497,0.317449,-0.792029,0,0,0,0,0,0,0,0.263678,-21.0523,-0.172775,21.1393,0.591515,0.975205,0.0498535,0,0,0,0,0,0,0,0,0,0,0,0,0,0,0,0,0,0,0,0,0,0,0,0,0,0,0.312042,0.12497,0.176656,0.0270835,-0.324576,-0.095365,0.135159,1.36564,0.514002,-1.81459,-0.654117,1.02226,0.235324,0.046228,1
28528.5,-0.704024,-0.0233827,0.639656,-2.18682,-1.23359,2.52504,-0.586196,-0.364716,0.490188,-0.79163,0,0.765453,0.641914,0.0448266,0,0.530142,-0.589618,-0.609344,0,0.610931,-0.0861736,0.364615,1,-0.424832,0.0815636,0.639606,-2.29305,-1.85894,1.80982,0.0540617,-0.135268,0.000586506,0.000462582,0.0585008,0.669686,0.244493,-0.785123,0,0,0,0,0,0,0,0.156561,-21.0523,-0.323531,20.9885,0.564049,1.05394,0.119434,0,0,0,0,0,0,0,0,0,0,0,0,0,0,0,0,0,0,0,0,0,0,0,0,0,0,0.188865,0.157615,0.119647,0.0365148,-0.342783,-0.121328,0.131957,1.5465,0.359751,-1.91928,-0.617214,1.14294,0.144808,0.046228,1
28528.5,-0.708672,-0.0233581,0.639644,-2.18494,-1.21036,2.53331,-0.612756,-0.374489,0.495529,-0.783702,0,0.762569,0.645414,0.0436999,0,0.527477,-0.581273,-0.619588,0,0.611295,-0.0869435,0.364995,1,-0.424832,0.0815636,0.639606,-2.29305,-1.85894,1.80982,0.0540617,-0.139236,0.00222193,-0.00191386,0.0480291,0.686613,0.239325,-0.768647,0,0,0,0,0,0,0,0.481879,-21.3578,-0.172775,20.9885,0.618065,1.27184,0.0498535,0,0,0,0,0,0,0,0,0,0,0,0,0,0,0,0,0,0,0,0,0,0,0,0,0,0,0.265394,0.066698,0.186291,-0.0225884,-0.381898,-0.0691213,0.112865,1.05183,0.424952,-1.88689,-0.659393,0.880789,0.216978,0.0462267,1
28528.6,-0.713084,-0.023304,0.639652,-2.18356,-1.18565,2.53999,-0.638409,-0.383167,0.50232,-0.775138,0,0.761034,0.647254,0.0432513,0,0.523447,-0.573344,-0.630301,0,0.611392,-0.0878513,0.365059,1,-0.424832,0.0815636,0.639606,-2.29305,-1.85894,1.80982,0.0540617,-0.115843,0.000626735,-0.000119235,0.035944,0.729738,0.154995,-0.73571,0,0,0,0,0,0,0,0.299384,-21.5125,-0.283859,20.8418,0.618065,1.16289,0.119434,0,0,0,0,0,0,0,0,0,0,0,0,0,0,0,0,0,0,0,0,0,0,0,0,0,0,0.00893644,-0.174127,-0.0848745,0.172089,-0.396642,-0.0250561,0.0986639,0.585335,-0.165178,-1.36754,-0.391694,0.349625,-0.0432947,0.0462267,1
28528.6,-0.716924,-0.0232569,0.639652,-2.18271,-1.15904,2.54381,-0.664045,-0.391406,0.510178,-0.765833,0,0.761131,0.647212,0.042154,0,0.517173,-0.566411,-0.641647,0,0.611091,-0.0889397,0.364714,1,-0.424832,0.0815636,0.639606,-2.29305,-1.85894,1.80982,0.0540617,-0.108187,9.57251e-05,-0.000190582,0.014523,0.799584,0.0938124,-0.754398,0,0,0,0,0,0,0,0.192267,-21.4331,-0.283859,21.0282,0.627221,1.29198,0.178943,0,0,0,0,0,0,0,0,0,0,0,0,0,0,0,0,0,0,0,0,0,0,0,0,0,0,0.167429,-0.407493,0.0897035,0.251532,-0.425822,-0.000116554,0.127934,0.223931,0.239386,-1.18032,-0.642404,0.0233577,0.123906,0.0462267,1
28528.6,-0.720512,-0.0232438,0.639647,-2.18249,-1.12989,2.54554,-0.690805,-0.399871,0.519162,-0.755351,0,0.762421,0.645812,0.0402612,0,0.508727,-0.559807,-0.654074,0,0.610382,-0.0902119,0.363897,1,-0.424832,0.0815636,0.639606,-2.29305,-1.85894,1.80982,0.0540617,-0.100017,0.000205736,-0.00241666,-0.00061315,0.887788,0.0301746,-0.798265,0,0,0,0,0,0,0,0.192267,-21.4331,-0.212447,21.0282,0.537499,1.38078,0.219226,0,0,0,0,0,0,0,0,0,0,0,0,0,0,0,0,0,0,0,0,0,0,0,0,0,0,0.16874,-0.397884,0.12265,0.182939,-0.477909,0.0288761,0.142133,0.105184,0.25202,-1.4806,-0.697744,0.0437203,0.140227,0.0462267,1
28528.7,-0.723527,-0.0232131,0.639651,-2.1825,-1.09835,2.54565,-0.718196,-0.408193,0.529379,-0.743718,0,0.764507,0.643455,0.0384092,0,0.498892,-0.55291,-0.667381,0,0.609457,-0.0913564,0.362814,1,-0.424832,0.0815636,0.639606,-2.29305,-1.85894,1.80982,0.0540617,-0.0844068,0.00277818,0.000607642,0.00106156,0.953631,0.000130557,-0.800829,0,0,0,0,0,0,0,0.116888,-21.5125,-0.283859,21.0282,0.58236,1.411,0.229297,0,0,0,0,0,0,0,0,0,0,0,0,0,0,0,0,0,0,0,0,0,0,0,0,0,0,0.0903877,-0.270942,-0.0288598,-0.015103,-0.489447,0.00265096,0.147048,-0.133121,0.0627388,-1.82723,-0.615772,0.117918,0.0241074,0.0462267,1
28528.7,-0.726183,-0.0232115,0.639654,-2.18249,-1.06543,2.54564,-0.7464,-0.416613,0.539993,-0.731316,0,0.766306,0.641392,0.0370489,0,0.489076,-0.544987,-0.681025,0,0.608542,-0.0922284,0.361718,1,-0.424832,0.0815636,0.639606,-2.29305,-1.85894,1.80982,0.0540617,-0.0715316,-0.000694351,0.000100446,0.00294637,0.987769,-0.00116867,-0.843083,0,0,0,0,0,0,0,0.156561,-21.3974,-0.323531,20.9171,0.546654,1.49065,0.209155,0,0,0,0,0,0,0,0,0,0,0,0,0,0,0,0,0,0,0,0,0,0,0,0,0,0,-0.0529727,-0.00344648,-0.138642,-0.256506,-0.454198,-0.0752492,0.16488,0.0133566,-0.0685739,-2.29768,-0.532677,0.491735,-0.104589,0.0462267,1
28528.7,-0.728557,-0.0232271,0.639657,-2.18241,-1.03236,2.54564,-0.775812,-0.425817,0.549698,-0.718674,0,0.767182,0.640443,0.0353018,0,0.479684,-0.536332,-0.694443,0,0.607684,-0.0928809,0.360678,1,-0.424832,0.0815636,0.639606,-2.29305,-1.85894,1.80982,0.0540617,-0.0713858,0.00180439,0.00128579,0.00129058,0.970053,-0.000199029,-0.856148,0,0,0,0,0,0,0,0.263678,-21.3221,-0.359237,20.8775,0.663842,1.53001,0.109363,0,0,0,0,0,0,0,0,0,0,0,0,0,0,0,0,0,0,0,0,0,0,0,0,0,0,0.00756656,0.0209411,-0.0683819,-0.287833,-0.399344,-0.0871355,0.169129,0.0265413,0.138698,-2.16524,-0.584927,0.516357,-0.0391973,0.0462267,1
28528.8,-0.730901,-0.0232387,0.639649,-2.18207,-0.999093,2.54563,-0.805053,-0.434451,0.559516,-0.705814,0,0.767896,0.639636,0.0343907,0,0.470716,-0.527061,-0.707555,0,0.60692,-0.0934762,0.359794,1,-0.424832,0.0815636,0.639606,-2.29305,-1.85894,1.80982,0.0540617,-0.0665859,-0.000615061,-0.00104802,0.014617,0.990453,-0.00578033,-0.867403,0,0,0,0,0,0,0,0.299384,-21.2824,-0.248153,20.9528,0.654686,1.57945,0.0599243,0,0,0,0,0,0,0,0,0,0,0,0,0,0,0,0,0,0,0,0,0,0,0,0,0,0,0.106847,0.221841,0.062166,-0.541264,-0.402356,-0.09438,0.142503,-0.0174032,0.337691,-2.55479,-0.644738,0.768452,0.0737566,0.0462267,1
28528.8,-0.733253,-0.0232243,0.639652,-2.18127,-0.965252,2.54559,-0.833557,-0.441818,0.570091,-0.692657,0,0.768863,0.638438,0.0350392,0,0.462203,-0.517087,-0.720409,0,0.606298,-0.0940262,0.359143,1,-0.424832,0.0815636,0.639606,-2.29305,-1.85894,1.80982,0.0540617,-0.0651247,0.00165109,-0.000243005,0.0238647,0.981573,-0.00221801,-0.830036,0,0,0,0,0,0,0,0.192267,-21.4331,-0.283859,20.9885,0.690392,1.72777,0.199084,0,0,0,0,0,0,0,0,0,0,0,0,0,0,0,0,0,0,0,0,0,0,0,0,0,0,0.238898,0.280805,0.204239,-0.731194,-0.428328,-0.0677709,0.123686,-0.354585,0.565306,-2.80529,-0.741226,0.757221,0.209873,0.046228,1
28528.8,-0.73564,-0.0231992,0.639649,-2.18005,-0.930878,2.54538,-0.861604,-0.448151,0.581198,-0.679228,0,0.770058,0.636892,0.0368921,0,0.454045,-0.506521,-0.732993,0,0.605786,-0.0945796,0.358708,1,-0.424832,0.0815636,0.639606,-2.29305,-1.85894,1.80982,0.0540617,-0.0754983,0.000590777,-0.000611871,0.0388205,1.01486,-0.00856293,-0.838759,0,0,0,0,0,0,0,0.4065,-21.5879,-0.248153,21.3258,0.60067,1.877,0.229297,0,0,0,0,0,0,0,0,0,0,0,0,0,0,0,0,0,0,0,0,0,0,0,0,0,0,0.42026,0.254099,0.298571,-0.779197,-0.432658,-0.0182196,0.117353,-0.575696,0.798402,-2.8056,-0.828543,0.658515,0.347679,0.046228,1
28528.9,-0.738252,-0.023203,0.639651,-2.17845,-0.895778,2.5447,-0.88968,-0.453685,0.592741,-0.665438,0,0.771581,0.63489,0.0394788,0,0.445889,-0.495538,-0.745402,0,0.60531,-0.0952836,0.358443,1,-0.424832,0.0815636,0.639606,-2.29305,-1.85894,1.80982,0.0540617,-0.0764225,-0.00135566,0.000984386,0.0502541,1.04112,-0.0236625,-0.830146,0,0,0,0,0,0,0,0.4065,-21.4728,-0.283859,21.2901,0.663842,1.877,0.209155,0,0,0,0,0,0,0,0,0,0,0,0,0,0,0,0,0,0,0,0,0,0,0,0,0,0,0.614259,0.155185,0.452076,-0.686162,-0.447678,0.0346116,0.120054,-0.47565,1.12877,-2.67675,-1.00255,0.619383,0.521364,0.046228,1
28528.9,-0.74116,-0.0231234,0.639649,-2.17636,-0.859861,2.54336,-0.917403,-0.45804,0.605108,-0.651171,0,0.773759,0.632002,0.0430245,0,0.437584,-0.484152,-0.757705,0,0.60487,-0.0962105,0.358335,1,-0.424832,0.0815636,0.639606,-2.29305,-1.85894,1.80982,0.0540617,-0.0890627,0.00746529,-0.000247746,0.0728207,1.06124,-0.052884,-0.814834,0,0,0,0,0,0,0,0.192267,-21.7783,-0.283859,21.5519,0.717858,2.05553,0.168872,0,0,0,0,0,0,0,0,0,0,0,0,0,0,0,0,0,0,0,0,0,0,0,0,0,0,0.817343,-0.0795238,0.629653,-0.55347,-0.456109,0.0832318,0.13784,-0.688355,1.55909,-2.32553,-1.23926,0.319622,0.71273,0.046228,1
28528.9,-0.744231,-0.0229372,0.639649,-2.17376,-0.823179,2.54101,-0.946032,-0.462337,0.617415,-0.636415,0,0.776024,0.628976,0.0464381,0,0.428969,-0.472413,-0.769943,0,0.604437,-0.0973158,0.358343,1,-0.424832,0.0815636,0.639606,-2.29305,-1.85894,1.80982,0.0540617,-0.0928821,0.0065587,-0.00107262,0.0849788,1.07729,-0.0873351,-0.850937,0,0,0,0,0,0,0,0.227972,-21.7386,-0.248153,21.175,0.627221,1.99602,0.0791503,0,0,0,0,0,0,0,0,0,0,0,0,0,0,0,0,0,0,0,0,0,0,0,0,0,0,0.732899,-0.13987,0.603203,-0.441327,-0.455146,0.121124,0.139126,-0.562408,1.4479,-2.18465,-1.1995,0.281513,0.658158,0.046228,1
28529,-0.747273,-0.0228579,0.639649,-2.17102,-0.786746,2.53741,-0.974402,-0.466401,0.629475,-0.62146,0,0.778531,0.625641,0.0494292,0,0.419933,-0.460781,-0.781881,0,0.603883,-0.0985241,0.35836,1,-0.424832,0.0815636,0.639606,-2.29305,-1.85894,1.80982,0.0540617,-0.0867609,0.00168375,-0.0002306,0.0747683,1.05684,-0.118801,-0.823246,0,0,0,0,0,0,0,0.370795,-21.7783,-0.248153,21.2504,0.835045,2.19377,0.119434,0,0,0,0,0,0,0,0,0,0,0,0,0,0,0,0,0,0,0,0,0,0,0,0,0,0,0.356246,0.0186214,0.257356,-0.439627,-0.401485,0.0991563,0.127398,-0.346155,0.729587,-2.19823,-0.800844,0.425578,0.297739,0.046228,1
28529,-0.750256,-0.0228669,0.639652,-2.16845,-0.750929,2.53399,-1.00117,-0.469459,0.641743,-0.606428,0,0.781173,0.622003,0.0534887,0,0.411534,-0.448623,-0.793333,0,0.603334,-0.0995981,0.358373,1,-0.424832,0.0815636,0.639606,-2.29305,-1.85894,1.80982,0.0540617,-0.0910208,-0.000430971,-0.000319187,0.0732383,1.02713,-0.0940108,-0.775096,0,0,0,0,0,0,0,0.227972,-21.6632,-0.283859,21.3258,0.735253,2.32286,0.0196411,0,0,0,0,0,0,0,0,0,0,0,0,0,0,0,0,0,0,0,0,0,0,0,0,0,0,0.33696,-0.0574837,0.18178,-0.363567,-0.360761,0.15848,0.0955803,-0.609235,0.556909,-1.84379,-0.647275,0.146898,0.252532,0.0462287,1
28529,-0.753114,-0.0228076,0.639649,-2.16596,-0.716623,2.53059,-1.02523,-0.471091,0.654259,-0.591607,0,0.784249,0.617658,0.0585791,0,0.403745,-0.43638,-0.804091,0,0.602809,-0.100571,0.358352,1,-0.424832,0.0815636,0.639606,-2.29305,-1.85894,1.80982,0.0540617,-0.0843701,0.00368732,-0.000413937,0.074447,0.982358,-0.0985537,-0.678903,0,0,0,0,0,0,0,0.335089,-21.8933,-0.248153,21.3258,0.591515,2.39244,-0.0600098,0,0,0,0,0,0,0,0,0,0,0,0,0,0,0,0,0,0,0,0,0,0,0,0,0,0,0.260345,-0.243586,0.11781,-0.125959,-0.304303,0.246008,0.0451646,-0.811224,0.300507,-1.13903,-0.445917,-0.281657,0.18613,0.0462287,1
28529.1,-0.755869,-0.0227443,0.639658,-2.16368,-0.68487,2.52669,-1.04575,-0.471183,0.666801,-0.57736,0,0.788055,0.612256,0.0639717,0,0.396156,-0.424857,-0.813976,0,0.602204,-0.101555,0.358229,1,-0.424832,0.0815636,0.639606,-2.29305,-1.85894,1.80982,0.0540617,-0.0817531,0.0047819,-0.000603881,0.0626717,0.888115,-0.134598,-0.58057,0,0,0,0,0,0,0,0.116888,-21.9687,-0.323531,21.6273,0.717858,2.38237,-0.0398682,0,0,0,0,0,0,0,0,0,0,0,0,0,0,0,0,0,0,0,0,0,0,0,0,0,0,0.0849732,-0.261655,-0.0115569,0.0144153,-0.227375,0.252101,0.0249878,-0.69387,-0.0251497,-0.711385,-0.212967,-0.38326,0.0359814,0.0462287,1
28529.1,-0.7585,-0.022599,0.639661,-2.16134,-0.656709,2.52079,-1.06279,-0.470271,0.678787,-0.56398,0,0.792803,0.60567,0.0678903,0,0.387676,-0.415206,-0.822989,0,0.601381,-0.102783,0.357961,1,-0.424832,0.0815636,0.639606,-2.29305,-1.85894,1.80982,0.0540617,-0.0792439,0.00885354,-0.00119749,0.0720329,0.772826,-0.20772,-0.486134,0,0,0,0,0,0,0,0.116888,-21.9687,-0.323531,21.3258,0.835045,2.30272,0.0498535,0,0,0,0,0,0,0,0,0,0,0,0,0,0,0,0,0,0,0,0,0,0,0,0,0,0,0.1547,-0.550484,0.0766014,0.21403,-0.167643,0.263873,0.0206594,-1.10305,0.188771,0.0836615,-0.282159,-0.918709,0.118098,0.0462287,1
28529.1,-0.760678,-0.0224246,0.639661,-2.15938,-0.632463,2.51361,-1.07801,-0.470229,0.688843,-0.551689,0,0.797182,0.599727,0.0693497,0,0.378641,-0.407194,-0.831158,0,0.600336,-0.10396,0.357411,1,-0.424832,0.0815636,0.639606,-2.29305,-1.85894,1.80982,0.0540617,-0.0572825,0.00860888,0.00072147,0.0461623,0.657315,-0.190551,-0.452196,0,0,0,0,0,0,0,0.263678,-22.0441,-0.323531,21.4011,0.835045,2.41167,-0.0297974,0,0,0,0,0,0,0,0,0,0,0,0,0,0,0,0,0,0,0,0,0,0,0,0,0,0,-0.240567,-0.508023,-0.341428,0.345857,-0.113024,0.208719,0.0857762,-0.716099,-0.428054,0.187006,-0.00894208,-0.796875,-0.28801,0.0462287,1
28529.2,-0.762674,-0.0222377,0.639661,-2.15827,-0.610939,2.50737,-1.09343,-0.472001,0.696581,-0.540343,0,0.800047,0.5959,0.0693448,0,0.370302,-0.399577,-0.838579,0,0.599232,-0.104936,0.356575,1,-0.424832,0.0815636,0.639606,-2.29305,-1.85894,1.80982,0.0540617,-0.0562926,0.00949196,0.000367148,0.023945,0.586789,-0.185039,-0.425406,0,0,0,0,0,0,0,0.227972,-22.0838,-0.323531,21.4765,0.798424,2.35216,0.0498535,0,0,0,0,0,0,0,0,0,0,0,0,0,0,0,0,0,0,0,0,0,0,0,0,0,0,0.0284047,-0.686356,-0.146744,0.430969,-0.125293,0.236282,0.0898968,-0.860098,0.0484037,0.471941,-0.262927,-1.00194,-0.0558651,0.0462287,1
28529.2,-0.7644,-0.021796,0.639661,-2.15764,-0.59096,2.50041,-1.10757,-0.474025,0.703987,-0.528851,0,0.803025,0.592004,0.0682778,0,0.361156,-0.392323,-0.84596,0,0.597914,-0.10582,0.355298,1,-0.424832,0.0815636,0.639606,-2.29305,-1.85894,1.80982,0.0540617,-0.0428028,0.020235,0.000729291,0.0208931,0.580984,-0.219625,-0.363143,0,0,0,0,0,0,0,0.227972,-22.1195,-0.323531,21.4011,0.672997,2.28349,0.00957027,0,0,0,0,0,0,0,0,0,0,0,0,0,0,0,0,0,0,0,0,0,0,0,0,0,0,0.0432201,-0.861425,-0.112227,0.343252,-0.192881,0.175838,0.0516333,-1.56514,0.186905,0.645911,-0.415983,-1.37714,-0.0309954,0.0462287,1
28529.2,-0.765897,-0.0210554,0.639658,-2.15742,-0.571565,2.49403,-1.11769,-0.473462,0.713204,-0.516871,0,0.8073,0.586057,0.069172,0,0.352256,-0.384527,-0.853261,0,0.596597,-0.106459,0.353736,1,-0.424832,0.0815636,0.639606,-2.29305,-1.85894,1.80982,0.0540617,-0.0492576,0.0278998,0.000609828,0.00248154,0.579085,-0.145878,-0.281673,0,0,0,0,0,0,0,0.4065,-22.3099,-0.283859,21.4765,0.717858,2.45195,0.0297119,0,0,0,0,0,0,0,0,0,0,0,0,0,0,0,0,0,0,0,0,0,0,0,0,0,0,0.169674,-0.803947,-0.0147342,0.18455,-0.242666,0.140911,0.030128,-1.68875,0.407183,0.390239,-0.55477,-1.27668,0.0793351,0.0462287,1
28529.3,-0.767534,-0.0198573,0.639661,-2.15738,-0.552046,2.4905,-1.12717,-0.472097,0.722609,-0.504917,0,0.810978,0.580542,0.0725761,0,0.345576,-0.375221,-0.860108,0,0.595678,-0.106831,0.352201,1,-0.424832,0.0815636,0.639606,-2.29305,-1.85894,1.80982,0.0540617,-0.0517285,0.0389143,0.00125439,0.00297469,0.570437,-0.0789954,-0.256406,0,0,0,0,0,0,0,0.263678,-22.3099,-0.323531,21.4765,0.699547,2.41167,0.129504,0,0,0,0,0,0,0,0,0,0,0,0,0,0,0,0,0,0,0,0,0,0,0,0,0,0,0.294887,-0.795875,0.0920942,-0.135763,-0.278286,0.112383,0.0536536,-2.55667,0.756347,-0.0512323,-0.74127,-1.4873,0.194193,0.0462287,1
28529.3,-0.769137,-0.0182443,0.639656,-2.15708,-0.533001,2.48887,-1.1352,-0.469497,0.732242,-0.49333,0,0.8145,0.574864,0.0781108,0,0.3408,-0.365151,-0.866325,0,0.595166,-0.107007,0.350857,1,-0.424832,0.0815636,0.639606,-2.29305,-1.85894,1.80982,0.0540617,-0.0411554,0.0508425,-0.00110948,0.013381,0.542302,-0.0411975,-0.260475,0,0,0,0,0,0,0,0.116888,-22.3893,-0.248153,21.3258,0.717858,2.45195,0.168872,0,0,0,0,0,0,0,0,0,0,0,0,0,0,0,0,0,0,0,0,0,0,0,0,0,0,0.135202,-0.554319,-0.0147253,-0.461713,-0.26465,0.0594145,0.101195,-2.83847,0.620914,-0.743875,-0.650668,-1.28865,0.0594056,0.0462293,1
28529.3,-0.770598,-0.0163048,0.639656,-2.15623,-0.515173,2.488,-1.14522,-0.468872,0.739667,-0.482735,0,0.816318,0.571598,0.0829501,0,0.337292,-0.355179,-0.871827,0,0.594981,-0.107089,0.349776,1,-0.424832,0.0815636,0.639606,-2.29305,-1.85894,1.80982,0.0540617,-0.0437585,0.0604546,0.000116946,0.035794,0.486768,-0.02593,-0.302122,0,0,0,0,0,0,0,0.299384,-22.5797,-0.248153,21.3258,0.727013,2.53069,0.158801,0,0,0,0,0,0,0,0,0,0,0,0,0,0,0,0,0,0,0,0,0,0,0,0,0,0,0.258114,-0.446089,0.125896,-0.733517,-0.233134,0.0617211,0.147227,-3.34373,0.959533,-1.21334,-0.748929,-1.3197,0.190643,0.0462293,1
28529.4,-0.771854,-0.013979,0.639659,-2.15452,-0.49967,2.48698,-1.15582,-0.469629,0.745107,-0.473546,0,0.817012,0.570049,0.0866971,0,0.334549,-0.346184,-0.876489,0,0.595084,-0.1072,0.349001,1,-0.424832,0.0815636,0.639606,-2.29305,-1.85894,1.80982,0.0540617,-0.0356794,0.0707812,2.46858e-05,0.0640846,0.413065,-0.0400897,-0.350933,0,0,0,0,0,0,0,0.192267,-22.425,-0.248153,21.4011,0.744408,2.60027,0.119434,0,0,0,0,0,0,0,0,0,0,0,0,0,0,0,0,0,0,0,0,0,0,0,0,0,0,0.0628789,-0.40671,-0.0407932,-0.817454,-0.182641,0.0917983,0.17702,-3.77866,0.670504,-1.36423,-0.552102,-1.50689,0.010741,0.0462293,1
28529.4,-0.772921,-0.011155,0.639662,-2.15161,-0.486772,2.48419,-1.16923,-0.47383,0.747378,-0.465716,0,0.815925,0.571547,0.0870742,0,0.331262,-0.338737,-0.880638,0,0.595301,-0.107519,0.34844,1,-0.424832,0.0815636,0.639606,-2.29305,-1.85894,1.80982,0.0540617,-0.0297563,0.0905663,0.00202925,0.104205,0.353635,-0.117282,-0.390951,0,0,0,0,0,0,0,0.263678,-22.8812,-0.248153,21.5876,0.727013,2.68999,0.139575,0,0,0,0,0,0,0,0,0,0,0,0,0,0,0,0,0,0,0,0,0,0,0,0,0,0,0.166213,-0.378612,0.02573,-0.801629,-0.144711,0.162678,0.165149,-3.79471,0.736512,-1.38292,-0.503774,-1.54148,0.0961478,0.0462293,1
28529.5,-0.773635,-0.00784738,0.639654,-2.14726,-0.476271,2.47728,-1.18264,-0.479409,0.748465,-0.458201,0,0.81501,0.573338,0.0838065,0,0.325437,-0.333267,-0.884887,0,0.595318,-0.108137,0.347907,1,-0.424832,0.0815636,0.639606,-2.29305,-1.85894,1.80982,0.0540617,-0.0146004,0.102999,0.000123554,0.141426,0.286544,-0.247849,-0.378186,0,0,0,0,0,0,0,0.335089,-22.7304,-0.137069,21.2901,0.663842,2.70921,-0.0398682,0,0,0,0,0,0,0,0,0,0,0,0,0,0,0,0,0,0,0,0,0,0,0,0,0,0,0.111912,-0.647288,-0.0757786,-0.598311,-0.168889,0.240091,0.101972,-4.24778,0.509072,-0.83946,-0.421113,-2.07452,0.01935,0.0462293,1
28529.5,-0.773915,-0.00400804,0.639656,-2.14201,-0.466122,2.46865,-1.1929,-0.482921,0.751205,-0.449955,0,0.815616,0.572873,0.0810465,0,0.318656,-0.327858,-0.889364,0,0.595365,-0.10865,0.347357,1,-0.424832,0.0815636,0.639606,-2.29305,-1.85894,1.80982,0.0540617,-0.00266745,0.116409,0.00135707,0.158556,0.282248,-0.269686,-0.291072,0,0,0,0,0,0,0,0.227972,-22.8455,-0.137069,21.4011,0.618065,2.65978,-0.0105713,0,0,0,0,0,0,0,0,0,0,0,0,0,0,0,0,0,0,0,0,0,0,0,0,0,0,0.059658,-0.568569,-0.165993,-0.595967,-0.20896,0.280396,0.0669198,-4.02087,0.278575,-1.05494,-0.330617,-1.90214,-0.0525833,0.0462293,1
28529.5,-0.773849,0.000403476,0.63967,-2.13573,-0.456295,2.45667,-1.20329,-0.487141,0.753993,-0.440646,0,0.816662,0.572068,0.0760373,0,0.309417,-0.322824,-0.894453,0,0.595183,-0.109224,0.346619,1,-0.424832,0.0815636,0.639606,-2.29305,-1.85894,1.80982,0.0540617,0.000638735,0.138164,-0.000590034,0.199526,0.295536,-0.393691,-0.309266,0,0,0,0,0,0,0,-0.0259338,-23.0716,-0.0973961,21.7741,0.554894,2.85844,0.0892211,0,0,0,0,0,0,0,0,0,0,0,0,0,0,0,0,0,0,0,0,0,0,0,0,0,0,0.173785,-0.529236,-0.0314304,-0.708664,-0.268434,0.271067,0.0726315,-3.99413,0.555339,-1.37981,-0.522761,-1.73992,0.0713572,0.0462293,1
28529.6,-0.773624,0.0053251,0.639768,-2.12841,-0.445167,2.44342,-1.21254,-0.489929,0.758334,-0.429975,0,0.818672,0.569717,0.0719669,0,0.299545,-0.316756,-0.899966,0,0.595094,-0.109658,0.345959,1,-0.424832,0.0815636,0.639606,-2.29305,-1.85894,1.80982,0.0540617,0.00741925,0.151174,0.00768947,0.228197,0.332253,-0.417164,-0.283561,0,0,0,0,0,0,0,-0.13305,-23.3017,-0.172775,21.2147,0.519188,2.5902,0.139575,0,0,0,0,0,0,0,0,0,0,0,0,0,0,0,0,0,0,0,0,0,0,0,0,0,0,-0.148774,-0.51433,-0.291141,-0.808254,-0.296681,0.250127,0.100789,-4.37837,0.146265,-1.61928,-0.38555,-1.84758,-0.219843,0.0462293,1
28529.6,-0.773315,0.0109343,0.640138,-2.11931,-0.433677,2.42811,-1.2236,-0.494064,0.761989,-0.418634,0,0.819995,0.56843,0.0669019,0,0.288948,-0.31023,-0.905686,0,0.595197,-0.110011,0.345592,1,-0.424832,0.0815636,0.639606,-2.29305,-1.85894,1.80982,0.0540617,0.00514686,0.172717,0.0153082,0.286841,0.345135,-0.452464,-0.346276,0,0,0,0,0,0,0,-0.0616393,-23.4922,-0.0220177,21.0282,0.591515,2.52062,0.258594,0,0,0,0,0,0,0,0,0,0,0,0,0,0,0,0,0,0,0,0,0,0,0,0,0,0,0.0185653,-0.401096,-0.0923798,-1.11746,-0.31557,0.197801,0.150991,-4.75021,0.645717,-2.18137,-0.631209,-1.73539,-0.0356423,0.0462293,1
28529.6,-0.773139,0.0178204,0.64099,-2.10799,-0.420717,2.40952,-1.23752,-0.500076,0.76533,-0.405184,0,0.820679,0.56818,0.0603266,0,0.276392,-0.302364,-0.912241,0,0.595395,-0.110297,0.345269,1,-0.424832,0.0815636,0.639606,-2.29305,-1.85894,1.80982,0.0540617,0.000727044,0.192779,0.0310779,0.318798,0.336341,-0.507315,-0.443082,0,0,0,0,0,0,0,-0.0973449,-23.8333,0.20015,21.3654,0.528344,2.77879,0.0791503,0,0,0,0,0,0,0,0,0,0,0,0,0,0,0,0,0,0,0,0,0,0,0,0,0,0,-0.0997562,-0.457511,-0.210006,-0.967362,-0.301302,0.214034,0.181988,-4.50907,0.478055,-1.98952,-0.575632,-1.73336,-0.1532,0.04623,1
28529.7,-0.773061,0.0247631,0.642042,-2.09605,-0.408142,2.39131,-1.25276,-0.507218,0.767437,-0.39211,0,0.82012,0.569622,0.0539883,0,0.264792,-0.294199,-0.918331,0,0.595821,-0.110453,0.345295,1,-0.424832,0.0815636,0.639606,-2.29305,-1.85894,1.80982,0.0540617,0.00561324,0.207564,0.0343125,0.37182,0.389538,-0.533797,-0.462324,0,0,0,0,0,0,0,-0.172723,-23.758,0.275529,21.8137,0.474327,2.87767,0.219226,0,0,0,0,0,0,0,0,0,0,0,0,0,0,0,0,0,0,0,0,0,0,0,0,0,0,-0.195021,-0.280717,-0.272623,-1.39331,-0.322119,0.143895,0.175725,-5.40875,0.436765,-2.64731,-0.523467,-1.82369,-0.230179,0.04623,1
28529.7,-0.772888,0.0322908,0.642883,-2.08286,-0.394846,2.3715,-1.26936,-0.515014,0.769421,-0.3778,0,0.819193,0.571548,0.0472857,0,0.252318,-0.285144,-0.924677,0,0.596274,-0.110679,0.345436,1,-0.424832,0.0815636,0.639606,-2.29305,-1.85894,1.80982,0.0540617,0.00832079,0.226297,0.0172081,0.382836,0.404908,-0.589694,-0.468589,0,0,0,0,0,0,0,-0.27984,-24.2539,0.386613,21.8852,0.492638,2.96739,0.109363,0,0,0,0,0,0,0,0,0,0,0,0,0,0,0,0,0,0,0,0,0,0,0,0,0,0,0.293627,-0.915131,0.269687,-0.773186,-0.33473,0.274783,0.155708,-5.15168,1.31454,-1.28615,-1.0304,-2.41509,0.281087,0.04623,1
28529.7,-0.772557,0.0406254,0.643502,-2.06877,-0.380424,2.35053,-1.28694,-0.523183,0.771645,-0.361696,0,0.81802,0.573727,0.0407488,0,0.238963,-0.274561,-0.931404,0,0.596732,-0.110853,0.345455,1,-0.424832,0.0815636,0.639606,-2.29305,-1.85894,1.80982,0.0540617,0.0147532,0.247233,0.0126013,0.431311,0.424153,-0.61221,-0.498148,0,0,0,0,0,0,0,-0.351251,-24.2539,0.497697,22.0756,0.510033,2.74858,0.119434,0,0,0,0,0,0,0,0,0,0,0,0,0,0,0,0,0,0,0,0,0,0,0,0,0,0,0.334817,-0.860784,0.336937,-1.05285,-0.34467,0.21697,0.139472,-5.90286,1.48617,-1.6055,-1.08475,-2.5924,0.336046,0.04623,1
28529.8,-0.772122,0.0494982,0.644066,-2.05415,-0.365748,2.32793,-1.30462,-0.531573,0.774,-0.343998,0,0.816801,0.575921,0.0336439,0,0.22416,-0.263098,-0.938366,0,0.597001,-0.11096,0.345254,1,-0.424832,0.0815636,0.639606,-2.29305,-1.85894,1.80982,0.0540617,0.0122245,0.26232,0.0173723,0.418703,0.424067,-0.66596,-0.525271,0,0,0,0,0,0,0,-0.27984,-24.5197,0.684159,21.0639,0.564049,2.55083,0.149646,0,0,0,0,0,0,0,0,0,0,0,0,0,0,0,0,0,0,0,0,0,0,0,0,0,0,0.0385796,-1.3343,0.0892547,-0.115272,-0.291262,0.366365,0.140347,-4.70823,0.838078,-0.00399142,-0.839425,-2.88473,0.0513019,0.04623,1
28529.8,-0.771738,0.0586186,0.644724,-2.03868,-0.351167,2.30447,-1.32201,-0.539717,0.776281,-0.325689,0,0.81543,0.578214,0.0268841,0,0.209192,-0.251072,-0.945093,0,0.597313,-0.110996,0.345263,1,-0.424832,0.0815636,0.639606,-2.29305,-1.85894,1.80982,0.0540617,0.0139589,0.267217,0.0227239,0.456875,0.433843,-0.708534,-0.505584,0,0,0,0,0,0,0,-0.422662,-25.3211,0.759537,21.1393,0.392845,2.44188,0.0892211,0,0,0,0,0,0,0,0,0,0,0,0,0,0,0,0,0,0,0,0,0,0,0,0,0,0,-0.210802,-0.288131,-0.172602,-0.953133,-0.293231,0.19253,0.0988246,-4.17173,0.270439,-1.98712,-0.390304,-1.50024,-0.187811,0.04623,1
28529.8,-0.771305,0.0684775,0.645628,-2.02305,-0.337348,2.28027,-1.33862,-0.548022,0.778346,-0.306318,0,0.813819,0.580766,0.0197396,0,0.193267,-0.238474,-0.951724,0,0.597513,-0.110836,0.344923,1,-0.424832,0.0815636,0.639606,-2.29305,-1.85894,1.80982,0.0540617,0.0126102,0.295117,0.0356192,0.468829,0.391993,-0.716645,-0.498667,0,0,0,0,0,0,0,-0.315546,-25.817,0.985673,21.2901,0.429467,2.60027,0.0791503,0,0,0,0,0,0,0,0,0,0,0,0,0,0,0,0,0,0,0,0,0,0,0,0,0,0,-0.392842,-0.855704,-0.31642,-0.407485,-0.247782,0.250436,0.0986087,-4.55902,0.0197754,-0.625092,-0.317525,-2.41077,-0.368734,0.04623,1
28529.9,-0.770725,0.0785725,0.646694,-2.00653,-0.324496,2.25592,-1.35384,-0.555627,0.780217,-0.287266,0,0.812143,0.583288,0.0133779,0,0.178,-0.225872,-0.957757,0,0.597924,-0.110516,0.344939,1,-0.424832,0.0815636,0.639606,-2.29305,-1.85894,1.80982,0.0540617,0.0259418,0.299209,0.0327136,0.481483,0.355062,-0.716562,-0.436946,0,0,0,0,0,0,0,-0.315546,-25.8924,1.24751,22.262,0.500878,2.90788,-0.049939,0,0,0,0,0,0,0,0,0,0,0,0,0,0,0,0,0,0,0,0,0,0,0,0,0,0,-0.727913,-0.573143,-0.636286,-0.484224,-0.204935,0.202698,0.0874339,-4.25568,-0.612857,-0.887443,0.0711855,-2.08958,-0.697937,0.04623,1
28529.9,-0.769792,0.0887565,0.647571,-1.98999,-0.313535,2.23193,-1.36631,-0.561869,0.782248,-0.269021,0,0.810972,0.585022,0.00733104,0,0.163121,-0.214054,-0.963106,0,0.598374,-0.110173,0.345027,1,-0.424832,0.0815636,0.639606,-2.29305,-1.85894,1.80982,0.0540617,0.0297795,0.302872,0.0257796,0.488311,0.304273,-0.683262,-0.281018,0,0,0,0,0,0,0,-0.422662,-26.1582,1.3586,22.262,0.618065,2.46202,-0.0297974,0,0,0,0,0,0,0,0,0,0,0,0,0,0,0,0,0,0,0,0,0,0,0,0,0,0,-0.509756,-0.32424,-0.444672,-0.850468,-0.173749,0.125908,0.0116789,-4.69858,-0.322011,-1.40955,0.0609709,-1.97319,-0.48956,0.04623,1
28529.9,-0.768617,0.0991548,0.648402,-1.97379,-0.304805,2.20852,-1.3735,-0.564939,0.785805,-0.251665,0,0.811666,0.584103,0.00178462,0,0.148404,-0.203264,-0.967812,0,0.5988,-0.109832,0.344966,1,-0.424832,0.0815636,0.639606,-2.29305,-1.85894,1.80982,0.0540617,0.0341155,0.302633,0.0195225,0.472174,0.220376,-0.664981,-0.172475,0,0,0,0,0,0,0,-0.422662,-26.1225,1.3943,21.1036,0.500878,2.31279,-0.110364,0,0,0,0,0,0,0,0,0,0,0,0,0,0,0,0,0,0,0,0,0,0,0,0,0,0,-0.305563,-0.878232,-0.213129,-0.112719,-0.125458,0.227071,-0.0193417,-3.99409,-0.106269,0.131013,-0.0906163,-2.43077,-0.293675,0.04623,1
28530,-0.767327,0.109465,0.649152,-1.95744,-0.298889,2.18651,-1.37783,-0.566573,0.789241,-0.236801,0,0.812815,0.582495,-0.00333922,0,0.135302,-0.194371,-0.971552,0,0.599496,-0.109704,0.345267,1,-0.424832,0.0815636,0.639606,-2.29305,-1.85894,1.80982,0.0540617,0.0461039,0.301547,0.0259067,0.469522,0.146795,-0.633676,-0.0940726,0,0,0,0,0,0,0,-0.458368,-26.8445,1.65614,21.6273,0.528344,2.45195,0.0599243,0,0,0,0,0,0,0,0,0,0,0,0,0,0,0,0,0,0,0,0,0,0,0,0,0,0,-0.577882,-0.349719,-0.499233,-0.442423,-0.0895595,0.0997201,-0.00677318,-3.55724,-0.585357,-0.631302,0.242438,-1.71798,-0.562714,0.04623,1
28530,-0.765942,0.120057,0.649888,-1.94187,-0.294693,2.16596,-1.37971,-0.56703,0.792952,-0.222901,0,0.814494,0.580096,-0.00831579,0,0.122712,-0.18627,-0.974805,0,0.600214,-0.109614,0.345249,1,-0.424832,0.0815636,0.639606,-2.29305,-1.85894,1.80982,0.0540617,0.0411972,0.314037,0.0201995,0.465882,0.110749,-0.575257,-0.0380215,0,0,0,0,0,0,0,-0.27984,-27.3801,2.02907,21.9248,0.546654,2.27342,0.0892211,0,0,0,0,0,0,0,0,0,0,0,0,0,0,0,0,0,0,0,0,0,0,0,0,0,0,-0.487543,-0.843992,-0.40476,-0.129347,-0.0713769,0.126632,0.0578302,-4.0328,-0.252508,0.214887,-0.00666938,-2.42627,-0.489033,0.04623,1
28530,-0.764295,0.130833,0.650432,-1.92643,-0.291947,2.14762,-1.38082,-0.567292,0.79607,-0.210793,0,0.815848,0.578118,-0.0123422,0,0.11204,-0.17898,-0.977452,0,0.601296,-0.109587,0.345342,1,-0.424832,0.0815636,0.639606,-2.29305,-1.85894,1.80982,0.0540617,0.0470197,0.320689,0.0175461,0.440758,0.0653935,-0.52518,-0.0346537,0,0,0,0,0,0,0,-0.315546,-27.4912,2.14015,22.147,0.492638,2.42174,0.239368,0,0,0,0,0,0,0,0,0,0,0,0,0,0,0,0,0,0,0,0,0,0,0,0,0,0,-0.319218,-0.913754,-0.252895,-0.0104694,-0.0740015,0.107571,0.119379,-3.51138,0.095981,0.424678,-0.233268,-2.24097,-0.326235,0.04623,1
28530.1,-0.762583,0.141911,0.650888,-1.91118,-0.290449,2.13098,-1.38275,-0.568587,0.797944,-0.199936,0,0.816186,0.577548,-0.0161107,0,0.102619,-0.172349,-0.979676,0,0.60262,-0.109685,0.34539,1,-0.424832,0.0815636,0.639606,-2.29305,-1.85894,1.80982,0.0540617,0.0476786,0.331865,0.012471,0.451049,0.0263069,-0.460181,-0.0765434,0,0,0,0,0,0,0,-0.351251,-27.761,2.36629,22.1113,0.465172,2.43181,0.229297,0,0,0,0,0,0,0,0,0,0,0,0,0,0,0,0,0,0,0,0,0,0,0,0,0,0,-0.111832,-1.06543,-0.0634408,-0.241991,-0.115111,0.0967,0.175569,-4.56503,0.686196,0.117665,-0.579138,-2.65648,-0.125418,0.04623,1
28530.1,-0.760794,0.15349,0.651156,-1.89613,-0.289462,2.11551,-1.38627,-0.571255,0.798618,-0.18936,0,0.815388,0.57856,-0.0197847,0,0.0937573,-0.165707,-0.981708,0,0.604078,-0.109893,0.345194,1,-0.424832,0.0815636,0.639606,-2.29305,-1.85894,1.80982,0.0540617,0.0560657,0.341215,0.00559847,0.437728,0.0304208,-0.418329,-0.133138,0,0,0,0,0,0,0,-0.422662,-27.7213,2.55275,21.2147,0.411156,2.32286,0.278735,0,0,0,0,0,0,0,0,0,0,0,0,0,0,0,0,0,0,0,0,0,0,0,0,0,0,0.101806,-1.44981,0.163875,0.0481021,-0.151738,0.143876,0.211056,-4.4947,1.11461,0.751153,-0.907016,-2.98532,0.0851824,0.0462306,1
28530.1,-0.759065,0.165236,0.651534,-1.88053,-0.287795,2.10125,-1.39461,-0.577376,0.796604,-0.178997,0,0.811875,0.58338,-0.022536,0,0.0864725,-0.158338,-0.983591,0,0.605899,-0.110019,0.345277,1,-0.424832,0.0815636,0.639606,-2.29305,-1.85894,1.80982,0.0540617,0.0425521,0.348153,0.00903227,0.46252,0.0772891,-0.394341,-0.336017,0,0,0,0,0,0,0,-0.27984,-28.7131,2.88997,21.4369,0.303124,2.44188,0.199084,0,0,0,0,0,0,0,0,0,0,0,0,0,0,0,0,0,0,0,0,0,0,0,0,0,0,-0.00235744,-0.577589,-0.0328322,-0.633469,-0.229535,0.0372272,0.254543,-3.79444,0.935645,-1.03308,-0.773666,-1.62008,-0.00957649,0.0462306,1
28530.2,-0.757889,0.177597,0.652276,-1.86548,-0.284656,2.08934,-1.40768,-0.586681,0.792236,-0.167773,0,0.805794,0.591707,-0.0236741,0,0.0805185,-0.149082,-0.985541,0,0.607983,-0.109998,0.344978,1,-0.424832,0.0815636,0.639606,-2.29305,-1.85894,1.80982,0.0540617,0.0259674,0.36319,0.0308302,0.449173,0.101915,-0.346797,-0.391035,0,0,0,0,0,0,0,-0.208429,-29.1693,3.07643,21.4369,0.329674,2.33293,0.109363,0,0,0,0,0,0,0,0,0,0,0,0,0,0,0,0,0,0,0,0,0,0,0,0,0,0,-0.176413,-1.0452,-0.126431,-0.275293,-0.271507,0.0907599,0.231153,-4.29955,0.696897,-0.184764,-0.756964,-2.37412,-0.175882,0.0462306,1
28530.2,-0.757388,0.189992,0.653447,-1.85004,-0.280819,2.07746,-1.42081,-0.595382,0.788093,-0.15624,0,0.799927,0.599611,-0.0237596,0,0.0749597,-0.139129,-0.987433,0,0.610125,-0.110084,0.344846,1,-0.424832,0.0815636,0.639606,-2.29305,-1.85894,1.80982,0.0540617,0.0104636,0.367396,0.0370588,0.430446,0.117272,-0.32286,-0.34616,0,0,0,0,0,0,0,-0.244134,-29.816,3.44936,22.2224,0.392845,2.61034,0.0297119,0,0,0,0,0,0,0,0,0,0,0,0,0,0,0,0,0,0,0,0,0,0,0,0,0,0,0.00422541,-0.786175,0.0469476,-0.282082,-0.262798,0.144094,0.121622,-3.4567,0.694884,-0.432892,-0.666007,-1.82378,0.0119024,0.0462306,1
28530.2,-0.757125,0.202757,0.654733,-1.83491,-0.276516,2.06546,-1.4304,-0.60103,0.786181,-0.14375,0,0.796257,0.6045,-0.0231527,0,0.0686959,-0.12838,-0.989343,0,0.612108,-0.110176,0.344338,1,-0.424832,0.0815636,0.639606,-2.29305,-1.85894,1.80982,0.0540617,0.0111533,0.374233,0.0392189,0.458153,0.132164,-0.378129,-0.25924,0,0,0,0,0,0,0,-0.422662,-29.9707,3.56044,22.2224,0.429467,2.62041,-0.0105713,0,0,0,0,0,0,0,0,0,0,0,0,0,0,0,0,0,0,0,0,0,0,0,0,0,0,0.071069,-0.928414,0.1183,-0.419078,-0.257574,0.148438,0.0497787,-4.61144,0.834504,-0.488781,-0.695603,-2.41714,0.0655919,0.0462306,1
28530.3,-0.756824,0.215489,0.656068,-1.82008,-0.272082,2.05339,-1.43849,-0.605512,0.784982,-0.130917,0,0.793396,0.608281,-0.0223171,0,0.062117,-0.117385,-0.991142,0,0.613971,-0.110183,0.343673,1,-0.424832,0.0815636,0.639606,-2.29305,-1.85894,1.80982,0.0540617,0.0132261,0.370523,0.0402026,0.428142,0.114724,-0.357372,-0.209399,0,0,0,0,0,0,0,-0.458368,-30.1215,3.67152,21.7741,0.429467,2.48125,0.119434,0,0,0,0,0,0,0,0,0,0,0,0,0,0,0,0,0,0,0,0,0,0,0,0,0,0,-0.4031,-0.893043,-0.269096,0.0878722,-0.219288,0.268137,0.0174795,-3.30535,-0.185621,0.0706396,-0.165563,-2.11566,-0.397659,0.0462306,1
28530.3,-0.756484,0.228255,0.657478,-1.80532,-0.268611,2.0397,-1.44352,-0.607977,0.785174,-0.117669,0,0.792115,0.609929,-0.0228352,0,0.0538414,-0.107093,-0.99279,0,0.615459,-0.110282,0.3428,1,-0.424832,0.0815636,0.639606,-2.29305,-1.85894,1.80982,0.0540617,0.0124633,0.368899,0.0386291,0.432449,0.0835789,-0.407242,-0.130066,0,0,0,0,0,0,0,-0.458368,-30.3516,3.82228,21.6273,0.420311,2.5609,0.149646,0,0,0,0,0,0,0,0,0,0,0,0,0,0,0,0,0,0,0,0,0,0,0,0,0,0,-0.17464,-0.556783,-0.132604,-0.325205,-0.199691,0.238185,0.0518981,-3.48411,0.264333,-0.830723,-0.308741,-1.71618,-0.180518,0.04623,1
28530.3,-0.756152,0.240651,0.659023,-1.79093,-0.266065,2.02456,-1.44879,-0.611026,0.78471,-0.104199,0,0.790371,0.612098,-0.0251227,0,0.0440669,-0.0977086,-0.994239,0,0.616526,-0.110428,0.341816,1,-0.424832,0.0815636,0.639606,-2.29305,-1.85894,1.80982,0.0540617,0.0128828,0.353909,0.0498367,0.423447,0.0650381,-0.482145,-0.190646,0,0,0,0,0,0,0,-0.498041,-30.6928,4.08412,21.2147,0.392845,2.5609,0.178943,0,0,0,0,0,0,0,0,0,0,0,0,0,0,0,0,0,0,0,0,0,0,0,0,0,0,-0.753905,-0.149231,-0.707239,-0.172714,-0.21447,0.258594,0.130464,-2.01437,-0.755214,-1.07591,0.189365,-0.818997,-0.748302,0.04623,1
28530.4,-0.755836,0.252844,0.660571,-1.77663,-0.263832,2.00898,-1.45657,-0.61606,0.782453,-0.0906503,0,0.786957,0.616353,-0.0280849,0,0.033898,-0.0886416,-0.995487,0,0.617436,-0.110632,0.340853,1,-0.424832,0.0815636,0.639606,-2.29305,-1.85894,1.80982,0.0540617,0.00745349,0.347285,0.0479263,0.417633,0.0626206,-0.484501,-0.240311,0,0,0,0,0,0,0,-0.458368,-31.3395,4.34596,21.2147,0.38369,2.26335,0.0599243,0,0,0,0,0,0,0,0,0,0,0,0,0,0,0,0,0,0,0,0,0,0,0,0,0,0,-0.419469,-0.243876,-0.433144,-0.292105,-0.219056,0.253145,0.144186,-2.41303,-0.134547,-1.17753,-0.132208,-0.968938,-0.430284,0.04623,1
28530.4,-0.755594,0.264614,0.662272,-1.76298,-0.261171,1.99252,-1.46323,-0.620135,0.78078,-0.076135,0,0.784159,0.619742,-0.0315602,0,0.0225429,-0.079275,-0.996598,0,0.617952,-0.110665,0.339718,1,-0.424832,0.0815636,0.639606,-2.29305,-1.85894,1.80982,0.0540617,0.00279935,0.331381,0.0588627,0.391647,0.0880201,-0.504563,-0.160784,0,0,0,0,0,0,0,-0.315546,-31.4545,4.53243,21.175,0.392845,2.36223,0.0397827,0,0,0,0,0,0,0,0,0,0,0,0,0,0,0,0,0,0,0,0,0,0,0,0,0,0,-0.800768,-0.00497225,-0.784248,-0.170792,-0.238539,0.265933,0.106477,-1.5966,-0.924691,-1.21816,0.278857,-0.511058,-0.801665,0.04623,1
28530.4,-0.755548,0.276022,0.664209,-1.74939,-0.257062,1.97521,-1.46743,-0.621743,0.780879,-0.060372,0,0.783137,0.620881,-0.0344067,0,0.0106166,-0.068673,-0.997583,0,0.618244,-0.110448,0.338685,1,-0.424832,0.0815636,0.639606,-2.29305,-1.85894,1.80982,0.0540617,-0.0017703,0.335966,0.0587886,0.380855,0.129714,-0.504561,-0.119539,0,0,0,0,0,0,0,-0.315546,-31.7997,4.79427,21.4011,0.392845,2.32286,0.0599243,0,0,0,0,0,0,0,0,0,0,0,0,0,0,0,0,0,0,0,0,0,0,0,0,0,0,-0.565104,-0.17885,-0.588942,-0.238579,-0.265823,0.265475,0.0765365,-2.20674,-0.507349,-1.18189,0.0388573,-0.852312,-0.58454,0.04623,1
28530.5,-0.755545,0.287138,0.666224,-1.73638,-0.251276,1.95789,-1.47158,-0.62282,0.781158,-0.0432108,0,0.782351,0.621753,-0.0364761,0,-0.00162723,-0.0565251,-0.9984,0,0.618347,-0.109869,0.337541,1,-0.424832,0.0815636,0.639606,-2.29305,-1.85894,1.80982,0.0540617,-0.00194987,0.322109,0.0633774,0.384078,0.181157,-0.477276,-0.132089,0,0,0,0,0,0,0,-0.244134,-31.9504,5.13149,21.2901,0.374535,2.25328,0.129504,0,0,0,0,0,0,0,0,0,0,0,0,0,0,0,0,0,0,0,0,0,0,0,0,0,0,-0.622173,0.203447,-0.69175,-0.551129,-0.28049,0.181412,0.0651256,-2.1396,-0.605102,-1.82875,0.151621,-0.383162,-0.6319,0.04623,1
28530.5,-0.755573,0.297776,0.668342,-1.72303,-0.244638,1.94063,-1.47575,-0.623551,0.781335,-0.0260845,0,0.781661,0.622558,-0.0375313,0,-0.0130856,-0.0437928,-0.998955,0,0.618523,-0.109127,0.336838,1,-0.424832,0.0815636,0.639606,-2.29305,-1.85894,1.80982,0.0540617,-0.00045409,0.308883,0.0543813,0.373999,0.207062,-0.479633,-0.109799,0,0,0,0,0,0,0,-0.172723,-32.482,5.50441,21.4369,0.429467,2.38237,0.0397827,0,0,0,0,0,0,0,0,0,0,0,0,0,0,0,0,0,0,0,0,0,0,0,0,0,0,-0.399333,0.123562,-0.459502,-0.522402,-0.278561,0.168802,0.0467281,-2.04393,-0.267572,-1.64562,-0.0197799,-0.40854,-0.399156,0.04623,1
28530.5,-0.75555,0.308029,0.670141,-1.71059,-0.237771,1.92459,-1.47777,-0.622419,0.782616,-0.00932218,0,0.782305,0.621718,-0.0380358,0,-0.0239721,-0.0309676,-0.999233,0,0.618657,-0.108381,0.336011,1,-0.424832,0.0815636,0.639606,-2.29305,-1.85894,1.80982,0.0540617,-0.000579352,0.297947,0.0513047,0.362437,0.203208,-0.453895,-0.0199079,0,0,0,0,0,0,0,-0.208429,-32.8272,5.61549,21.3654,0.537499,2.29265,0.0791503,0,0,0,0,0,0,0,0,0,0,0,0,0,0,0,0,0,0,0,0,0,0,0,0,0,0,-0.382051,0.138147,-0.439125,-0.536746,-0.246266,0.106701,0.0215517,-2.06192,-0.266308,-1.50642,0.0134798,-0.425487,-0.384024,0.0462313,1
28530.6,-0.755457,0.317543,0.671823,-1.69807,-0.231511,1.91015,-1.47787,-0.619883,0.784665,0.0051965,0,0.784002,0.619608,-0.0375019,0,-0.0326469,-0.0191731,-0.999283,0,0.619117,-0.107755,0.335754,1,-0.424832,0.0815636,0.639606,-2.29305,-1.85894,1.80982,0.0540617,0.00121112,0.269696,0.0479665,0.364559,0.153051,-0.422922,0.000875918,0,0,0,0,0,0,0,-0.386957,-32.8629,5.6512,21.2504,0.537499,2.16447,0.0599243,0,0,0,0,0,0,0,0,0,0,0,0,0,0,0,0,0,0,0,0,0,0,0,0,0,0,-0.553022,0.730982,-0.659208,-0.803727,-0.178517,0.0352048,0.0502904,-1.35142,-0.585409,-2.23193,0.326091,0.426443,-0.541819,0.0462313,1
28530.6,-0.755252,0.326378,0.673359,-1.68648,-0.227862,1.89735,-1.47789,-0.618142,0.785874,0.0168296,0,0.785027,0.618287,-0.0378817,0,-0.0401765,-0.0102048,-0.99914,0,0.61964,-0.107478,0.335562,1,-0.424832,0.0815636,0.639606,-2.29305,-1.85894,1.80982,0.0540617,0.00747051,0.246811,0.0460283,0.336593,0.0716221,-0.331726,0.000637914,0,0,0,0,0,0,0,-0.27984,-33.0176,5.83766,21.1393,0.636376,2.08482,0.0791503,0,0,0,0,0,0,0,0,0,0,0,0,0,0,0,0,0,0,0,0,0,0,0,0,0,0,-0.756614,0.235674,-0.718415,-0.324523,-0.0998525,0.0857671,0.0838076,-1.56386,-0.816573,-1.1483,0.402844,-0.322462,-0.751364,0.0462313,1
28530.6,-0.755045,0.334396,0.674888,-1.67528,-0.227033,1.8857,-1.47794,-0.617253,0.786349,0.0251951,0,0.785383,0.617751,-0.0392096,0,-0.0463976,-0.00441448,-0.998913,0,0.620271,-0.10765,0.335718,1,-0.424832,0.0815636,0.639606,-2.29305,-1.85894,1.80982,0.0540617,0.00951595,0.223764,0.041991,0.317109,0.00075615,-0.328044,-0.00680748,0,0,0,0,0,0,0,-0.422662,-33.3231,5.98842,21.6987,0.591515,2.35216,0.178943,0,0,0,0,0,0,0,0,0,0,0,0,0,0,0,0,0,0,0,0,0,0,0,0,0,0,-0.526018,0.532716,-0.592821,-0.606711,-0.0585516,0.0269734,0.100015,-1.38682,-0.452105,-1.67664,0.307921,0.121682,-0.527052,0.0462306,1
28530.7,-0.754954,0.341399,0.676361,-1.66537,-0.227012,1.8758,-1.47805,-0.61671,0.786537,0.0317508,0,0.785497,0.617527,-0.0404292,0,-0.051407,7.04206e-06,-0.998678,0,0.620899,-0.107929,0.335951,1,-0.424832,0.0815636,0.639606,-2.29305,-1.85894,1.80982,0.0540617,0.000294877,0.193553,0.0404593,0.284543,0.000870186,-0.28867,-0.00893251,0,0,0,0,0,0,0,-0.244134,-33.3985,6.25026,21.6987,0.492638,2.19377,0.0498535,0,0,0,0,0,0,0,0,0,0,0,0,0,0,0,0,0,0,0,0,0,0,0,0,0,0,-0.437401,0.46402,-0.51411,-0.283193,-0.101843,0.0975996,0.10925,-0.0504967,-0.520008,-1.22489,0.251953,0.544634,-0.433779,0.0462306,1
28530.7,-0.754957,0.347558,0.677509,-1.65614,-0.226758,1.86552,-1.47807,-0.615786,0.786968,0.0383475,0,0.785843,0.616965,-0.0422628,0,-0.0569196,0.00411036,-0.99837,0,0.621206,-0.108336,0.336246,1,-0.424832,0.0815636,0.639606,-2.29305,-1.85894,1.80982,0.0540617,-0.00320442,0.169326,0.0260753,0.25337,0.0138719,-0.266531,0.00184513,0,0,0,0,0,0,0,-0.0973449,-33.5889,6.47243,21.8137,0.465172,2.25328,0.0498535,0,0,0,0,0,0,0,0,0,0,0,0,0,0,0,0,0,0,0,0,0,0,0,0,0,0,-0.224148,0.23196,-0.294479,-0.266401,-0.167321,0.110426,0.0883855,-0.439513,-0.146144,-1.05656,-0.0153006,0.228663,-0.214968,0.0462306,1
28530.7,-0.754942,0.353048,0.677972,-1.64803,-0.225996,1.85768,-1.47822,-0.614545,0.787651,0.0438315,0,0.786529,0.616052,-0.04282,0,-0.0607309,0.00816012,-0.998121,0,0.621669,-0.108924,0.336491,1,-0.424832,0.0815636,0.639606,-2.29305,-1.85894,1.80982,0.0540617,0.0016511,0.151535,0.0129111,0.224046,0.0256899,-0.215728,-0.00650849,0,0,0,0,0,0,0,-0.27984,-33.815,6.43672,21.3258,0.465172,2.12419,0.158801,0,0,0,0,0,0,0,0,0,0,0,0,0,0,0,0,0,0,0,0,0,0,0,0,0,0,-0.0434666,-0.13102,-0.100645,-0.00582536,-0.203888,0.159309,0.111703,-0.276073,0.137912,-0.454871,-0.277322,-0.0554426,-0.0401334,0.0462306,1
28530.8,-0.754995,0.357994,0.678246,-1.6413,-0.22466,1.8502,-1.47902,-0.613658,0.787979,0.049933,0,0.786867,0.61556,-0.0436769,0,-0.0651545,0.0124882,-0.997797,0,0.621821,-0.10939,0.3364,1,-0.424832,0.0815636,0.639606,-2.29305,-1.85894,1.80982,0.0540617,-0.0025868,0.137229,0.00437544,0.179709,0.0480879,-0.226903,-0.0272874,0,0,0,0,0,0,0,-0.0259338,-34.1602,6.54781,21.5876,0.437706,2.1837,0.0892211,0,0,0,0,0,0,0,0,0,0,0,0,0,0,0,0,0,0,0,0,0,0,0,0,0,0,-0.0165229,-0.478757,-0.0635522,0.236512,-0.23906,0.143508,0.133236,-0.253401,0.186371,0.21828,-0.429001,-0.391355,-0.0294113,0.0462306,1
28530.8,-0.755014,0.362355,0.678246,-1.63571,-0.222402,1.84431,-1.48051,-0.613117,0.787999,0.0559064,0,0.786987,0.615417,-0.0435156,0,-0.0686974,0.0173178,-0.997487,0,0.621998,-0.109693,0.336188,1,-0.424832,0.0815636,0.639606,-2.29305,-1.85894,1.80982,0.0540617,-0.00508432,0.118268,-0.00128642,0.1482,0.0828226,-0.136019,-0.0439467,0,0,0,0,0,0,0,0.0811829,-34.0451,6.66286,21.4011,0.483483,2.23406,0.0498535,0,0,0,0,0,0,0,0,0,0,0,0,0,0,0,0,0,0,0,0,0,0,0,0,0,0,-0.350793,-0.0878777,-0.430342,0.0649454,-0.25421,0.11923,0.128453,-0.0581952,-0.384321,-0.361575,-0.0805869,0.06142,-0.36396,0.0462306,1
28530.8,-0.755193,0.365943,0.678236,-1.63163,-0.219403,1.84097,-1.48121,-0.611939,0.788535,0.0610251,0,0.787738,0.614566,-0.0419411,0,-0.0705773,0.0224068,-0.997255,0,0.62232,-0.10979,0.33589,1,-0.424832,0.0815636,0.639606,-2.29305,-1.85894,1.80982,0.0540617,-0.0109756,0.0956188,0.000407541,0.105151,0.088978,-0.0831497,-0.00775849,0,0,0,0,0,0,0,0.116888,-34.2356,6.77394,21.5876,0.528344,2.25328,0.129504,0,0,0,0,0,0,0,0,0,0,0,0,0,0,0,0,0,0,0,0,0,0,0,0,0,0,-0.427864,-0.0176337,-0.515785,0.0581124,-0.233171,0.141458,0.104936,-0.0559345,-0.548882,-0.467554,0.0402238,0.100471,-0.450694,0.0462306,1
28530.9,-0.755494,0.369062,0.678222,-1.62844,-0.21558,1.83758,-1.48123,-0.610035,0.789534,0.0668899,0,0.788994,0.613049,-0.0405036,0,-0.0729872,0.0280676,-0.996938,0,0.622394,-0.109697,0.335445,1,-0.424832,0.0815636,0.639606,-2.29305,-1.85894,1.80982,0.0540617,-0.0141747,0.0919859,-0.000150842,0.0911089,0.133064,-0.109415,0.000389814,0,0,0,0,0,0,0,0.116888,-34.3903,6.92073,21.5519,0.456017,2.20384,0.149646,0,0,0,0,0,0,0,0,0,0,0,0,0,0,0,0,0,0,0,0,0,0,0,0,0,0,-0.147576,-0.154491,-0.254444,0.0612231,-0.236721,0.161492,0.108671,-0.129716,-0.0857462,-0.365919,-0.216765,-0.0159037,-0.168439,0.046232,1
28530.9,-0.755939,0.37201,0.678221,-1.62526,-0.210265,1.83265,-1.48154,-0.607791,0.790565,0.0746791,0,0.790369,0.611353,-0.03931,0,-0.0767339,0.0351324,-0.996432,0,0.62213,-0.109396,0.334987,1,-0.424832,0.0815636,0.639606,-2.29305,-1.85894,1.80982,0.0540617,-0.013105,0.0872903,-0.000115751,0.0942686,0.16949,-0.166977,-0.0173338,0,0,0,0,0,0,0,0.0454774,-34.5014,6.92073,21.663,0.420311,2.22398,0.139575,0,0,0,0,0,0,0,0,0,0,0,0,0,0,0,0,0,0,0,0,0,0,0,0,0,0,0.0220634,-0.219315,-0.122229,-0.0548142,-0.276747,0.133367,0.135993,-0.482359,0.284745,-0.468326,-0.446386,-0.123043,0.00360999,0.046232,1
28530.9,-0.756415,0.374659,0.67821,-1.6225,-0.203871,1.8271,-1.48245,-0.605733,0.791245,0.0836613,0,0.791501,0.609961,-0.0381414,0,-0.0812109,0.0431153,-0.995764,0,0.621631,-0.108853,0.334472,1,-0.424832,0.0815636,0.639606,-2.29305,-1.85894,1.80982,0.0540617,-0.0163475,0.0728444,-0.000131513,0.0694532,0.199515,-0.135079,-0.0245641,0,0,0,0,0,0,0,0.116888,-34.3903,7.07149,21.4765,0.465172,2.27342,0.0791503,0,0,0,0,0,0,0,0,0,0,0,0,0,0,0,0,0,0,0,0,0,0,0,0,0,0,0.0131089,-0.211678,-0.131924,-0.0413003,-0.292992,0.164932,0.145482,-0.415764,0.276788,-0.528473,-0.453964,-0.08178,-0.0021925,0.046232,1
28531,-0.757181,0.376888,0.67819,-1.62096,-0.196572,1.82321,-1.48336,-0.603431,0.792001,0.0926639,0,0.792876,0.608305,-0.0359623,0,-0.0848517,0.0517712,-0.995048,0,0.621154,-0.108178,0.333767,1,-0.424832,0.0815636,0.639606,-2.29305,-1.85894,1.80982,0.0540617,-0.025165,0.0614542,0.000732854,0.0302034,0.225885,-0.0918887,-0.0183133,0,0,0,0,0,0,0,0.227972,-34.541,7.18257,21.5122,0.456017,2.32286,0.129504,0,0,0,0,0,0,0,0,0,0,0,0,0,0,0,0,0,0,0,0,0,0,0,0,0,0,0.117511,-0.562116,0.0398905,0.203745,-0.290562,0.24932,0.142359,-0.554413,0.466929,-0.0204628,-0.610822,-0.521505,0.102604,0.046232,1
28531,-0.758322,0.378838,0.678178,-1.62044,-0.1881,1.82042,-1.4837,-0.600234,0.793255,0.102208,0,0.794949,0.605764,-0.0329693,0,-0.0880685,0.0614617,-0.994216,0,0.620633,-0.107387,0.332861,1,-0.424832,0.0815636,0.639606,-2.29305,-1.85894,1.80982,0.0540617,-0.0382126,0.0550342,-0.000821086,0.00884857,0.263552,-0.0787587,0.000964829,0,0,0,0,0,0,0,0.156561,-34.5807,7.22225,21.4369,0.420311,2.22398,0.099292,0,0,0,0,0,0,0,0,0,0,0,0,0,0,0,0,0,0,0,0,0,0,0,0,0,0,0.498396,-0.64133,0.366583,0.0627287,-0.300734,0.244865,0.124775,-0.893972,1.10481,-0.141512,-0.933464,-0.639256,0.484045,0.046232,1
28531.1,-0.759728,0.380716,0.678134,-1.62029,-0.17809,1.81725,-1.48383,-0.596219,0.794778,0.113278,0,0.797543,0.602518,-0.0296416,0,-0.0918123,0.0726726,-0.993121,0,0.619927,-0.106435,0.33184,1,-0.424832,0.0815636,0.639606,-2.29305,-1.85894,1.80982,0.0540617,-0.0425992,0.0572514,-0.00097361,0.00241002,0.322605,-0.110462,-0.00670829,0,0,0,0,0,0,0,0.370795,-34.6918,7.40871,21.3258,0.510033,2.16447,0.109363,0,0,0,0,0,0,0,0,0,0,0,0,0,0,0,0,0,0,0,0,0,0,0,0,0,0,0.414611,-0.593278,0.308099,-0.110031,-0.334845,0.210302,0.137539,-1.54176,1.13244,-0.433754,-0.941772,-0.79583,0.416047,0.046232,1
28531.1,-0.761347,0.382649,0.677889,-1.61999,-0.166158,1.81226,-1.48389,-0.591155,0.796507,0.126858,0,0.80068,0.598486,-0.0265811,0,-0.0970968,0.0858611,-0.991564,0,0.618851,-0.105356,0.330762,1,-0.424832,0.0815636,0.639606,-2.29305,-1.85894,1.80982,0.0540617,-0.0468461,0.0550525,-0.0124216,0.0156159,0.368203,-0.172441,-0.00103532,0,0,0,0,0,0,0,0.446173,-34.8465,7.48409,21.2504,0.392845,2.24321,0.129504,0,0,0,0,0,0,0,0,0,0,0,0,0,0,0,0,0,0,0,0,0,0,0,0,0,0,0.787059,-0.567679,0.602628,-0.365432,-0.329099,0.181062,0.133906,-2.01748,1.81067,-0.77124,-1.24588,-0.843498,0.787987,0.0462313,1
28531.1,-0.763292,0.384564,0.677396,-1.61965,-0.152961,1.8059,-1.48391,-0.585136,0.798362,0.142179,0,0.804289,0.593741,-0.023926,0,-0.103521,0.100355,-0.989552,0,0.617455,-0.104346,0.329647,1,-0.424832,0.0815636,0.639606,-2.29305,-1.85894,1.80982,0.0540617,-0.0637403,0.0551931,-0.0182732,0.0131164,0.403759,-0.181742,-0.00238968,0,0,0,0,0,0,0,0.370795,-34.8465,7.44441,21.2147,0.474327,2.29265,0.209155,0,0,0,0,0,0,0,0,0,0,0,0,0,0,0,0,0,0,0,0,0,0,0,0,0,0,1.07411,-0.803072,0.847737,-0.336709,-0.323628,0.246045,0.130758,-2.39214,2.32735,-0.662984,-1.53585,-1.17219,1.05612,0.0462313,1
28531.2,-0.765655,0.386584,0.676903,-1.61941,-0.13931,1.79924,-1.4839,-0.578556,0.800147,0.158173,0,0.808154,0.588567,-0.0213558,0,-0.110185,0.115475,-0.98718,0,0.615949,-0.103465,0.328476,1,-0.424832,0.0815636,0.639606,-2.29305,-1.85894,1.80982,0.0540617,-0.0716205,0.0583379,-0.0154782,0.00597517,0.38954,-0.208362,0.000807803,0,0,0,0,0,0,0,0.4065,-34.9219,7.5555,21.2147,0.699547,2.03539,0.109363,0,0,0,0,0,0,0,0,0,0,0,0,0,0,0,0,0,0,0,0,0,0,0,0,0,0,0.929059,-0.760597,0.704327,-0.324896,-0.286228,0.251456,0.129274,-2.47712,2.11966,-0.68902,-1.39487,-1.20395,0.897808,0.0462313,1
28531.2,-0.768355,0.388726,0.676473,-1.61871,-0.126311,1.79056,-1.4839,-0.571693,0.801625,0.174773,0,0.811879,0.583453,-0.0203949,0,-0.118323,0.130237,-0.984397,0,0.614102,-0.102858,0.327369,1,-0.424832,0.0815636,0.639606,-2.29305,-1.85894,1.80982,0.0540617,-0.0858202,0.0607265,-0.00208077,0.0287688,0.350101,-0.276694,-0.000386961,0,0,0,0,0,0,0,0.299384,-34.8465,7.40871,21.175,0.60067,2.21391,0.129504,0,0,0,0,0,0,0,0,0,0,0,0,0,0,0,0,0,0,0,0,0,0,0,0,0,0,0.819383,-0.587997,0.576014,-0.49066,-0.216995,0.167068,0.124868,-2.78929,2.00692,-0.893557,-1.23995,-1.17585,0.777283,0.0462313,1
28531.2,-0.771379,0.391089,0.676457,-1.61777,-0.116159,1.78321,-1.48391,-0.565667,0.802785,0.188515,0,0.815084,0.578987,-0.0198173,0,-0.125059,0.142448,-0.98187,0,0.612582,-0.102775,0.326373,1,-0.424832,0.0815636,0.639606,-2.29305,-1.85894,1.80982,0.0540617,-0.0835577,0.069804,0.000668073,0.0344119,0.253973,-0.170624,-0.00282302,0,0,0,0,0,0,0,0.116888,-34.9219,7.33333,21.2901,0.762719,2.05553,0.199084,0,0,0,0,0,0,0,0,0,0,0,0,0,0,0,0,0,0,0,0,0,0,0,0,0,0,0.555334,-0.238049,0.308349,-0.681243,-0.11409,0.0996216,0.129616,-2.90215,1.64492,-1.30623,-0.895935,-0.939515,0.508054,0.0462313,1
28531.3,-0.773855,0.393553,0.676449,-1.61625,-0.110642,1.77819,-1.48392,-0.561458,0.803677,0.197102,0,0.817315,0.575834,-0.0197697,0,-0.129389,0.149997,-0.980183,0,0.611709,-0.103337,0.325625,1,-0.424832,0.0815636,0.639606,-2.29305,-1.85894,1.80982,0.0540617,-0.0614754,0.0753549,-0.00182029,0.0539151,0.0890332,-0.127814,-0.00331271,0,0,0,0,0,0,0,0.335089,-34.9219,7.48409,21.1393,0.889061,1.95573,0.229297,0,0,0,0,0,0,0,0,0,0,0,0,0,0,0,0,0,0,0,0,0,0,0,0,0,0,-0.123369,0.0156309,-0.249193,-0.729603,-0.0180594,-0.00801618,0.138466,-3.31141,0.692502,-1.37709,-0.288183,-1.00613,-0.166401,0.0462313,1
28531.3,-0.775333,0.396116,0.676449,-1.61364,-0.110069,1.77359,-1.48396,-0.559388,0.804104,0.201202,0,0.818172,0.574554,-0.0214976,0,-0.132891,0.152596,-0.979313,0,0.611224,-0.104361,0.325201,1,-0.424832,0.0815636,0.639606,-2.29305,-1.85894,1.80982,0.0540617,-0.0322737,0.0739871,-0.000735433,0.0952334,1.69469e-05,-0.136776,0.00049558,0,0,0,0,0,0,0,0.192267,-35.0727,7.48409,21.3654,0.790184,1.99602,0.109363,0,0,0,0,0,0,0,0,0,0,0,0,0,0,0,0,0,0,0,0,0,0,0,0,0,0,-0.698061,0.5023,-0.823373,-0.839888,-0.00815121,-0.0764368,0.149628,-2.86262,-0.287882,-1.83556,0.291496,-0.423931,-0.739463,0.0462313,1
28531.3,-0.775893,0.398724,0.676444,-1.61037,-0.110094,1.76973,-1.48396,-0.558236,0.804196,0.204013,0,0.818575,0.57394,-0.0225591,0,-0.135236,0.15441,-0.978708,0,0.611154,-0.105055,0.325064,1,-0.424832,0.0815636,0.639606,-2.29305,-1.85894,1.80982,0.0540617,-0.0108825,0.0754705,-0.00139878,0.0955426,0.000175493,-0.0870774,-0.00169469,0,0,0,0,0,0,0,0.192267,-35.1123,7.51979,21.2901,0.807579,2.05553,0.168872,0,0,0,0,0,0,0,0,0,0,0,0,0,0,0,0,0,0,0,0,0,0,0,0,0,0,-1.01522,0.435851,-0.99769,-0.633219,-0.051365,-0.0533722,0.136403,-2.66876,-0.818979,-1.53011,0.50857,-0.505287,-1.02587,0.0462313,1
28531.4,-0.776137,0.40112,0.676433,-1.60738,-0.110087,1.7684,-1.48396,-0.557561,0.804353,0.205236,0,0.81903,0.573317,-0.0218771,0,-0.135265,0.1559,-0.978467,0,0.611597,-0.105589,0.325049,1,-0.424832,0.0815636,0.639606,-2.29305,-1.85894,1.80982,0.0540617,-0.00212059,0.0721634,0.0014475,0.0866058,-0.000160393,-0.00860509,0.000391757,0,0,0,0,0,0,0,0.263678,-35.0727,7.59517,20.9885,0.771874,1.99602,0.129504,0,0,0,0,0,0,0,0,0,0,0,0,0,0,0,0,0,0,0,0,0,0,0,0,0,0,-0.647944,-0.0145972,-0.592667,-0.419804,-0.0538229,-0.0054955,0.128939,-2.82077,-0.216226,-0.895473,0.113466,-0.996175,-0.658622,0.0462313,1
28531.4,-0.776378,0.403576,0.676432,-1.60406,-0.11004,1.76841,-1.48396,-0.556998,0.804679,0.205491,0,0.819672,0.572469,-0.0199423,0,-0.133687,0.15733,-0.978455,0,0.61242,-0.1062,0.325221,1,-0.424832,0.0815636,0.639606,-2.29305,-1.85894,1.80982,0.0540617,-0.00860877,0.0761266,0.000833007,0.109697,0.000691953,-1.22017e-05,-0.00127595,0,0,0,0,0,0,0,0.192267,-35.4178,7.63088,21.2504,0.609825,2.04546,0.158801,0,0,0,0,0,0,0,0,0,0,0,0,0,0,0,0,0,0,0,0,0,0,0,0,0,0,0.155758,-0.0777493,-0.0251773,-0.792408,-0.114306,-0.0264257,0.127934,-3.32892,1.12541,-1.3842,-0.590699,-0.990499,0.121285,0.0462313,1
28531.4,-0.776421,0.40661,0.676461,-1.59949,-0.10991,1.76827,-1.48429,-0.556754,0.804806,0.205655,0,0.8202,0.571801,-0.0172111,0,-0.131448,0.159099,-0.978473,0,0.613553,-0.106839,0.325633,1,-0.424832,0.0815636,0.639606,-2.29305,-1.85894,1.80982,0.0540617,0.001,0.0958914,0.00188324,0.153099,0.00294094,-0.00960246,-0.0287535,0,0,0,0,0,0,0,0.0454774,-35.3781,7.36903,21.4765,0.609825,2.25328,0.189014,0,0,0,0,0,0,0,0,0,0,0,0,0,0,0,0,0,0,0,0,0,0,0,0,0,0,0.280095,-0.371953,0.0536012,-0.707719,-0.20197,0.0470897,0.160459,-3.69452,1.42828,-1.2445,-0.88407,-1.32736,0.227492,0.0462313,1
28531.5,-0.776327,0.410142,0.67651,-1.59416,-0.109658,1.76772,-1.48605,-0.557672,0.804036,0.206178,0,0.819929,0.572278,-0.0139701,0,-0.129226,0.161264,-0.978414,0,0.614803,-0.10746,0.326094,1,-0.424832,0.0815636,0.639606,-2.29305,-1.85894,1.80982,0.0540617,0.00610861,0.106083,0.00136138,0.149702,0.00297166,-0.0213376,-0.0661206,0,0,0,0,0,0,0,-0.13305,-35.5686,7.29762,21.1393,0.58236,2.1837,0.0498535,0,0,0,0,0,0,0,0,0,0,0,0,0,0,0,0,0,0,0,0,0,0,0,0,0,0,0.166253,-0.653238,-0.0353498,-0.467532,-0.234855,0.150553,0.162101,-3.86102,1.28008,-0.916371,-0.909861,-1.69302,0.0915635,0.0462313,1
28531.5,-0.77619,0.413945,0.676689,-1.5891,-0.109378,1.76692,-1.48899,-0.559617,0.802386,0.207332,0,0.818843,0.573899,-0.0108522,0,-0.127698,0.163702,-0.97821,0,0.61594,-0.107933,0.326302,1,-0.424832,0.0815636,0.639606,-2.29305,-1.85894,1.80982,0.0540617,0.00549303,0.114767,0.00868134,0.145923,0.0072102,-0.0253657,-0.0916395,0,0,0,0,0,0,0,-0.27984,-35.6836,7.33333,21.1393,0.627221,2.22398,-0.00050053,0,0,0,0,0,0,0,0,0,0,0,0,0,0,0,0,0,0,0,0,0,0,0,0,0,0,-0.337525,-1.013,-0.35324,0.0189532,-0.252707,0.253309,0.127923,-3.88733,0.449655,-0.13973,-0.604163,-2.23144,-0.418399,0.0462313,1
28531.5,-0.775764,0.418332,0.677039,-1.58393,-0.109227,1.76479,-1.49184,-0.561688,0.800317,0.209714,0,0.817407,0.575978,-0.00876266,0,-0.127806,0.166503,-0.977723,0,0.616856,-0.108133,0.326199,1,-0.424832,0.0815636,0.639606,-2.29305,-1.85894,1.80982,0.0540617,0.0157879,0.129483,0.0143564,0.149663,0.00355047,-0.0832528,-0.0743301,0,0,0,0,0,0,0,-0.172723,-35.6836,7.48409,20.9528,0.609825,2.23406,0.0498535,0,0,0,0,0,0,0,0,0,0,0,0,0,0,0,0,0,0,0,0,0,0,0,0,0,0,-0.490826,-1.17911,-0.392555,0.21906,-0.248373,0.343121,0.0754328,-4.05056,0.199823,0.104193,-0.490911,-2.55049,-0.564857,0.04623,1
28531.6,-0.775289,0.422909,0.677358,-1.57887,-0.10894,1.76124,-1.49335,-0.562475,0.798805,0.213336,0,0.816588,0.577148,-0.00805379,0,-0.129563,0.169681,-0.976945,0,0.617431,-0.108236,0.325866,1,-0.424832,0.0815636,0.639606,-2.29305,-1.85894,1.80982,0.0540617,0.0140542,0.135717,0.00788112,0.148818,0.0148493,-0.130626,-0.0276666,0,0,0,0,0,0,0,-0.0616393,-36.0645,7.59517,21.1036,0.58236,2.12419,0.099292,0,0,0,0,0,0,0,0,0,0,0,0,0,0,0,0,0,0,0,0,0,0,0,0,0,0,-0.230888,-0.894353,-0.207985,-0.0113247,-0.25613,0.332885,0.0333291,-3.72042,0.500347,-0.417634,-0.557229,-2.08211,-0.287758,0.04623,1
28531.6,-0.774628,0.427759,0.677403,-1.57316,-0.108712,1.75448,-1.49399,-0.562175,0.797548,0.218765,0,0.816061,0.577869,-0.00964211,0,-0.13411,0.173109,-0.975729,0,0.617453,-0.108389,0.32545,1,-0.424832,0.0815636,0.639606,-2.29305,-1.85894,1.80982,0.0540617,0.0254529,0.149517,0.000340766,0.181721,0.0009292,-0.255858,-0.00611109,0,0,0,0,0,0,0,-0.13305,-36.1399,7.74593,21.2504,0.636376,2.11504,0.0892211,0,0,0,0,0,0,0,0,0,0,0,0,0,0,0,0,0,0,0,0,0,0,0,0,0,0,-0.00229034,-0.934924,-0.0110987,-0.0967826,-0.242714,0.300524,0.0501863,-3.8647,0.918323,-0.426688,-0.75814,-2.12716,-0.0561656,0.0462326,1
28531.6,-0.773834,0.433001,0.677453,-1.56701,-0.108511,1.74506,-1.4944,-0.561486,0.796029,0.225948,0,0.815348,0.578808,-0.0130174,0,-0.141146,0.176921,-0.974052,0,0.617008,-0.108443,0.324872,1,-0.424832,0.0815636,0.639606,-2.29305,-1.85894,1.80982,0.0540617,0.0252724,0.157905,0.00761269,0.172282,0.00981422,-0.245991,-0.0111195,0,0,0,0,0,0,0,-0.13305,-36.1042,7.63088,21.0282,0.609825,2.21391,0.099292,0,0,0,0,0,0,0,0,0,0,0,0,0,0,0,0,0,0,0,0,0,0,0,0,0,0,-0.226045,-0.97134,-0.191932,0.0386613,-0.25301,0.329521,0.0717757,-3.72671,0.571482,-0.276823,-0.619954,-2.15241,-0.282737,0.0462326,1
28531.7,-0.773118,0.438191,0.677706,-1.5613,-0.107985,1.7358,-1.49479,-0.560763,0.794355,0.233507,0,0.814568,0.579822,-0.0162934,0,-0.148338,0.181074,-0.972218,0,0.616498,-0.108311,0.324189,1,-0.424832,0.0815636,0.639606,-2.29305,-1.85894,1.80982,0.0540617,0.0209815,0.151829,0.00570817,0.179187,0.0184138,-0.303297,-0.0124007,0,0,0,0,0,0,0,-0.27984,-36.4057,7.85701,21.2147,0.609825,1.96581,0.109363,0,0,0,0,0,0,0,0,0,0,0,0,0,0,0,0,0,0,0,0,0,0,0,0,0,0,-0.295391,-0.509265,-0.374311,-0.222854,-0.280594,0.25765,0.0839886,-3.22072,0.359562,-0.90913,-0.444144,-1.44191,-0.348666,0.0462326,1
28531.7,-0.772438,0.443558,0.678194,-1.55464,-0.106979,1.7259,-1.49485,-0.559697,0.792752,0.241381,0,0.81401,0.58052,-0.0190972,0,-0.155269,0.185802,-0.970242,0,0.616106,-0.108107,0.323844,1,-0.424832,0.0815636,0.639606,-2.29305,-1.85894,1.80982,0.0540617,0.0161609,0.160856,0.0174541,0.196223,0.0287954,-0.238024,-0.000493202,0,0,0,0,0,0,0,-0.315546,-36.3303,7.89272,20.8775,0.708702,1.94658,0.0892211,0,0,0,0,0,0,0,0,0,0,0,0,0,0,0,0,0,0,0,0,0,0,0,0,0,0,-0.223742,-0.22328,-0.386317,-0.673601,-0.281974,0.0953661,0.0817013,-4.00859,0.628274,-1.53448,-0.479221,-1.3598,-0.272837,0.0462326,1
28531.7,-0.771758,0.44881,0.679081,-1.54722,-0.106506,1.71876,-1.49485,-0.559309,0.791437,0.246541,0,0.813623,0.581051,-0.0194619,0,-0.158659,0.18971,-0.968936,0,0.616535,-0.107996,0.324059,1,-0.424832,0.0815636,0.639606,-2.29305,-1.85894,1.80982,0.0540617,0.0243247,0.154708,0.0311774,0.235955,0.000238432,-0.211571,-0.00223828,0,0,0,0,0,0,0,-0.458368,-36.7112,7.96809,21.2504,0.816735,1.91637,0.129504,0,0,0,0,0,0,0,0,0,0,0,0,0,0,0,0,0,0,0,0,0,0,0,0,0,0,-0.638695,0.6159,-0.798744,-1.11443,-0.207195,-0.0473821,0.0787194,-3.76619,-0.0257304,-2.57845,0.120562,-0.49773,-0.651859,0.0462326,1
28531.8,-0.771072,0.453811,0.680264,-1.53936,-0.106505,1.71126,-1.49485,-0.559261,0.790038,0.251094,0,0.813032,0.581862,-0.0198948,0,-0.161823,0.193025,-0.967758,0,0.617006,-0.107874,0.324599,1,-0.424832,0.0815636,0.639606,-2.29305,-1.85894,1.80982,0.0540617,0.0172919,0.135452,0.0361291,0.213736,-0.000371921,-0.195711,-0.000667123,0,0,0,0,0,0,0,-0.27984,-36.5207,8.15456,21.2147,0.807579,2.08482,0.0791503,0,0,0,0,0,0,0,0,0,0,0,0,0,0,0,0,0,0,0,0,0,0,0,0,0,0,-0.596422,0.282567,-0.602696,-0.710976,-0.147425,-0.0198954,0.0719346,-3.16384,-0.0839705,-1.65181,0.0991324,-0.731267,-0.592173,0.0462326,1
28531.8,-0.770531,0.458032,0.681314,-1.5325,-0.106503,1.70624,-1.49485,-0.559363,0.789046,0.253969,0,0.812733,0.582307,-0.0191129,0,-0.162972,0.195722,-0.967023,0,0.61774,-0.10785,0.325215,1,-0.424832,0.0815636,0.639606,-2.29305,-1.85894,1.80982,0.0540617,0.0215878,0.114136,0.0243781,0.188723,0.000323699,-0.120346,0.00138155,0,0,0,0,0,0,0,-0.351251,-36.5961,8.15456,21.0282,0.790184,2.04546,0.0498535,0,0,0,0,0,0,0,0,0,0,0,0,0,0,0,0,0,0,0,0,0,0,0,0,0,0,-0.489446,0.332413,-0.4808,-0.455514,-0.11595,0.0749281,0.0707092,-1.76346,-0.199724,-1.37735,0.159029,-0.223384,-0.471059,0.046232,1
28531.8,-0.770019,0.461391,0.682053,-1.52661,-0.106493,1.70369,-1.49486,-0.559597,0.788525,0.25507,0,0.812752,0.582341,-0.0171603,0,-0.162072,0.19771,-0.96677,0,0.618745,-0.107955,0.32594,1,-0.424832,0.0815636,0.639606,-2.29305,-1.85894,1.80982,0.0540617,0.0100997,0.0839526,0.0169822,0.150869,-0.000248579,-0.0444852,-0.00137716,0,0,0,0,0,0,0,-0.244134,-37.092,8.22994,21.175,0.753563,1.99602,0.119434,0,0,0,0,0,0,0,0,0,0,0,0,0,0,0,0,0,0,0,0,0,0,0,0,0,0,-0.283119,0.599447,-0.398345,-0.585218,-0.122066,0.0728131,0.0712893,-1.02896,-0.0432478,-1.7287,0.124286,0.375759,-0.26391,0.046232,1
28531.9,-0.769574,0.463917,0.682507,-1.52162,-0.106491,1.70217,-1.49487,-0.559792,0.788317,0.255285,0,0.812931,0.582149,-0.0150656,0,-0.160493,0.199099,-0.966748,0,0.619715,-0.10816,0.326717,1,-0.424832,0.0815636,0.639606,-2.29305,-1.85894,1.80982,0.0540617,0.0107928,0.0664913,0.0150753,0.13962,-0.000282365,-0.0546325,-0.00378674,0,0,0,0,0,0,0,-0.244134,-36.9809,8.19026,21.4011,0.771874,2.09489,0.0599243,0,0,0,0,0,0,0,0,0,0,0,0,0,0,0,0,0,0,0,0,0,0,0,0,0,0,-0.383693,0.162109,-0.389042,-0.234446,-0.142095,0.140002,0.0874439,-1.14523,-0.15806,-1.00594,0.0471927,-0.156576,-0.37208,0.046232,1
28531.9,-0.769259,0.465738,0.682777,-1.51754,-0.106479,1.69939,-1.49489,-0.559727,0.78807,0.25619,0,0.812968,0.582112,-0.0144617,0,-0.160531,0.200183,-0.966518,0,0.620155,-0.108366,0.327396,1,-0.424832,0.0815636,0.639606,-2.29305,-1.85894,1.80982,0.0540617,0.00784217,0.0379311,0.0047907,0.102963,1.63573e-05,-0.0982202,0.00255781,0,0,0,0,0,0,0,-0.27984,-36.8659,8.26564,20.9171,0.744408,1.96581,0.0297119,0,0,0,0,0,0,0,0,0,0,0,0,0,0,0,0,0,0,0,0,0,0,0,0,0,0,-0.281342,-0.0428607,-0.257984,0.101662,-0.143246,0.237197,0.0895106,-0.189823,-0.207554,-0.448134,-0.013656,-0.0484885,-0.270252,0.046232,1
28531.9,-0.769204,0.466731,0.682792,-1.51495,-0.106461,1.69541,-1.4949,-0.55923,0.787829,0.258006,0,0.812895,0.58218,-0.0157477,0,-0.162616,0.200929,-0.966014,0,0.61991,-0.1086,0.327778,1,-0.424832,0.0815636,0.639606,-2.29305,-1.85894,1.80982,0.0540617,-0.002308,0.022399,-9.88958e-05,0.0548021,0.000334637,-0.138861,0.00104979,0,0,0,0,0,0,0,-0.0616393,-37.0166,8.4164,21.0639,0.753563,1.95573,0.0498535,0,0,0,0,0,0,0,0,0,0,0,0,0,0,0,0,0,0,0,0,0,0,0,0,0,0,-0.184629,-0.26969,-0.14846,0.238747,-0.148828,0.232287,0.0810897,-0.154456,-0.102071,-0.0319739,-0.135717,-0.263664,-0.182425,0.046232,1
28532,-0.769394,0.467147,0.682772,-1.5138,-0.106431,1.6907,-1.49491,-0.558513,0.787468,0.260651,0,0.81263,0.582471,-0.0184633,0,-0.166364,0.201505,-0.965256,0,0.619127,-0.10875,0.327819,1,-0.424832,0.0815636,0.639606,-2.29305,-1.85894,1.80982,0.0540617,-0.0106667,0.00466608,-0.00145848,0.0116983,0.000410961,-0.122919,-0.0019905,0,0,0,0,0,0,0,0.156561,-36.9016,8.60286,21.1036,0.744408,2.05553,0.139575,0,0,0,0,0,0,0,0,0,0,0,0,0,0,0,0,0,0,0,0,0,0,0,0,0,0,-0.193856,-0.434885,-0.159725,0.391062,-0.162101,0.240656,0.0825729,0.0184958,-0.18351,0.315787,-0.167749,-0.370569,-0.207515,0.046232,1
28532,-0.76975,0.467223,0.682761,-1.51381,-0.106345,1.68716,-1.49492,-0.557808,0.787181,0.263016,0,0.812401,0.582704,-0.021027,0,-0.169816,0.201949,-0.964562,0,0.618304,-0.108843,0.327615,1,-0.424832,0.0815636,0.639606,-2.29305,-1.85894,1.80982,0.0540617,-0.0115847,0.00717561,-0.000848843,-0.000816553,0.00452268,-0.100817,-0.00212473,0,0,0,0,0,0,0,0.156561,-37.0563,8.63857,21.2147,0.735253,2.10497,0.129504,0,0,0,0,0,0,0,0,0,0,0,0,0,0,0,0,0,0,0,0,0,0,0,0,0,0,-0.0240688,-0.410297,-0.0623198,0.212923,-0.177327,0.229961,0.0869205,-0.427159,0.182453,0.0162518,-0.337478,-0.435513,-0.0433551,0.046232,1
28532,-0.769975,0.467424,0.682769,-1.51381,-0.10614,1.6845,-1.49491,-0.557247,0.786902,0.265032,0,0.812219,0.582886,-0.0228924,0,-0.172501,0.202511,-0.963967,0,0.617693,-0.10885,0.327399,1,-0.424832,0.0815636,0.639606,-2.29305,-1.85894,1.80982,0.0540617,-0.00104376,0.00846573,-0.000231767,0.0030354,0.00280754,-0.0643281,0.00162379,0,0,0,0,0,0,0,0.0454774,-36.9413,8.52748,21.2147,0.790184,1.95573,0.0498535,0,0,0,0,0,0,0,0,0,0,0,0,0,0,0,0,0,0,0,0,0,0,0,0,0,0,-0.325801,-0.434443,-0.259905,0.08308,-0.196443,0.181173,0.0854656,-1.64254,0.00119247,-0.185193,-0.222336,-0.932874,-0.333959,0.046232,1
28532.1,-0.769914,0.467674,0.682781,-1.51381,-0.106077,1.68281,-1.49491,-0.557059,0.786583,0.266371,0,0.811959,0.583199,-0.0241221,0,-0.174325,0.202849,-0.963568,0,0.617329,-0.108738,0.3272,1,-0.424832,0.0815636,0.639606,-2.29305,-1.85894,1.80982,0.0540617,0.00931926,0.00752934,0.00117332,-0.000944413,-0.00066156,-0.0374336,-0.001662,0,0,0,0,0,0,0,-0.208429,-37.0563,8.4164,21.175,0.798424,1.877,0.119434,0,0,0,0,0,0,0,0,0,0,0,0,0,0,0,0,0,0,0,0,0,0,0,0,0,0,-0.414367,-0.372952,-0.315285,-0.00978961,-0.183777,0.0963068,0.0794818,-1.94383,-0.083489,-0.214758,-0.1452,-0.999275,-0.414307,0.046232,1
28532.1,-0.76967,0.46793,0.68279,-1.51381,-0.106081,1.68243,-1.4949,-0.557158,0.786349,0.266852,0,0.811761,0.583461,-0.0244485,0,-0.174926,0.203002,-0.963427,0,0.617271,-0.108569,0.32705,1,-0.424832,0.0815636,0.639606,-2.29305,-1.85894,1.80982,0.0540617,0.00762404,0.00359422,0.00108733,-0.000775577,-0.000368669,0.00556269,0.000205539,0,0,0,0,0,0,0,-0.315546,-37.092,8.34102,21.2147,0.835045,1.76805,0.0599243,0,0,0,0,0,0,0,0,0,0,0,0,0,0,0,0,0,0,0,0,0,0,0,0,0,0,-0.36644,-0.107948,-0.318988,-0.227163,-0.160982,-0.00244417,0.0754089,-1.84632,-0.0433245,-0.525318,-0.0815862,-0.676874,-0.357625,0.0462313,1
28532.1,-0.769309,0.468027,0.682777,-1.51386,-0.106126,1.68266,-1.49489,-0.557433,0.786172,0.2668,0,0.811578,0.583718,-0.0243726,0,-0.174901,0.202947,-0.963443,0,0.617345,-0.108361,0.326984,1,-0.424832,0.0815636,0.639606,-2.29305,-1.85894,1.80982,0.0540617,0.0109914,0.000882223,-0.000156335,-0.00615239,-0.0014837,0.0113644,-0.000453906,0,0,0,0,0,0,0,-0.27984,-36.9809,8.49178,21.2504,0.997094,1.74791,-0.0105713,0,0,0,0,0,0,0,0,0,0,0,0,0,0,0,0,0,0,0,0,0,0,0,0,0,0,-0.447419,-0.0903046,-0.318546,-0.160303,-0.0927473,-0.0607746,0.0386162,-1.68106,-0.253701,-0.258858,0.081937,-0.692467,-0.429582,0.0462313,1
28532.2,-0.768923,0.467983,0.68279,-1.51406,-0.106269,1.68333,-1.49487,-0.557845,0.786029,0.26636,0,0.811382,0.584003,-0.0240933,0,-0.174496,0.202683,-0.963572,0,0.617486,-0.108133,0.326952,1,-0.768994,0.467994,0.68279,-1.51403,-0.106228,1.68319,-1.49488,0.0148107,-0.0031457,5.61958e-05,-0.0033877,-0.0067449,0.0254961,0.00063887,0,0,0,0,0,0,0,-0.422662,-36.485,8.34102,21.2504,1.04195,1.73784,-0.0297974,0,0,0,0,0,0,0,0,0,0,0,0,0,0,0,0,0,0,0,0,0,0,0,0,0,0,-0.55298,0.122435,-0.384223,-0.116692,0.00399097,-0.0896956,0.00283771,-1.03523,-0.595969,-0.208004,0.367909,-0.350608,-0.529547,0.0462313,1
28532.2,-0.768683,0.467975,0.682866,-1.5142,-0.106293,1.68344,-1.49486,-0.5581,0.785849,0.266357,0,0.811194,0.584264,-0.0240874,0,-0.174555,0.202628,-0.963573,0,0.61751,-0.10793,0.326915,1,-0.768994,0.467994,0.68279,-1.51403,-0.106228,1.68319,-1.49488,0.00236218,0.00166396,0.0010485,0.000647752,0.000736201,7.28086e-05,0.00148685,0,0,0,0,0,0,0,-1.94213,-36.37,7.25795,21.6273,1.13259,1.6884,-0.0902222,0,0,0,0,0,0,0,0,0,0,0,0,0,0,0,0,0,0,0,0,0,0,0,0,0,0,-0.611504,0.190451,-0.369356,0.00295136,0.140209,-0.133836,-0.0352394,-0.513473,-0.844268,0.12886,0.601984,-0.228903,-0.587361,0.0462313,1
28532.2,-0.768795,0.467945,0.682808,-1.51429,-0.106297,1.68346,-1.49486,-0.557975,0.785933,0.266371,0,0.811272,0.584154,-0.0241627,0,-0.174595,0.202621,-0.963567,0,0.617473,-0.108018,0.326883,1,-0.768994,0.467994,0.68279,-1.51403,-0.106228,1.68319,-1.49488,-0.00377618,-0.00130005,-0.00148776,-3.97851e-05,0.000146228,0.000586468,-0.00119087,0,0,0,0,0,0,0,-0.676569,-35.9891,8.04347,21.5519,1.17745,1.71861,-0.049939,0,0,0,0,0,0,0,0,0,0,0,0,0,0,0,0,0,0,0,0,0,0,0,0,0,0,-0.680142,0.338547,-0.428239,0.167893,0.213474,-0.157815,-0.0680192,0.636175,-1.2658,0.430774,0.863904,0.244404,-0.659855,0.0462313,1
28532.3,-0.768937,0.467999,0.682742,-1.51438,-0.106303,1.68347,-1.49485,-0.55779,0.786033,0.266463,0,0.811378,0.584001,-0.0242635,0,-0.17469,0.202672,-0.963539,0,0.617431,-0.108129,0.326807,1,-0.768994,0.467994,0.68279,-1.51403,-0.106228,1.68319,-1.49488,-0.00234926,0.00170637,-0.00080617,-0.00629706,-4.84954e-05,-3.28182e-05,0.00256034,0,0,0,0,0,0,0,0.192267,-36.7112,8.90041,21.6987,1.22231,1.70854,-0.169873,0,0,0,0,0,0,0,0,0,0,0,0,0,0,0,0,0,0,0,0,0,0,0,0,0,0,-0.542924,0.321239,-0.313697,0.342633,0.238569,-0.156354,-0.089067,1.64836,-1.32961,0.814961,0.873902,0.570095,-0.526151,0.0462313,1
28532.3,-0.768896,0.468012,0.682762,-1.51468,-0.106308,1.68346,-1.49486,-0.557836,0.785931,0.266669,0,0.811279,0.58413,-0.0244708,0,-0.175005,0.202696,-0.963477,0,0.617362,-0.108045,0.326679,1,-0.768994,0.467994,0.68279,-1.51403,-0.106228,1.68319,-1.49488,0.00241637,-0.000203546,0.002276,-0.00339916,-0.000233732,-0.000551483,-0.0017548,0,0,0,0,0,0,0,-0.458368,-36.9016,8.60286,22.147,1.26809,1.78728,-0.0801514,0,0,0,0,0,0,0,0,0,0,0,0,0,0,0,0,0,0,0,0,0,0,0,0,0,0,-0.584878,0.190757,-0.256195,0.567823,0.257897,-0.118471,-0.105514,2.0772,-1.49565,1.2383,0.933266,0.519898,-0.553318,0.0462313,1
28532.3,-0.768855,0.468015,0.682779,-1.51504,-0.106316,1.68344,-1.49485,-0.557863,0.785831,0.266907,0,0.811179,0.584258,-0.0247314,0,-0.17538,0.202716,-0.963404,0,0.617277,-0.107955,0.32653,1,-0.768994,0.467994,0.68279,-1.51403,-0.106228,1.68319,-1.49488,-0.00146731,-0.000159133,-0.000463751,-0.00706012,-0.000362134,-6.77145e-05,4.98811e-05,0,0,0,0,0,0,0,-0.894769,-36.9413,8.38069,22.4842,1.3038,1.9063,-0.149731,0,0,0,0,0,0,0,0,0,0,0,0,0,0,0,0,0,0,0,0,0,0,0,0,0,0,-0.521876,-0.167819,-0.0292232,0.900111,0.312099,-0.043926,-0.127036,2.22674,-1.42307,1.9518,0.861567,0.107456,-0.471956,0.0462313,1
28532.4,-0.768959,0.468042,0.682715,-1.51533,-0.106324,1.68343,-1.49485,-0.557713,0.785868,0.26711,0,0.811218,0.584193,-0.0249781,0,-0.175677,0.202758,-0.963342,0,0.617186,-0.108008,0.326383,1,-0.768913,0.468039,0.682741,-1.51527,-0.106319,1.68344,-1.49486,-0.00462442,0.000448043,-0.00314485,-0.00627129,-0.00483381,-2.9308e-05,0.00236918,0,0,0,0,0,0,0,0.227972,-37.2824,9.20192,22.2978,1.34042,1.93651,-0.200085,0,0,0,0,0,0,0,0,0,0,0,0,0,0,0,0,0,0,0,0,0,0,0,0,0,0,-0.323043,-0.256092,0.180926,0.994799,0.3578,0.0106677,-0.142435,2.52493,-1.18025,2.12697,0.757402,0.104506,-0.269498,0.0462313,1
28532.4,-0.769183,0.468075,0.682604,-1.51556,-0.106349,1.68343,-1.49484,-0.557438,0.78601,0.267266,0,0.811359,0.583988,-0.0252134,0,-0.175902,0.202798,-0.963292,0,0.617092,-0.108175,0.326252,1,-0.768913,0.468039,0.682741,-1.51527,-0.106319,1.68344,-1.49486,-0.00653883,0.0015048,-0.00248901,-0.00684323,-0.000503958,0.000407246,0.00228579,0,0,0,0,0,0,0,0.842902,-37.703,9.87239,22.7461,1.38528,1.98595,-0.210156,0,0,0,0,0,0,0,0,0,0,0,0,0,0,0,0,0,0,0,0,0,0,0,0,0,0,0.391779,-0.52502,0.760405,1.02332,0.395793,0.0564619,-0.151021,2.81896,-0.164699,2.40666,0.210084,0.0402219,0.426733,0.0462313,1
28532.4,-0.769218,0.468092,0.682514,-1.51555,-0.106355,1.68342,-1.49485,-0.557342,0.786079,0.267265,0,0.811423,0.583897,-0.0252544,0,-0.175911,0.202794,-0.963291,0,0.617081,-0.10825,0.326232,1,-0.768913,0.468039,0.682741,-1.51527,-0.106319,1.68344,-1.49486,-0.000338853,-0.000813253,-0.00284198,-0.000242714,0.000115244,-0.000721214,0.000826539,0,0,0,0,0,0,0,1.13251,-37.8537,10.0985,22.5239,1.39443,1.99602,-0.169873,0,0,0,0,0,0,0,0,0,0,0,0,0,0,0,0,0,0,0,0,0,0,0,0,0,0,0.463671,-0.682545,0.883196,1.143,0.414017,0.0828708,-0.159303,2.85947,-0.0631895,2.69149,0.138934,-0.132256,0.504156,0.046232,1
28532.5,-0.769146,0.468073,0.682572,-1.51555,-0.106359,1.68344,-1.49484,-0.557447,0.786013,0.26724,0,0.811355,0.583993,-0.0252161,0,-0.17589,0.202774,-0.963299,0,0.617098,-0.108175,0.326253,1,-0.768913,0.468039,0.682741,-1.51527,-0.106319,1.68344,-1.49486,0.00277956,0.000205761,0.000950122,-0.000651289,-0.000371517,0.00032702,0.00119537,0,0,0,0,0,0,0,0.299384,-37.5879,9.313,22.4485,1.40267,1.9063,-0.190015,0,0,0,0,0,0,0,0,0,0,0,0,0,0,0,0,0,0,0,0,0,0,0,0,0,0,0.503335,-0.790305,0.922331,1.18601,0.435684,0.0919391,-0.164427,2.69358,0.0219785,2.82508,0.0881941,-0.309454,0.531625,0.046232,1
28532.5,-0.769083,0.468068,0.682599,-1.51554,-0.106357,1.68343,-1.49485,-0.557521,0.785961,0.267237,0,0.811303,0.584066,-0.0252006,0,-0.175894,0.202764,-0.9633,0,0.617108,-0.108122,0.326262,1,-0.768913,0.468039,0.682741,-1.51527,-0.106319,1.68344,-1.49486,0.000220194,0.000812745,-0.000446044,0.00212746,0.0001231,-0.000434315,-0.000319071,0,0,0,0,0,0,0,-0.0973449,-37.5125,9.01546,22.3731,1.37612,1.91637,-0.159802,0,0,0,0,0,0,0,0,0,0,0,0,0,0,0,0,0,0,0,0,0,0,0,0,0,0,0.389103,-0.861212,0.833192,1.20363,0.449206,0.0863551,-0.16205,2.30547,-0.0702193,2.88242,0.132196,-0.54455,0.406336,0.046232,1
28532.5,-0.769111,0.468068,0.682581,-1.51554,-0.106358,1.68343,-1.49486,-0.557493,0.785982,0.267236,0,0.811323,0.584038,-0.0252072,0,-0.175891,0.202765,-0.963301,0,0.617103,-0.108148,0.326258,1,-0.768913,0.468039,0.682741,-1.51527,-0.106319,1.68344,-1.49486,-0.00206901,-0.000294016,-0.000787078,0.00107381,-0.000452351,0.000944556,-0.00241343,0,0,0,0,0,0,0,0.335089,-37.5125,9.27333,22.4088,1.38528,1.89623,-0.0801514,0,0,0,0,0,0,0,0,0,0,0,0,0,0,0,0,0,0,0,0,0,0,0,0,0,0,0.33971,-0.815443,0.769815,1.18683,0.448306,0.0791758,-0.160091,2.32881,-0.155638,2.8259,0.180246,-0.489628,0.352101,0.046232,1
28532.6,-0.76913,0.468071,0.68257,-1.51554,-0.106358,1.68343,-1.49484,-0.557459,0.786006,0.267236,0,0.811347,0.584004,-0.0252141,0,-0.175889,0.202769,-0.9633,0,0.617101,-0.108167,0.326256,1,-0.768913,0.468039,0.682741,-1.51527,-0.106319,1.68344,-1.49486,-0.000422862,0.000634547,0.000830549,0.00169122,-0.000162544,0.000149547,0.000539062,0,0,0,0,0,0,0,0.481879,-37.5522,9.38838,22.3731,1.38528,1.91637,-0.169873,0,0,0,0,0,0,0,0,0,0,0,0,0,0,0,0,0,0,0,0,0,0,0,0,0,0,0.267747,-0.764637,0.711193,1.20326,0.441704,0.0746812,-0.155661,2.49455,-0.296545,2.82191,0.251335,-0.389855,0.285381,0.046232,1
28532.6,-0.769113,0.468063,0.682585,-1.51555,-0.106357,1.68343,-1.49486,-0.557495,0.785979,0.267238,0,0.81132,0.584042,-0.0252103,0,-0.175896,0.202765,-0.9633,0,0.617101,-0.108146,0.32626,1,-0.768913,0.468039,0.682741,-1.51527,-0.106319,1.68344,-1.49486,0.00104888,-0.000460324,0.00149131,0.000111095,0.000184748,-0.000168539,-0.00350328,0,0,0,0,0,0,0,0.227972,-37.4372,9.20192,22.4485,1.37612,1.95573,-0.0700806,0,0,0,0,0,0,0,0,0,0,0,0,0,0,0,0,0,0,0,0,0,0,0,0,0,0,0.303707,-0.748796,0.728574,1.19198,0.442007,0.0796421,-0.155662,2.55742,-0.255939,2.78793,0.233352,-0.341424,0.319291,0.046232,1
28532.6,-0.769091,0.46806,0.682597,-1.51555,-0.106358,1.68343,-1.49484,-0.557512,0.785967,0.267239,0,0.811307,0.58406,-0.0252134,0,-0.175904,0.20276,-0.9633,0,0.617103,-0.108126,0.326261,1,-0.768913,0.468039,0.682741,-1.51527,-0.106319,1.68344,-1.49486,0.000285956,-0.00100173,0.00100894,0.000829747,-0.000465504,-0.000184953,-0.000272989,0,0,0,0,0,0,0,0.00977179,-37.3975,9.05116,22.4842,1.38528,1.97588,-0.149731,0,0,0,0,0,0,0,0,0,0,0,0,0,0,0,0,0,0,0,0,0,0,0,0,0,0,0.217685,-0.745205,0.670098,1.20716,0.44237,0.0954756,-0.155595,2.45773,-0.356887,2.75904,0.290162,-0.393199,0.235467,0.046232,1
28532.7,-0.769111,0.468065,0.682576,-1.51556,-0.10636,1.68343,-1.49485,-0.557481,0.785988,0.267242,0,0.811328,0.584031,-0.0252247,0,-0.175907,0.202762,-0.963299,0,0.617099,-0.10815,0.326254,1,-0.768913,0.468039,0.682741,-1.51527,-0.106319,1.68344,-1.49486,-0.00100715,-0.000531699,-0.00184669,-0.00111439,-0.000162334,0.000520855,-0.00138845,0,0,0,0,0,0,0,0.299384,-37.4729,9.34871,22.5596,1.39443,1.95573,-0.12959,0,0,0,0,0,0,0,0,0,0,0,0,0,0,0,0,0,0,0,0,0,0,0,0,0,0,0.209808,-0.762744,0.669818,1.22165,0.445166,0.103585,-0.156242,2.43003,-0.361185,2.77698,0.291548,-0.426647,0.227216,0.046232,1
28532.7,-0.769152,0.468065,0.682554,-1.51556,-0.106362,1.68343,-1.49484,-0.557427,0.786027,0.267241,0,0.811365,0.583978,-0.0252397,0,-0.175905,0.202764,-0.963298,0,0.617091,-0.108187,0.326249,1,-0.768913,0.468039,0.682741,-1.51527,-0.106319,1.68344,-1.49486,-0.00181324,-0.00145222,0.000322577,-0.00230704,-0.000748541,0.000279579,0.00134007,0,0,0,0,0,0,0,0.696112,-37.4729,9.61055,22.5596,1.42098,1.96581,-0.210156,0,0,0,0,0,0,0,0,0,0,0,0,0,0,0,0,0,0,0,0,0,0,0,0,0,0,0.419226,-0.779163,0.827698,1.22402,0.449786,0.110045,-0.158696,2.74506,-0.117108,2.82797,0.160851,-0.295606,0.434492,0.046232,1
28532.8,-0.769146,0.468071,0.682557,-1.51555,-0.106361,1.68342,-1.49484,-0.557433,0.786022,0.267243,0,0.811361,0.583983,-0.0252344,0,-0.175904,0.202768,-0.963298,0,0.617094,-0.108183,0.326251,1,-0.768913,0.468039,0.682741,-1.51527,-0.106319,1.68344,-1.49486,0.00114129,-6.72164e-05,-0.000326433,0.00105718,-0.000158428,-8.26757e-05,0.00240322,0,0,0,0,0,0,0,0.55329,-37.5522,9.57485,22.4485,1.40267,1.96581,-0.210156,0,0,0,0,0,0,0,0,0,0,0,0,0,0,0,0,0,0,0,0,0,0,0,0,0,0,0.456389,-0.755507,0.874149,1.23355,0.453752,0.119569,-0.157421,2.91555,-0.0841773,2.82721,0.153535,-0.213998,0.480547,0.046232,1
28532.8,-0.769135,0.468068,0.68257,-1.51555,-0.106359,1.68343,-1.49485,-0.55746,0.786004,0.267238,0,0.811345,0.584007,-0.0252187,0,-0.175894,0.202768,-0.9633,0,0.617098,-0.108169,0.326255,1,-0.768913,0.468039,0.682741,-1.51527,-0.106319,1.68344,-1.49486,0.000307351,-0.00131469,-0.000201619,0.000529667,3.922e-05,-7.66523e-05,-0.000709876,0,0,0,0,0,0,0,0.446173,-37.5125,9.38838,22.4485,1.39443,1.92644,-0.12959,0,0,0,0,0,0,0,0,0,0,0,0,0,0,0,0,0,0,0,0,0,0,0,0,0,0,0.394798,-0.784106,0.822186,1.24768,0.452365,0.11129,-0.158133,2.7898,-0.159828,2.87059,0.182549,-0.296845,0.414005,0.046232,1
28532.8,-0.769119,0.468074,0.68257,-1.51556,-0.106359,1.68343,-1.49484,-0.557467,0.785995,0.26725,0,0.811337,0.584018,-0.025228,0,-0.175911,0.20277,-0.963296,0,0.617097,-0.108158,0.326248,1,-0.768913,0.468039,0.682741,-1.51527,-0.106319,1.68344,-1.49486,0.00210599,-0.000163995,-0.000627486,-0.00207535,-0.000447174,0.000760692,0.000457656,0,0,0,0,0,0,0,0.227972,-37.5879,9.38838,22.5596,1.39443,1.93651,-0.169873,0,0,0,0,0,0,0,0,0,0,0,0,0,0,0,0,0,0,0,0,0,0,0,0,0,0,0.448247,-0.813278,0.860291,1.20906,0.454612,0.0898265,-0.154477,2.62244,-0.0420913,2.87406,0.121072,-0.369787,0.463963,0.046232,1
28532.9,-0.7691,0.468073,0.682583,-1.51556,-0.106361,1.68343,-1.49484,-0.55749,0.78598,0.267246,0,0.811321,0.58404,-0.025222,0,-0.17591,0.202765,-0.963297,0,0.617101,-0.108139,0.32625,1,-0.768913,0.468039,0.682741,-1.51527,-0.106319,1.68344,-1.49486,-0.000168685,-0.000716603,-0.000588801,-0.0009869,-0.000229045,9.36356e-05,0.00170433,0,0,0,0,0,0,0,0.0811829,-37.5879,9.20192,22.5596,1.40267,1.88707,-0.210156,0,0,0,0,0,0,0,0,0,0,0,0,0,0,0,0,0,0,0,0,0,0,0,0,0,0,0.286706,-0.840962,0.77185,1.23827,0.454993,0.0786153,-0.156866,2.36985,-0.228925,2.93679,0.218181,-0.530919,0.31146,0.046232,1
28532.9,-0.769117,0.468122,0.68257,-1.51558,-0.106362,1.68344,-1.49485,-0.557464,0.785982,0.267297,0,0.81133,0.584026,-0.0252402,0,-0.17595,0.2028,-0.963283,0,0.617096,-0.108154,0.326215,1,-0.768913,0.468039,0.682741,-1.51527,-0.106319,1.68344,-1.49486,-0.000682514,0.000708523,-0.000543737,0.000118868,-0.000372594,0.00040075,-0.00192733,0,0,0,0,0,0,0,0.335089,-38.1989,9.38838,22.6707,1.40267,1.82756,-0.120435,0,0,0,0,0,0,0,0,0,0,0,0,0,0,0,0,0,0,0,0,0,0,0,0,0,0,0.284561,-1.0283,0.787235,1.36552,0.469194,0.0580904,-0.160064,2.33232,-0.256599,3.32825,0.183082,-0.753374,0.293983,0.0462326,1
28532.9,-0.76911,0.468142,0.682583,-1.51558,-0.106361,1.68345,-1.49484,-0.557471,0.78597,0.267316,0,0.811323,0.584037,-0.0252366,0,-0.175961,0.202815,-0.963278,0,0.617098,-0.108142,0.326207,1,-0.768913,0.468039,0.682741,-1.51527,-0.106319,1.68344,-1.49486,0.00012254,-0.000273808,0.00146225,0.000380098,1.62813e-05,-6.99217e-05,0.0024552,0,0,0,0,0,0,0,0.192267,-38.1592,9.20192,22.635,1.39443,1.81749,-0.200085,0,0,0,0,0,0,0,0,0,0,0,0,0,0,0,0,0,0,0,0,0,0,0,0,0,0,0.171339,-1.18871,0.672953,1.37737,0.452937,0.00719084,-0.156999,1.73711,-0.33707,3.50826,0.168587,-1.1226,0.156808,0.0462326,1
28533,-0.76904,0.468107,0.682627,-1.51559,-0.106372,1.68348,-1.49484,-0.557571,0.785915,0.267269,0,0.811261,0.584125,-0.0252072,0,-0.175932,0.202774,-0.963292,0,0.617113,-0.108076,0.326227,1,-0.769056,0.468118,0.682623,-1.51557,-0.106362,1.68345,-1.49484,0.00536829,0.00200682,-0.000679237,-0.00362329,-0.00433579,0.0109318,0.000205555,0,0,0,0,0,0,0,-0.208429,-36.5604,8.60286,21.1393,1.1509,1.6591,-0.100293,0,0,0,0,0,0,0,0,0,0,0,0,0,0,0,0,0,0,0,0,0,0,0,0,0,0,-0.0120721,-1.21883,0.488776,1.30188,0.448955,-0.0448465,-0.153194,1.03266,-0.484356,3.44182,0.238665,-1.40951,-0.0460924,0.0462326,1
28533,-0.768997,0.468068,0.682645,-1.51619,-0.106939,1.68445,-1.49483,-0.55784,0.785954,0.266593,0,0.811148,0.584281,-0.0252335,0,-0.175601,0.202174,-0.963478,0,0.617176,-0.108085,0.326022,1,-0.769056,0.468118,0.682623,-1.51557,-0.106362,1.68345,-1.49484,0.00375282,-0.00144365,0.000116046,-0.019343,-0.0219176,0.0330661,0.000649713,0,0,0,0,0,0,0,-0.244134,-36.3303,8.4521,21.4765,1.06942,1.81749,-0.049939,0,0,0,0,0,0,0,0,0,0,0,0,0,0,0,0,0,0,0,0,0,0,0,0,0,0,-0.119759,-0.645734,0.194076,0.8308,0.292662,-0.0695479,-0.101289,1.01575,-0.581031,2.19139,0.307122,-0.658846,-0.141672,0.0462326,1
28533,-0.768769,0.468081,0.682654,-1.5172,-0.107753,1.68636,-1.49483,-0.558397,0.78594,0.265464,0,0.810925,0.584599,-0.0250197,0,-0.174857,0.201304,-0.963795,0,0.617359,-0.107997,0.32565,1,-0.769056,0.468118,0.682623,-1.51557,-0.106362,1.68345,-1.49484,0.0071299,-0.000494402,0.000363079,-0.0303921,-0.0224899,0.0591433,-0.000166243,0,0,0,0,0,0,0,-0.351251,-36.5604,8.4164,21.5122,1.06026,1.88707,-0.0297974,0,0,0,0,0,0,0,0,0,0,0,0,0,0,0,0,0,0,0,0,0,0,0,0,0,0,-0.291602,-0.400821,-0.00364439,0.681288,0.192035,-0.0340545,-0.0625059,1.02489,-0.773256,1.61388,0.390243,-0.344232,-0.292361,0.0462326,1
28533.1,-0.768361,0.467968,0.682684,-1.51809,-0.10857,1.68844,-1.49483,-0.559159,0.785885,0.264021,0,0.810636,0.585019,-0.0245579,0,-0.173761,0.200297,-0.964203,0,0.617634,-0.107813,0.325407,1,-0.769056,0.468118,0.682623,-1.51557,-0.106362,1.68345,-1.49484,0.0208029,-0.00736982,-0.00081743,-0.0203234,-0.0214191,0.0570062,0.000944309,0,0,0,0,0,0,0,-0.458368,-36.2946,8.38069,21.4011,1.07858,1.85686,-0.0398682,0,0,0,0,0,0,0,0,0,0,0,0,0,0,0,0,0,0,0,0,0,0,0,0,0,0,-0.703703,0.447998,-0.486882,0.202987,0.121284,-0.0377407,-0.0468026,1.17063,-1.36582,0.120827,0.859921,0.603661,-0.669393,0.0462326,1
28533.1,-0.767288,0.467555,0.682721,-1.51831,-0.109681,1.68979,-1.49483,-0.560506,0.78556,0.262123,0,0.809933,0.586003,-0.0242946,0,-0.172693,0.198689,-0.964728,0,0.617976,-0.107355,0.325556,1,-0.769056,0.468118,0.682623,-1.51557,-0.106362,1.68345,-1.49484,0.0450429,-0.0226616,0.00193717,-0.00124203,-0.0451878,0.0313349,0.000573266,0,0,0,0,0,0,0,-0.458368,-35.9494,8.26564,21.4011,1.11428,1.80742,-0.0398682,0,0,0,0,0,0,0,0,0,0,0,0,0,0,0,0,0,0,0,0,0,0,0,0,0,0,-1.52322,1.68358,-1.28031,-0.244673,0.104743,-0.0625318,-0.0278296,2.09695,-2.71572,-1.54267,1.82457,2.0992,-1.42518,0.0462326,1
28533.1,-0.765272,0.466074,0.682703,-1.51831,-0.111711,1.69079,-1.49483,-0.562921,0.784995,0.258618,0,0.808555,0.587893,-0.024515,0,-0.171287,0.195311,-0.965668,0,0.618378,-0.106552,0.326295,1,-0.769056,0.468118,0.682623,-1.51557,-0.106362,1.68345,-1.49484,0.0676506,-0.0576028,-0.000141764,-2.78305e-05,-0.0614427,0.0299059,0.000850851,0,0,0,0,0,0,0,-0.27984,-35.9137,8.60286,21.4011,1.17745,1.81749,-0.0600098,0,0,0,0,0,0,0,0,0,0,0,0,0,0,0,0,0,0,0,0,0,0,0,0,0,0,-1.80465,2.55562,-1.56744,-0.501835,0.137246,-0.121268,-0.0287579,3.55842,-3.40698,-2.40705,2.38707,3.44684,-1.65126,0.0462326,1
28533.2,-0.762793,0.463178,0.682701,-1.51832,-0.114587,1.69161,-1.4948,-0.566117,0.784441,0.253267,0,0.806756,0.590334,-0.0251274,0,-0.169227,0.190104,-0.967069,0,0.618777,-0.105614,0.327734,1,-0.769056,0.468118,0.682623,-1.51557,-0.106362,1.68345,-1.49484,0.071623,-0.107175,0.00152185,-0.00270198,-0.0974359,0.0153829,0.00237024,0,0,0,0,0,0,0,-0.315546,-35.9137,8.52748,21.4369,1.18661,1.81749,-0.139661,0,0,0,0,0,0,0,0,0,0,0,0,0,0,0,0,0,0,0,0,0,0,0,0,0,0,-1.73776,3.21731,-1.54413,-0.783221,0.164906,-0.153238,-0.0484111,4.68664,-3.5049,-3.16925,2.61832,4.52065,-1.53396,0.0462326,1
28533.2,-0.760255,0.458746,0.682611,-1.51832,-0.118716,1.69185,-1.49444,-0.5695,0.784341,0.245887,0,0.804886,0.592809,-0.0267683,0,-0.166763,0.18267,-0.968928,0,0.619024,-0.104915,0.329895,1,-0.769056,0.468118,0.682623,-1.51557,-0.106362,1.68345,-1.49484,0.0698302,-0.147798,-0.00190246,3.78141e-05,-0.144672,0.00205138,0.0230491,0,0,0,0,0,0,0,-0.244134,-35.4932,8.63857,21.4369,1.27724,1.76805,-0.190015,0,0,0,0,0,0,0,0,0,0,0,0,0,0,0,0,0,0,0,0,0,0,0,0,0,0,-0.811517,3.38146,-0.819099,-1.02564,0.253218,-0.163267,-0.090822,5.57198,-2.28925,-3.40697,2.11943,5.12561,-0.600826,0.0462326,1
28533.2,-0.758121,0.452781,0.682627,-1.5184,-0.125046,1.69189,-1.49359,-0.572945,0.784993,0.235587,0,0.803101,0.595085,-0.0297353,0,-0.163539,0.172166,-0.971398,0,0.619134,-0.104813,0.33277,1,-0.769056,0.468118,0.682623,-1.51557,-0.106362,1.68345,-1.49484,0.0573119,-0.197218,0.00117651,-0.00480305,-0.213124,-1.95911e-05,0.0132638,0,0,0,0,0,0,0,-0.569452,-35.4178,8.34102,21.6987,1.25893,1.79735,-0.0297974,0,0,0,0,0,0,0,0,0,0,0,0,0,0,0,0,0,0,0,0,0,0,0,0,0,0,-0.245645,3.53653,-0.380313,-1.14073,0.326949,-0.185152,-0.105263,6.52031,-1.60967,-3.4517,1.84876,5.69206,-0.0296142,0.0462333,1
28533.3,-0.756125,0.445424,0.682624,-1.51873,-0.133386,1.69191,-1.49316,-0.577219,0.78564,0.22264,0,0.800816,0.597941,-0.0337772,0,-0.159665,0.1588,-0.974315,0,0.619121,-0.10515,0.336219,1,-0.769056,0.468118,0.682623,-1.51557,-0.106362,1.68345,-1.49484,0.0574818,-0.234772,-0.000242666,-0.0076304,-0.26151,0.000321004,0.0123357,0,0,0,0,0,0,0,-0.386957,-35.152,8.34102,21.6273,1.1509,1.80742,-0.149731,0,0,0,0,0,0,0,0,0,0,0,0,0,0,0,0,0,0,0,0,0,0,0,0,0,0,-0.572981,3.2411,-0.527355,-0.811623,0.307946,-0.171005,-0.109776,6.50751,-2.10191,-2.7267,1.99972,5.28673,-0.347222,0.0462333,1
28533.3,-0.754068,0.436975,0.682623,-1.51924,-0.142704,1.69205,-1.49187,-0.581151,0.78678,0.207897,0,0.798874,0.600251,-0.038477,0,-0.155066,0.143725,-0.977393,0,0.619068,-0.105597,0.340169,1,-0.769056,0.468118,0.682623,-1.51557,-0.106362,1.68345,-1.49484,0.0616012,-0.261141,0.000415878,-0.0205319,-0.292476,0.00332102,0.0565759,0,0,0,0,0,0,0,-0.315546,-35.3781,8.30531,21.8137,1.19576,1.86693,-0.139661,0,0,0,0,0,0,0,0,0,0,0,0,0,0,0,0,0,0,0,0,0,0,0,0,0,0,-0.68978,2.89381,-0.49102,-0.556054,0.296107,-0.169858,-0.154035,6.25349,-2.27455,-2.0265,2.00761,4.76624,-0.454387,0.0462333,1
28533.3,-0.75199,0.428287,0.682604,-1.52042,-0.15285,1.69203,-1.48911,-0.584016,0.788519,0.192729,0,0.797551,0.601589,-0.0445283,0,-0.151058,0.127708,-0.980241,0,0.618797,-0.106085,0.343961,1,-0.769056,0.468118,0.682623,-1.51557,-0.106362,1.68345,-1.49484,0.0687534,-0.279227,0.000801884,-0.0490368,-0.34148,-0.00253177,0.118797,0,0,0,0,0,0,0,-0.244134,-34.9616,8.07918,22.147,1.22231,2.00609,-0.159802,0,0,0,0,0,0,0,0,0,0,0,0,0,0,0,0,0,0,0,0,0,0,0,0,0,0,-0.866847,1.85009,-0.351052,0.251208,0.330751,-0.0614188,-0.169265,5.74991,-2.44862,-0.144459,1.89101,3.33468,-0.636806,0.0462333,1
28533.4,-0.749427,0.418024,0.682455,-1.5231,-0.166316,1.69202,-1.48349,-0.585718,0.791537,0.174314,0,0.796963,0.601603,-0.0538995,0,-0.147534,0.107354,-0.983214,0,0.618147,-0.106758,0.347884,1,-0.769056,0.468118,0.682623,-1.51557,-0.106362,1.68345,-1.49484,0.0731399,-0.285496,-0.00807147,-0.0921537,-0.40085,0.000382231,0.208403,0,0,0,0,0,0,0,-0.351251,-34.5014,7.96809,22.147,1.15914,1.95573,-0.200085,0,0,0,0,0,0,0,0,0,0,0,0,0,0,0,0,0,0,0,0,0,0,0,0,0,0,-0.921802,0.677742,-0.099607,1.16804,0.388941,0.069877,-0.160292,5.42501,-2.42813,2.00154,1.66239,1.83663,-0.699277,0.0462333,1
28533.4,-0.746939,0.407565,0.682233,-1.52736,-0.180885,1.69204,-1.47498,-0.585211,0.79581,0.155546,0,0.797756,0.599414,-0.065342,0,-0.145239,0.0858509,-0.985665,0,0.617108,-0.10751,0.351262,1,-0.769056,0.468118,0.682623,-1.51557,-0.106362,1.68345,-1.49484,0.0747987,-0.317792,-0.0110496,-0.154685,-0.452934,0.000457981,0.258808,0,0,0,0,0,0,0,-0.351251,-34.5014,7.81734,21.8852,1.24978,1.85686,-0.120435,0,0,0,0,0,0,0,0,0,0,0,0,0,0,0,0,0,0,0,0,0,0,0,0,0,0,-0.790852,0.882444,-0.0388183,1.19181,0.380511,0.0863747,-0.160299,6.55638,-2.40417,2.00639,1.658,2.48869,-0.557625,0.0462333,1
28533.4,-0.744856,0.39663,0.682022,-1.53383,-0.19606,1.69204,-1.46527,-0.583657,0.800348,0.137001,0,0.799015,0.596137,-0.0785872,0,-0.144571,0.0635991,-0.987448,0,0.615499,-0.108321,0.353979,1,-0.769056,0.468118,0.682623,-1.51557,-0.106362,1.68345,-1.49484,0.0513363,-0.319637,0.000186905,-0.212123,-0.441865,-0.0016853,0.321344,0,0,0,0,0,0,0,-0.351251,-34.1959,7.44441,22.2978,0.952233,1.94658,-0.239453,0,0,0,0,0,0,0,0,0,0,0,0,0,0,0,0,0,0,0,0,0,0,0,0,0,0,-0.454151,-0.218964,0.35683,1.67506,0.336463,0.124251,-0.198397,5.3142,-1.73217,3.47167,1.05942,0.945121,-0.264545,0.0462333,1
28533.5,-0.743156,0.385512,0.682058,-1.54228,-0.20998,1.69207,-1.45269,-0.579529,0.806059,0.119985,0,0.801876,0.590281,-0.0924365,0,-0.145337,0.0426442,-0.988463,0,0.613434,-0.108735,0.356027,1,-0.769056,0.468118,0.682623,-1.51557,-0.106362,1.68345,-1.49484,0.0484156,-0.335402,0.00104199,-0.278142,-0.381796,0.00506308,0.354328,0,0,0,0,0,0,0,-0.351251,-33.8547,7.03578,22.0359,0.898217,1.78728,-0.0700806,0,0,0,0,0,0,0,0,0,0,0,0,0,0,0,0,0,0,0,0,0,0,0,0,0,0,-0.748027,-0.0692093,0.00151101,1.70266,0.216997,0.115515,-0.166201,5.78877,-2.2276,3.37479,1.22432,1.31386,-0.565762,0.0462333,1
28533.5,-0.74164,0.374017,0.682073,-1.55269,-0.221894,1.69249,-1.4406,-0.575409,0.811101,0.104883,0,0.804519,0.584416,-0.105769,0,-0.147087,0.0235206,-0.988844,0,0.610991,-0.108649,0.357486,1,-0.769056,0.468118,0.682623,-1.51557,-0.106362,1.68345,-1.49484,0.0480491,-0.329025,0.00206374,-0.314845,-0.328051,0.0283191,0.361966,0,0,0,0,0,0,0,-0.351251,-33.5135,6.80965,21.663,0.790184,1.58952,-0.0801514,0,0,0,0,0,0,0,0,0,0,0,0,0,0,0,0,0,0,0,0,0,0,0,0,0,0,-0.732794,-0.493129,0.0595383,1.86538,0.180831,0.0372127,-0.103132,5.21986,-1.98071,4.05182,0.972553,0.708455,-0.550819,0.0462333,1
28533.5,-0.740022,0.362687,0.682087,-1.56392,-0.232096,1.69551,-1.42982,-0.572338,0.815041,0.0900961,0,0.806729,0.579354,-0.116267,0,-0.146963,0.00613901,-0.989123,0,0.608954,-0.108117,0.358672,1,-0.769056,0.468118,0.682623,-1.51557,-0.106362,1.68345,-1.49484,0.058236,-0.330774,0.00073313,-0.329399,-0.281016,0.127416,0.272916,0,0,0,0,0,0,0,-0.569452,-33.093,6.66286,22.1113,0.933922,1.49065,-0.0297974,0,0,0,0,0,0,0,0,0,0,0,0,0,0,0,0,0,0,0,0,0,0,0,0,0,0,-0.889302,0.0599714,-0.236872,1.06128,0.154464,-0.281701,-0.0704704,3.77451,-1.89775,2.8131,1.04299,0.891223,-0.708427,0.046232,1
28533.6,-0.73802,0.351242,0.682063,-1.57565,-0.241096,1.70331,-1.42006,-0.57058,0.817927,0.0735851,0,0.808798,0.575214,-0.122296,0,-0.142359,-0.0102643,-0.989762,0,0.607887,-0.107117,0.359966,1,-0.769056,0.468118,0.682623,-1.51557,-0.106362,1.68345,-1.49484,0.0552912,-0.338933,0.000240371,-0.342549,-0.25299,0.323828,0.316896,0,0,0,0,0,0,0,-0.422662,-32.8272,6.73427,22.4842,0.907372,1.60875,-0.169873,0,0,0,0,0,0,0,0,0,0,0,0,0,0,0,0,0,0,0,0,0,0,0,0,0,0,-0.67082,0.437123,-0.149563,0.622275,0.193092,-0.51511,-0.0921625,3.78261,-1.54147,2.36344,0.947171,1.3867,-0.48931,0.046232,1
28533.6,-0.736171,0.339901,0.682086,-1.58789,-0.249623,1.7191,-1.40942,-0.568574,0.820908,0.0530546,0,0.812242,0.570444,-0.121806,0,-0.130259,-0.026163,-0.991135,0,0.608437,-0.106053,0.36146,1,-0.769056,0.468118,0.682623,-1.51557,-0.106362,1.68345,-1.49484,0.0513387,-0.330412,0.00648163,-0.352255,-0.256967,0.523835,0.302116,0,0,0,0,0,0,0,-0.386957,-32.4067,6.47243,22.4485,0.978783,1.55931,-0.149731,0,0,0,0,0,0,0,0,0,0,0,0,0,0,0,0,0,0,0,0,0,0,0,0,0,0,-0.265333,0.592232,0.105495,0.171596,0.229055,-0.656102,-0.102372,3.07566,-0.779457,1.79384,0.614525,1.44109,-0.100564,0.046232,1
28533.6,-0.734517,0.328266,0.682091,-1.60069,-0.258408,1.74112,-1.39838,-0.566504,0.823543,0.0288287,0,0.816379,0.56565,-0.116384,0,-0.112157,-0.0423978,-0.992786,0,0.610169,-0.105063,0.363281,1,-0.769056,0.468118,0.682623,-1.51557,-0.106362,1.68345,-1.49484,0.0430507,-0.346728,0.000696831,-0.376511,-0.258466,0.694719,0.318074,0,0,0,0,0,0,0,-0.172723,-32.2916,6.32564,22.7857,0.961388,1.55931,-0.0297974,0,0,0,0,0,0,0,0,0,0,0,0,0,0,0,0,0,0,0,0,0,0,0,0,0,0,-0.250911,0.878269,0.0898035,0.196697,0.262599,-0.659234,-0.0683952,4.28958,-0.832431,1.74601,0.682746,2.18207,-0.0709349,0.046232,1
28533.7,-0.733436,0.316596,0.682088,-1.61399,-0.266846,1.76831,-1.38964,-0.565876,0.824474,0.00266459,0,0.819633,0.562898,-0.106434,0,-0.0892535,-0.0580454,-0.994316,0,0.612807,-0.104228,0.365302,1,-0.769056,0.468118,0.682623,-1.51557,-0.106362,1.68345,-1.49484,0.0199981,-0.335771,0.0011919,-0.386915,-0.240687,0.848493,0.218642,0,0,0,0,0,0,0,-0.0973449,-31.9901,6.17488,22.7857,0.744408,1.83672,0.0297119,0,0,0,0,0,0,0,0,0,0,0,0,0,0,0,0,0,0,0,0,0,0,0,0,0,0,0.379918,0.533258,0.635068,0.131842,0.253254,-0.598672,-0.0568909,3.62155,0.290751,1.74409,0.0371813,1.74766,0.543258,0.046232,1
28533.7,-0.732993,0.304892,0.682094,-1.62809,-0.274277,1.7984,-1.38301,-0.566151,0.823956,-0.0234443,0,0.821794,0.561997,-0.0937801,0,-0.0640963,-0.0723615,-0.995317,0,0.615762,-0.103405,0.36728,1,-0.769056,0.468118,0.682623,-1.51557,-0.106362,1.68345,-1.49484,0.00568497,-0.352433,-0.000359126,-0.430398,-0.193405,0.862321,0.175211,0,0,0,0,0,0,0,-0.172723,-31.6846,6.02809,22.7857,0.861596,2.00609,0.119434,0,0,0,0,0,0,0,0,0,0,0,0,0,0,0,0,0,0,0,0,0,0,0,0,0,0,0.310843,0.253811,0.629767,0.705807,0.185807,-0.376164,-0.0179191,4.88948,0.0764106,2.46816,0.018644,1.87436,0.482575,0.046232,1
28533.7,-0.733028,0.292959,0.681995,-1.6429,-0.279513,1.82826,-1.37843,-0.566863,0.822453,-0.0471033,0,0.822845,0.562526,-0.0804473,0,-0.0396681,-0.0843629,-0.995645,0,0.618363,-0.102382,0.369101,1,-0.769056,0.468118,0.682623,-1.51557,-0.106362,1.68345,-1.49484,-0.00310784,-0.348497,-0.0123127,-0.44469,-0.140783,0.882552,0.117488,0,0,0,0,0,0,0,-0.0259338,-31.1887,6.02809,23.0476,0.870751,1.98595,-0.049939,0,0,0,0,0,0,0,0,0,0,0,0,0,0,0,0,0,0,0,0,0,0,0,0,0,0,0.495147,0.248561,0.793079,0.593605,0.163343,-0.24659,-0.0170249,4.41861,0.443782,1.95183,-0.156481,1.75927,0.669143,0.0462326,1
28533.8,-0.733061,0.281277,0.681266,-1.65864,-0.283594,1.85523,-1.37576,-0.568203,0.820132,-0.067156,0,0.822649,0.564231,-0.06981,0,-0.0193623,-0.0949139,-0.995297,0,0.619999,-0.101402,0.370116,1,-0.769056,0.468118,0.682623,-1.51557,-0.106362,1.68345,-1.49484,0.00175977,-0.342617,-0.0262641,-0.463914,-0.112308,0.741001,0.0583592,0,0,0,0,0,0,0,-0.13305,-30.6174,5.50441,21.8137,0.8442,1.84679,-0.110364,0,0,0,0,0,0,0,0,0,0,0,0,0,0,0,0,0,0,0,0,0,0,0,0,0,0,0.6968,-0.617898,1.13174,1.47804,0.181893,0.0671344,-0.0619384,4.76111,0.63693,3.48101,-0.357596,0.835684,0.860428,0.0462326,1
28533.8,-0.733178,0.269421,0.680045,-1.67464,-0.287228,1.87899,-1.37297,-0.568685,0.81814,-0.085005,0,0.82254,0.565323,-0.0617966,0,-0.00250302,-0.105065,-0.994462,0,0.620773,-0.100668,0.370825,1,-0.769056,0.468118,0.682623,-1.51557,-0.106362,1.68345,-1.49484,-0.000307841,-0.340256,-0.0411864,-0.485132,-0.103164,0.641976,0.108157,0,0,0,0,0,0,0,-0.0616393,-30.5024,5.42903,22.5993,0.853356,2.07475,-0.259595,0,0,0,0,0,0,0,0,0,0,0,0,0,0,0,0,0,0,0,0,0,0,0,0,0,0,0.674009,-0.351729,1.05225,1.34206,0.187025,0.109565,-0.13794,4.87775,0.455637,2.99182,-0.185216,1.13799,0.824089,0.0462326,1
28533.8,-0.73326,0.258008,0.678503,-1.69158,-0.29096,1.89995,-1.3672,-0.566608,0.817832,-0.100432,0,0.823912,0.563856,-0.0567166,0,0.0102449,-0.114886,-0.993326,0,0.620659,-0.100068,0.370597,1,-0.769056,0.468118,0.682623,-1.51557,-0.106362,1.68345,-1.49484,-0.00321644,-0.333831,-0.0478746,-0.490952,-0.112831,0.577495,0.217949,0,0,0,0,0,0,0,0.116888,-30.1612,5.13149,22.8571,0.835045,2.343,-0.110364,0,0,0,0,0,0,0,0,0,0,0,0,0,0,0,0,0,0,0,0,0,0,0,0,0,0,0.564826,-0.549561,0.95365,1.40627,0.215152,0.0960173,-0.179937,4.07486,0.307464,3.23562,-0.0842321,0.566589,0.69059,0.0462326,1
28533.9,-0.733406,0.24658,0.676963,-1.70902,-0.294813,1.91898,-1.35831,-0.561983,0.819156,-0.114627,0,0.826881,0.559839,-0.0531932,0,0.0205998,-0.124679,-0.991983,0,0.619958,-0.0995156,0.369973,1,-0.769056,0.468118,0.682623,-1.51557,-0.106362,1.68345,-1.49484,-0.000185666,-0.327061,-0.0450481,-0.516742,-0.114123,0.5286,0.260725,0,0,0,0,0,0,0,-0.0259338,-29.9311,4.90535,22.7857,0.879906,2.06468,-0.159802,0,0,0,0,0,0,0,0,0,0,0,0,0,0,0,0,0,0,0,0,0,0,0,0,0,0,0.287171,-0.45609,0.602102,1.49229,0.221631,0.092097,-0.145412,4.39226,-0.153737,3.26294,0.150837,0.736317,0.374869,0.0462326,1
28533.9,-0.733521,0.235663,0.675615,-1.72667,-0.298989,1.93831,-1.35035,-0.558394,0.819569,-0.128388,0,0.828994,0.557024,-0.0497405,0,0.03075,-0.13421,-0.990476,0,0.619249,-0.0988821,0.369025,1,-0.769056,0.468118,0.682623,-1.51557,-0.106362,1.68345,-1.49484,-0.00418287,-0.312293,-0.0369294,-0.520036,-0.129522,0.560925,0.242118,0,0,0,0,0,0,0,-0.0259338,-29.2844,4.64351,22.7461,0.907372,1.98595,-0.179944,0,0,0,0,0,0,0,0,0,0,0,0,0,0,0,0,0,0,0,0,0,0,0,0,0,0,0.168656,-0.35389,0.405332,1.00592,0.263028,-0.136155,-0.141305,2.69992,-0.131431,2.75476,0.20755,0.262051,0.221927,0.0462333,1
28533.9,-0.733617,0.225017,0.674604,-1.74483,-0.304548,1.95896,-1.34112,-0.5545,0.81976,-0.143188,0,0.831128,0.554161,-0.0459663,0,0.0416687,-0.144499,-0.988627,0,0.618672,-0.0981983,0.36786,1,-0.769056,0.468118,0.682623,-1.51557,-0.106362,1.68345,-1.49484,-0.00752888,-0.317254,-0.0279935,-0.524434,-0.175206,0.628799,0.296853,0,0,0,0,0,0,0,0.192267,-29.4352,4.45705,23.119,0.8442,1.95573,-0.12959,0,0,0,0,0,0,0,0,0,0,0,0,0,0,0,0,0,0,0,0,0,0,0,0,0,0,0.0124231,0.319677,0.142034,0.668701,0.289173,-0.239592,-0.132683,3.65471,-0.471618,1.91966,0.478495,1.34747,0.0578528,0.0462333,1
28534,-0.733806,0.21456,0.673723,-1.76304,-0.31126,1.98162,-1.33095,-0.550131,0.819691,-0.159512,0,0.833287,0.551315,-0.0408034,0,0.0544964,-0.15537,-0.986352,0,0.618449,-0.0976214,0.36681,1,-0.769056,0.468118,0.682623,-1.51557,-0.106362,1.68345,-1.49484,-0.00178686,-0.295019,-0.0271997,-0.535646,-0.199063,0.676176,0.293081,0,0,0,0,0,0,0,0.0811829,-29.0146,4.30629,22.5993,0.82589,2.16447,-0.0700806,0,0,0,0,0,0,0,0,0,0,0,0,0,0,0,0,0,0,0,0,0,0,0,0,0,0,0.115853,-0.122304,0.237545,0.85715,0.282876,-0.276251,-0.132326,2.97891,-0.218487,2.61225,0.275969,0.640324,0.135659,0.0462333,1
28534,-0.734067,0.204435,0.672892,-1.78121,-0.317769,2.00583,-1.32023,-0.545155,0.819659,-0.175915,0,0.835507,0.548415,-0.0339205,0,0.0686722,-0.165473,-0.983821,0,0.618487,-0.0969696,0.365759,1,-0.769056,0.468118,0.682623,-1.51557,-0.106362,1.68345,-1.49484,-0.00357379,-0.302646,-0.02363,-0.545645,-0.178836,0.733409,0.319665,0,0,0,0,0,0,0,0.116888,-28.5227,4.04842,22.8214,0.781029,1.98595,-0.139661,0,0,0,0,0,0,0,0,0,0,0,0,0,0,0,0,0,0,0,0,0,0,0,0,0,0,0.0325079,0.358138,0.0775999,0.614791,0.253695,-0.257805,-0.0870396,3.71378,-0.367559,1.72639,0.375192,1.4876,0.0523787,0.0462333,1
28534,-0.734366,0.194134,0.672062,-1.79916,-0.322937,2.03073,-1.31082,-0.540676,0.819107,-0.191609,0,0.837032,0.546541,-0.0255113,0,0.0838271,-0.174179,-0.981139,0,0.618634,-0.0961027,0.364959,1,-0.769056,0.468118,0.682623,-1.51557,-0.106362,1.68345,-1.49484,-0.00680693,-0.299212,-0.0300104,-0.510149,-0.130576,0.723372,0.268691,0,0,0,0,0,0,0,0.227972,-28.2172,3.89766,22.8968,0.861596,2.00609,-0.190015,0,0,0,0,0,0,0,0,0,0,0,0,0,0,0,0,0,0,0,0,0,0,0,0,0,0,0.233504,1.0598,0.11985,-0.149151,0.189913,-0.35043,-0.097356,3.65476,-0.0583774,0.0196223,0.259682,2.42759,0.239693,0.0462333,1
28534.1,-0.734824,0.18395,0.671226,-1.81655,-0.32693,2.05557,-1.30046,-0.53466,0.819481,-0.206324,0,0.839206,0.543569,-0.0157289,0,0.0992636,-0.181561,-0.978357,0,0.618815,-0.095188,0.364347,1,-0.769056,0.468118,0.682623,-1.51557,-0.106362,1.68345,-1.49484,-0.0127844,-0.294873,-0.0174211,-0.491021,-0.0920861,0.710828,0.304946,0,0,0,0,0,0,0,0.192267,-27.6062,3.60011,21.7384,0.690392,2.06468,0.00957027,0,0,0,0,0,0,0,0,0,0,0,0,0,0,0,0,0,0,0,0,0,0,0,0,0,0,0.592607,0.618498,0.452048,0.0995179,0.141744,-0.2749,-0.101146,3.47618,0.534435,0.577856,-0.147235,1.96769,0.575769,0.0462339,1
28534.1,-0.735622,0.173593,0.670531,-1.83257,-0.328849,2.07987,-1.29381,-0.530418,0.818719,-0.219858,0,0.839829,0.542813,-0.00477149,0,0.115437,-0.187177,-0.97552,0,0.619132,-0.0942027,0.364414,1,-0.769056,0.468118,0.682623,-1.51557,-0.106362,1.68345,-1.49484,-0.0290231,-0.321105,-0.0156661,-0.468545,-0.0353982,0.693894,0.117714,0,0,0,0,0,0,0,0.370795,-27.5705,3.52474,22.5993,0.790184,2.5609,0.0599243,0,0,0,0,0,0,0,0,0,0,0,0,0,0,0,0,0,0,0,0,0,0,0,0,0,0,0.693131,1.83514,0.365756,-0.714229,0.0945529,-0.279152,0.00566751,5.05251,0.679821,-1.90907,-0.153408,4.09713,0.670881,0.0462339,1
28534.1,-0.736853,0.162806,0.669878,-1.8474,-0.329366,2.1022,-1.29138,-0.528472,0.816532,-0.232323,0,0.838784,0.54442,0.0054311,0,0.130918,-0.192002,-0.972623,0,0.619249,-0.0934041,0.365063,1,-0.769056,0.468118,0.682623,-1.51557,-0.106362,1.68345,-1.49484,-0.0412094,-0.320577,-0.0219228,-0.402561,-0.0128362,0.628996,0.061108,0,0,0,0,0,0,0,0.370795,-27.3801,3.41365,22.4088,0.82589,2.66985,-0.149731,0,0,0,0,0,0,0,0,0,0,0,0,0,0,0,0,0,0,0,0,0,0,0,0,0,0,0.964172,1.93974,0.622746,-1.10606,0.115744,-0.276594,-0.0102546,4.06533,1.17768,-2.64391,-0.330144,3.92249,0.936978,0.0462339,1
28534.2,-0.738379,0.151959,0.669032,-1.86104,-0.329974,2.12218,-1.28901,-0.525843,0.814708,-0.244379,0,0.838111,0.54529,0.0144727,0,0.145051,-0.197211,-0.969571,0,0.619112,-0.0930814,0.366074,1,-0.769056,0.468118,0.682623,-1.51557,-0.106362,1.68345,-1.49484,-0.0458362,-0.314633,-0.0257032,-0.390069,-0.0353363,0.588251,0.0868612,0,0,0,0,0,0,0,0.370795,-26.9992,3.26289,22.9325,0.924767,2.26335,-0.0297974,0,0,0,0,0,0,0,0,0,0,0,0,0,0,0,0,0,0,0,0,0,0,0,0,0,0,0.957773,1.23429,0.737411,-0.432067,0.184414,-0.131685,-0.080697,3.65194,1.06597,-1.12929,-0.251635,2.79668,0.928787,0.0462339,1
28534.2,-0.739894,0.140954,0.668302,-1.87365,-0.332038,2.14055,-1.28454,-0.521662,0.813404,-0.257338,0,0.838242,0.544804,0.0227984,0,0.158746,-0.203823,-0.966052,0,0.618908,-0.0929894,0.36756,1,-0.769056,0.468118,0.682623,-1.51557,-0.106362,1.68345,-1.49484,-0.044173,-0.326089,-0.0199953,-0.358659,-0.0801715,0.547593,0.148607,0,0,0,0,0,0,0,0.335089,-26.4637,3.07643,22.8968,0.933922,2.51146,-0.0801514,0,0,0,0,0,0,0,0,0,0,0,0,0,0,0,0,0,0,0,0,0,0,0,0,0,0,0.544796,1.50352,0.347925,-0.66755,0.242095,-0.230939,-0.0924178,3.17439,0.399337,-1.49265,0.189948,2.80322,0.515845,0.0462339,1
28534.2,-0.74152,0.130101,0.668093,-1.88576,-0.335795,2.15737,-1.27945,-0.517746,0.811546,-0.270763,0,0.838174,0.544585,0.0295269,0,0.171419,-0.211664,-0.962192,0,0.618545,-0.0929377,0.36911,1,-0.769056,0.468118,0.682623,-1.51557,-0.106362,1.68345,-1.49484,-0.0468152,-0.317521,0.00010866,-0.36274,-0.13433,0.469589,0.134963,0,0,0,0,0,0,0,0.116888,-25.932,2.73921,22.9325,0.997094,2.5609,-0.159802,0,0,0,0,0,0,0,0,0,0,0,0,0,0,0,0,0,0,0,0,0,0,0,0,0,0,0.168889,0.324659,0.127589,0.436109,0.299342,-0.0649106,-0.0874391,2.36287,-0.151248,1.01603,0.387686,0.92295,0.139367,0.0462339,1
28534.3,-0.742869,0.11914,0.668115,-1.89784,-0.34099,2.17128,-1.276,-0.516222,0.808015,-0.283914,0,0.836994,0.546219,0.0326786,0,0.181487,-0.220769,-0.958292,0,0.617653,-0.092843,0.370434,1,-0.769056,0.468118,0.682623,-1.51557,-0.106362,1.68345,-1.49484,-0.0385618,-0.340198,-0.000240607,-0.345781,-0.152135,0.341211,0.095744,0,0,0,0,0,0,0,0.192267,-25.932,2.47737,22.6707,0.889061,2.45195,-0.159802,0,0,0,0,0,0,0,0,0,0,0,0,0,0,0,0,0,0,0,0,0,0,0,0,0,0,-0.172607,1.11816,-0.181676,0.165502,0.286421,-0.0481238,-0.111643,3.81148,-0.890238,-0.126354,0.853212,2.27526,-0.162131,0.0462339,1
28534.3,-0.74372,0.108004,0.668128,-1.90953,-0.346631,2.18128,-1.27244,-0.515282,0.804312,-0.295883,0,0.836066,0.547638,0.0326541,0,0.188304,-0.230556,-0.954665,0,0.616137,-0.0926646,0.371578,1,-0.769056,0.468118,0.682623,-1.51557,-0.106362,1.68345,-1.49484,-0.0258542,-0.317276,-0.00257336,-0.354351,-0.173201,0.260016,0.121878,0,0,0,0,0,0,0,0.263678,-25.7416,2.29091,22.7461,0.861596,2.44188,-0.149731,0,0,0,0,0,0,0,0,0,0,0,0,0,0,0,0,0,0,0,0,0,0,0,0,0,0,-0.228586,0.580546,-0.171386,0.634989,0.22602,0.101056,-0.139373,3.48343,-0.996716,0.756825,0.807102,1.50966,-0.207444,0.0462339,1
28534.3,-0.744281,0.0970222,0.668151,-1.92132,-0.352179,2.18664,-1.2675,-0.51386,0.801665,-0.305388,0,0.836462,0.547236,0.029065,0,0.190423,-0.240515,-0.951783,0,0.613726,-0.0924929,0.37201,1,-0.769056,0.468118,0.682623,-1.51557,-0.106362,1.68345,-1.49484,-0.0117964,-0.332545,-0.00093702,-0.336598,-0.15457,0.0808706,0.175401,0,0,0,0,0,0,0,0.116888,-25.1306,1.95369,22.1867,0.8442,2.31279,-0.110364,0,0,0,0,0,0,0,0,0,0,0,0,0,0,0,0,0,0,0,0,0,0,0,0,0,0,-0.244651,0.696663,-0.192366,0.731292,0.188649,0.157117,-0.161297,4.25668,-1.12832,0.677839,0.849479,1.92597,-0.219796,0.0462339,1
28534.4,-0.744608,0.0856279,0.668187,-1.93253,-0.356664,2.18715,-1.2597,-0.509969,0.801359,-0.312629,0,0.839246,0.543228,0.0234497,0,0.188624,-0.250419,-0.949585,0,0.610539,-0.0923093,0.372321,1,-0.769056,0.468118,0.682623,-1.51557,-0.106362,1.68345,-1.49484,-0.00387591,-0.335809,0.00090743,-0.33116,-0.130203,-0.0028696,0.251683,0,0,0,0,0,0,0,-0.0973449,-24.7895,1.58077,22.6707,0.870751,2.30272,-0.100293,0,0,0,0,0,0,0,0,0,0,0,0,0,0,0,0,0,0,0,0,0,0,0,0,0,0,-0.0685898,0.858012,-0.0596356,0.402046,0.176534,0.0834558,-0.166976,3.88018,-0.795697,0.145607,0.693555,2.06294,-0.0554729,0.0462339,1
28534.4,-0.744586,0.0746739,0.668251,-1.9439,-0.360906,2.18717,-1.25095,-0.505639,0.801584,-0.319019,0,0.842453,0.538462,0.0176955,0,0.185967,-0.259816,-0.947582,0,0.607249,-0.0919306,0.372241,1,-0.769056,0.468118,0.682623,-1.51557,-0.106362,1.68345,-1.49484,0.0044302,-0.31942,0.00445503,-0.32681,-0.125873,0.00318162,0.273229,0,0,0,0,0,0,0,-0.244134,-24.2936,1.09676,22.5596,0.924767,2.1544,-0.169873,0,0,0,0,0,0,0,0,0,0,0,0,0,0,0,0,0,0,0,0,0,0,0,0,0,0,-0.264997,0.289536,-0.241506,0.676114,0.210647,-0.0143505,-0.158707,2.64818,-0.953256,1.32851,0.734398,0.891524,-0.26481,0.0462339,1
28534.5,-0.744479,0.0636003,0.668743,-1.95452,-0.36651,2.18745,-1.24011,-0.500065,0.801857,-0.327018,0,0.846079,0.532885,0.0128532,0,0.184573,-0.270261,-0.94493,0,0.604245,-0.091454,0.372667,1,-0.769056,0.468118,0.682623,-1.51557,-0.106362,1.68345,-1.49484,0.0068475,-0.321072,0.0161716,-0.304538,-0.201914,0.0105099,0.330199,0,0,0,0,0,0,0,-0.315546,-24.0634,0.834916,23.0833,1.04195,2.14433,-0.210156,0,0,0,0,0,0,0,0,0,0,0,0,0,0,0,0,0,0,0,0,0,0,0,0,0,0,-0.612369,1.22921,-0.666892,-0.164087,0.271176,-0.270392,-0.129437,2.79915,-1.50803,-0.308097,1.15245,2.00587,-0.631903,0.0462339,1
28534.5,-0.744191,0.0527948,0.669655,-1.9647,-0.375025,2.18844,-1.2286,-0.495225,0.800558,-0.337401,0,0.848936,0.528421,0.00775855,0,0.184505,-0.282595,-0.941328,0,0.601579,-0.0909712,0.373365,1,-0.769056,0.468118,0.682623,-1.51557,-0.106362,1.68345,-1.49484,0.0118118,-0.30714,0.0294864,-0.300867,-0.288189,0.0497961,0.375629,0,0,0,0,0,0,0,-0.315546,-23.4525,0.723832,22.8571,1.08773,2.09489,-0.110364,0,0,0,0,0,0,0,0,0,0,0,0,0,0,0,0,0,0,0,0,0,0,0,0,0,0,-0.696714,0.580309,-0.713279,0.182375,0.357704,-0.308424,-0.16483,1.36376,-1.5593,1.07953,1.22268,0.596605,-0.716435,0.0462339,1
28534.5,-0.743654,0.0422262,0.670826,-1.97464,-0.386063,2.19031,-1.21466,-0.489476,0.798759,-0.349826,0,0.851997,0.523518,0.00323751,0,0.18573,-0.296472,-0.936808,0,0.599214,-0.0904636,0.374247,1,-0.769056,0.468118,0.682623,-1.51557,-0.106362,1.68345,-1.49484,0.0157457,-0.311477,0.0381015,-0.290948,-0.353548,0.0673826,0.394761,0,0,0,0,0,0,0,-0.27984,-23.4525,0.461991,22.4485,1.03371,2.11504,-0.100293,0,0,0,0,0,0,0,0,0,0,0,0,0,0,0,0,0,0,0,0,0,0,0,0,0,0,-0.906672,1.17444,-0.912286,-0.0261904,0.379046,-0.331799,-0.139557,2.63922,-1.95866,0.255483,1.48181,1.71198,-0.910748,0.0462339,1
28534.6,-0.742902,0.0315101,0.672083,-1.98456,-0.398965,2.1938,-1.2004,-0.484145,0.795523,-0.364317,0,0.854326,0.519718,-0.00046694,0,0.188974,-0.311477,-0.931274,0,0.597202,-0.0899029,0.375461,1,-0.769056,0.468118,0.682623,-1.51557,-0.106362,1.68345,-1.49484,0.0243797,-0.313544,0.0378119,-0.291702,-0.385534,0.128972,0.420091,0,0,0,0,0,0,0,-0.386957,-23.1113,0.20015,22.635,1.0154,2.11504,-0.179944,0,0,0,0,0,0,0,0,0,0,0,0,0,0,0,0,0,0,0,0,0,0,0,0,0,0,-0.693774,0.892091,-0.690159,0.149762,0.380376,-0.294976,-0.11346,2.47149,-1.49512,0.694741,1.21052,1.38009,-0.694473,0.0462339,1
28534.6,-0.742016,0.0212118,0.673232,-1.99516,-0.41316,2.20004,-1.18646,-0.479694,0.790911,-0.379913,0,0.855663,0.517505,-0.0030417,0,0.194205,-0.326543,-0.925016,0,0.595554,-0.0892908,0.37647,1,-0.769056,0.468118,0.682623,-1.51557,-0.106362,1.68345,-1.49484,0.0300179,-0.299338,0.0298443,-0.310156,-0.431123,0.21231,0.435709,0,0,0,0,0,0,0,-0.386957,-22.6154,0.0493934,22.9722,1.0154,2.12419,-0.0902222,0,0,0,0,0,0,0,0,0,0,0,0,0,0,0,0,0,0,0,0,0,0,0,0,0,0,-0.436988,0.157397,-0.414809,0.718145,0.36528,-0.20391,-0.127368,2.00087,-0.980172,2.10439,0.872676,0.379386,-0.432524,0.0462339,1
28534.6,-0.741047,0.0109113,0.674367,-2.0056,-0.428222,2.20801,-1.1711,-0.474185,0.785995,-0.396663,0,0.857051,0.5152,-0.00367061,0,0.201479,-0.341707,-0.917955,0,0.594286,-0.0886003,0.377786,1,-0.769056,0.468118,0.682623,-1.51557,-0.106362,1.68345,-1.49484,0.0303127,-0.300639,0.0351867,-0.299156,-0.463711,0.228133,0.453067,0,0,0,0,0,0,0,-0.386957,-22.1988,-0.212447,22.9722,1.00625,2.00609,-0.110364,0,0,0,0,0,0,0,0,0,0,0,0,0,0,0,0,0,0,0,0,0,0,0,0,0,0,-0.476112,0.612963,-0.476152,0.0892925,0.333324,-0.326473,-0.132621,1.56013,-1.01555,0.895688,0.90517,0.831885,-0.477364,0.0462339,1
28534.7,-0.740166,0.00116044,0.675675,-2.01573,-0.444333,2.2164,-1.15483,-0.468317,0.78069,-0.413743,0,0.858398,0.512952,-0.00373629,0,0.209317,-0.356913,-0.910384,0,0.593213,-0.0879257,0.379069,1,-0.769056,0.468118,0.682623,-1.51557,-0.106362,1.68345,-1.49484,0.016966,-0.277462,0.037331,-0.308252,-0.471832,0.291749,0.470312,0,0,0,0,0,0,0,-0.244134,-22.0084,-0.137069,22.7104,0.970543,2.1544,-0.229382,0,0,0,0,0,0,0,0,0,0,0,0,0,0,0,0,0,0,0,0,0,0,0,0,0,0,-0.159749,-0.223968,-0.169909,0.649172,0.334167,-0.225418,-0.130333,0.638008,-0.369475,2.37525,0.518143,-0.451381,-0.1656,0.0462339,1
28534.7,-0.739361,-0.00803809,0.676765,-2.0262,-0.460655,2.2267,-1.13692,-0.461051,0.775839,-0.430681,0,0.860078,0.510141,-0.00174663,0,0.218357,-0.371231,-0.902501,0,0.592391,-0.0872656,0.380116,1,-0.769056,0.468118,0.682623,-1.51557,-0.106362,1.68345,-1.49484,0.0283642,-0.262269,0.0323367,-0.300016,-0.482978,0.292888,0.534238,0,0,0,0,0,0,0,-0.172723,-21.7783,-0.359237,22.2224,0.907372,1.92644,-0.179944,0,0,0,0,0,0,0,0,0,0,0,0,0,0,0,0,0,0,0,0,0,0,0,0,0,0,0.0301445,-0.183311,0.00254201,0.704038,0.307538,-0.165762,-0.16265,1.10066,-0.128158,2.32437,0.388901,-0.197004,0.0185873,0.0462339,1
28534.7,-0.738478,-0.0168958,0.677693,-2.03645,-0.476459,2.23697,-1.11755,-0.452293,0.771874,-0.446791,0,0.862387,0.506228,0.00154984,0,0.227379,-0.384613,-0.894635,0,0.591613,-0.0865575,0.381075,1,-0.769056,0.468118,0.682623,-1.51557,-0.106362,1.68345,-1.49484,0.0252324,-0.25342,0.0261425,-0.30513,-0.45206,0.341679,0.537703,0,0,0,0,0,0,0,-0.172723,-21.5125,-0.585372,22.7461,0.970543,2.16447,-0.190015,0,0,0,0,0,0,0,0,0,0,0,0,0,0,0,0,0,0,0,0,0,0,0,0,0,0,0.0984473,-0.171438,0.0542811,0.568775,0.276116,-0.166382,-0.137547,0.813475,0.0472321,2.02573,0.26583,-0.21721,0.0805824,0.046232,1
28534.8,-0.737547,-0.0248649,0.678673,-2.04692,-0.491178,2.24843,-1.09938,-0.444583,0.767786,-0.461337,0,0.863874,0.503657,0.00571594,0,0.236749,-0.396003,-0.887204,0,0.590996,-0.0855508,0.381539,1,-0.769056,0.468118,0.682623,-1.51557,-0.106362,1.68345,-1.49484,0.0283782,-0.221518,0.0332656,-0.300343,-0.43659,0.30012,0.497398,0,0,0,0,0,0,0,-0.172723,-21.2824,-0.771835,23.0833,1.04195,2.12419,0.0690795,0,0,0,0,0,0,0,0,0,0,0,0,0,0,0,0,0,0,0,0,0,0,0,0,0,0,0.0489894,-0.620047,-0.0201002,0.836655,0.249641,-0.147337,-0.0883655,0.148248,0.104075,2.73294,0.158102,-0.963886,0.024239,0.046232,1
28534.8,-0.736678,-0.0321911,0.679941,-2.05697,-0.505124,2.2593,-1.08397,-0.439256,0.762752,-0.474599,0,0.86413,0.503171,0.00889207,0,0.245591,-0.406217,-0.880155,0,0.590402,-0.084353,0.381786,1,-0.769056,0.468118,0.682623,-1.51557,-0.106362,1.68345,-1.49484,0.0172842,-0.211427,0.0392526,-0.293201,-0.401548,0.331171,0.438947,0,0,0,0,0,0,0,-0.13305,-20.8619,-0.80754,22.7461,0.943077,2.13426,-0.0600098,0,0,0,0,0,0,0,0,0,0,0,0,0,0,0,0,0,0,0,0,0,0,0,0,0,0,-0.0874844,-0.127134,-0.171158,0.48568,0.225256,-0.15886,-0.0257353,0.779518,-0.121584,1.58541,0.257369,-0.109811,-0.12321,0.046232,1
28534.8,-0.736246,-0.039188,0.681547,-2.06664,-0.517998,2.27005,-1.07091,-0.435502,0.757202,-0.486789,0,0.86351,0.504176,0.0117158,0,0.254303,-0.415253,-0.873439,0,0.589851,-0.0830869,0.381972,1,-0.769056,0.468118,0.682623,-1.51557,-0.106362,1.68345,-1.49484,0.00776621,-0.202164,0.0497479,-0.286246,-0.351704,0.299729,0.381335,0,0,0,0,0,0,0,-0.172723,-20.596,-0.994003,22.5596,0.933922,2.03539,-0.049939,0,0,0,0,0,0,0,0,0,0,0,0,0,0,0,0,0,0,0,0,0,0,0,0,0,0,0.112525,-0.15659,0.0135379,0.482473,0.220327,-0.131345,-0.0578459,0.733336,0.171114,1.61109,0.126029,-0.134614,0.070156,0.046232,1
28534.9,-0.735969,-0.0452996,0.683378,-2.07588,-0.530473,2.2815,-1.05837,-0.432218,0.751689,-0.498127,0,0.862393,0.50599,0.0152672,0,0.263529,-0.422991,-0.866967,0,0.589556,-0.0816555,0.381981,1,-0.769056,0.468118,0.682623,-1.51557,-0.106362,1.68345,-1.49484,0.00723592,-0.16598,0.0539006,-0.259942,-0.37012,0.352448,0.315824,0,0,0,0,0,0,0,-0.172723,-20.481,-1.10509,22.1113,1.05111,1.88707,-0.0297974,0,0,0,0,0,0,0,0,0,0,0,0,0,0,0,0,0,0,0,0,0,0,0,0,0,0,0.111003,-0.175634,0.0079429,0.308373,0.237285,-0.178456,-0.0521906,0.0293366,0.216455,1.49319,0.126304,-0.408945,0.0686063,0.046232,1
28534.9,-0.735738,-0.0505764,0.685289,-2.0841,-0.542576,2.29315,-1.04635,-0.42913,0.746274,-0.508825,0,0.860894,0.508389,0.0195788,0,0.273298,-0.429651,-0.860644,0,0.589577,-0.0801242,0.382093,1,-0.769056,0.468118,0.682623,-1.51557,-0.106362,1.68345,-1.49484,0.00816123,-0.139256,0.0599281,-0.23117,-0.356067,0.351228,0.37681,0,0,0,0,0,0,0,-0.172723,-20.4453,-1.33122,22.7104,0.978783,2.05553,-0.149731,0,0,0,0,0,0,0,0,0,0,0,0,0,0,0,0,0,0,0,0,0,0,0,0,0,0,0.0651944,-0.244122,-0.0525412,0.0660792,0.24039,-0.235315,-0.0811905,-1.17149,0.115023,1.40418,0.204989,-0.942326,0.0195668,0.046232,1
28534.9,-0.735421,-0.055179,0.686935,-2.09159,-0.554602,2.30541,-1.03444,-0.425882,0.741014,-0.519138,0,0.85911,0.511168,0.0248536,0,0.283789,-0.43542,-0.854326,0,0.589886,-0.078591,0.382298,1,-0.769056,0.468118,0.682623,-1.51557,-0.106362,1.68345,-1.49484,0.0108903,-0.129577,0.0418288,-0.212504,-0.3288,0.336414,0.355768,0,0,0,0,0,0,0,-0.13305,-20.0644,-1.36693,22.147,1.00625,1.96581,-0.169873,0,0,0,0,0,0,0,0,0,0,0,0,0,0,0,0,0,0,0,0,0,0,0,0,0,0,0.398949,-0.188794,0.238879,0.130251,0.2504,-0.144163,-0.126135,-0.719366,0.534819,1.39728,0.0503891,-0.705087,0.331446,0.046232,1
28535,-0.7351,-0.0593115,0.6881,-2.09855,-0.566172,2.31603,-1.02011,-0.420112,0.737781,-0.528361,0,0.85897,0.511087,0.0306724,0,0.292674,-0.440969,-0.848462,0,0.590005,-0.077427,0.382346,1,-0.769056,0.468118,0.682623,-1.51557,-0.106362,1.68345,-1.49484,0.00651451,-0.114663,0.0307457,-0.195522,-0.350974,0.322022,0.41444,0,0,0,0,0,0,0,-0.0616393,-20.1398,-1.48198,22.8968,1.06026,2.17455,-0.049939,0,0,0,0,0,0,0,0,0,0,0,0,0,0,0,0,0,0,0,0,0,0,0,0,0,0,0.55009,-0.104587,0.369734,0.189456,0.254035,-0.0693724,-0.146187,-0.235176,0.690427,1.32317,0.00677688,-0.438509,0.471442,0.046232,1
28535,-0.734895,-0.0629933,0.689097,-2.10475,-0.57831,2.32572,-1.00697,-0.415288,0.733871,-0.53754,0,0.858422,0.511702,0.035403,0,0.301047,-0.446743,-0.842491,0,0.590161,-0.0765363,0.382487,1,-0.769056,0.468118,0.682623,-1.51557,-0.106362,1.68345,-1.49484,0.00818205,-0.105238,0.0314124,-0.170742,-0.369158,0.229858,0.383118,0,0,0,0,0,0,0,-0.13305,-19.874,-1.51768,22.147,1.0154,1.96581,-0.149731,0,0,0,0,0,0,0,0,0,0,0,0,0,0,0,0,0,0,0,0,0,0,0,0,0,0,0.233854,0.0308343,0.03569,0.0547951,0.277357,-0.0930293,-0.0662045,-0.394409,0.195636,0.93906,0.256941,-0.387222,0.146486,0.046232,1
28535,-0.734846,-0.0663634,0.690261,-2.1101,-0.591429,2.33258,-0.995644,-0.412327,0.72867,-0.546816,0,0.857554,0.513041,0.0370227,0,0.307522,-0.453667,-0.836431,0,0.590091,-0.0759848,0.38265,1,-0.769056,0.468118,0.682623,-1.51557,-0.106362,1.68345,-1.49484,-0.000146931,-0.0898572,0.0342087,-0.144521,-0.378024,0.177815,0.312215,0,0,0,0,0,0,0,-0.0616393,-19.7193,-1.55339,22.7461,1.10513,2.1837,-0.110364,0,0,0,0,0,0,0,0,0,0,0,0,0,0,0,0,0,0,0,0,0,0,0,0,0,0,0.257756,0.197168,0.0577388,-0.0911757,0.285076,-0.0742932,-0.0755902,-0.345876,0.166231,0.57213,0.307023,-0.183908,0.166916,0.0462339,1
28535.1,-0.734848,-0.0689347,0.691531,-2.11457,-0.605161,2.33812,-0.985058,-0.410254,0.722958,-0.555881,0,0.856488,0.514791,0.0374077,0,0.313212,-0.460768,-0.830416,0,0.590085,-0.075577,0.382771,1,-0.769056,0.468118,0.682623,-1.51557,-0.106362,1.68345,-1.49484,-0.00063633,-0.068473,0.0370628,-0.121074,-0.412298,0.131524,0.288231,0,0,0,0,0,0,0,0.00977179,-19.6836,-1.48198,22.4485,1.03371,2.14433,-0.0398682,0,0,0,0,0,0,0,0,0,0,0,0,0,0,0,0,0,0,0,0,0,0,0,0,0,0,0.24989,-0.140254,0.0364496,0.155449,0.292004,0.00672832,-0.0442755,-0.865342,0.175522,1.12744,0.297407,-0.805761,0.16291,0.0462339,1
28535.1,-0.734851,-0.0710184,0.692959,-2.11847,-0.618804,2.34124,-0.977088,-0.41058,0.716185,-0.564343,0,0.854945,0.517533,0.0347769,0,0.316979,-0.468213,-0.824804,0,0.58986,-0.0753325,0.382688,1,-0.769056,0.468118,0.682623,-1.51557,-0.106362,1.68345,-1.49484,0.000396102,-0.0549178,0.0409936,-0.109279,-0.397032,0.0461095,0.230254,0,0,0,0,0,0,0,0.00977179,-19.4931,-1.55339,22.3374,1.04195,2.10497,-0.139661,0,0,0,0,0,0,0,0,0,0,0,0,0,0,0,0,0,0,0,0,0,0,0,0,0,0,0.238362,-0.174991,0.0405761,0.238105,0.258656,0.0633294,-0.06186,-0.72323,0.101954,1.16459,0.311611,-0.795395,0.160579,0.0462339,1
28535.1,-0.734857,-0.0726277,0.69427,-2.12169,-0.631995,2.34132,-0.968283,-0.409956,0.71054,-0.571883,0,0.854792,0.518033,0.0308732,0,0.318197,-0.476194,-0.81975,0,0.589323,-0.0754819,0.382406,1,-0.769056,0.468118,0.682623,-1.51557,-0.106362,1.68345,-1.49484,0.000967217,-0.0408592,0.0347652,-0.0894583,-0.375302,-0.00285343,0.278693,0,0,0,0,0,0,0,0.00977179,-19.4931,-1.62877,22.4842,1.06942,2.07475,-0.12959,0,0,0,0,0,0,0,0,0,0,0,0,0,0,0,0,0,0,0,0,0,0,0,0,0,0,0.506134,-0.19156,0.33009,0.197678,0.24344,0.0835366,-0.0895532,-0.729689,0.580028,1.12381,0.0726485,-0.747192,0.436813,0.0462339,1
28535.2,-0.734857,-0.0735054,0.695551,-2.12417,-0.644523,2.34118,-0.960594,-0.40994,0.704975,-0.578741,0,0.854375,0.518939,0.0269484,0,0.319335,-0.483424,-0.815062,0,0.588968,-0.0756339,0.382111,1,-0.769056,0.468118,0.682623,-1.51557,-0.106362,1.68345,-1.49484,0.000854668,-0.0141441,0.038865,-0.0659112,-0.377737,-0.00335857,0.194545,0,0,0,0,0,0,0,0.00977179,-19.4535,-1.62877,22.5993,1.02456,1.99602,-0.219312,0,0,0,0,0,0,0,0,0,0,0,0,0,0,0,0,0,0,0,0,0,0,0,0,0,0,0.390219,-0.310906,0.182792,0.261505,0.250668,0.0379482,-0.0787676,-1.00153,0.422448,1.432,0.138255,-1.0115,0.309729,0.0462339,1
28535.2,-0.734857,-0.0736293,0.696858,-2.12574,-0.656996,2.34117,-0.953294,-0.410058,0.699405,-0.585377,0,0.853698,0.520217,0.0235347,0,0.32099,-0.490095,-0.810415,0,0.588923,-0.0757549,0.38195,1,-0.769056,0.468118,0.682623,-1.51557,-0.106362,1.68345,-1.49484,0.000173207,0.00106,0.0393831,-0.0379777,-0.365424,0.000508644,0.251958,0,0,0,0,0,0,0,0.00977179,-19.6082,-1.62877,22.4842,1.00625,1.98595,-0.249524,0,0,0,0,0,0,0,0,0,0,0,0,0,0,0,0,0,0,0,0,0,0,0,0,0,0,0.213723,-0.12284,-0.00949899,0.0923785,0.242567,-0.0293081,-0.12262,-0.982465,0.0314187,1.19643,0.342109,-0.819245,0.1224,0.0462339,1
28535.2,-0.734855,-0.0734904,0.698112,-2.127,-0.669807,2.34119,-0.94307,-0.407694,0.695159,-0.592048,0,0.854115,0.519603,0.0219382,0,0.322886,-0.496742,-0.8056,0,0.588989,-0.0759203,0.381853,1,-0.769056,0.468118,0.682623,-1.51557,-0.106362,1.68345,-1.49484,0.000908369,0.00566607,0.0413345,-0.0375915,-0.360926,-0.000117753,0.2922,0,0,0,0,0,0,0,-0.0259338,-19.8343,-1.66844,22.4485,0.961388,1.91637,-0.200085,0,0,0,0,0,0,0,0,0,0,0,0,0,0,0,0,0,0,0,0,0,0,0,0,0,0,0.139203,-0.245985,-0.111934,0.343068,0.251319,-0.041249,-0.140297,-0.64213,-0.0904745,1.75455,0.397725,-0.886222,0.03841,0.0462339,1
28535.3,-0.734849,-0.0734247,0.699472,-2.1283,-0.681581,2.3412,-0.933209,-0.40531,0.69133,-0.598137,0,0.85456,0.518922,0.0207055,0,0.324707,-0.502761,-0.801122,0,0.58903,-0.0759421,0.381724,1,-0.769056,0.468118,0.682623,-1.51557,-0.106362,1.68345,-1.49484,0.000671352,-0.00134655,0.0388805,-0.0412336,-0.34077,-0.000599758,0.300979,0,0,0,0,0,0,0,-0.0616393,-19.6082,-1.8549,22.3731,1.0154,1.91637,0.00957027,0,0,0,0,0,0,0,0,0,0,0,0,0,0,0,0,0,0,0,0,0,0,0,0,0,0,-0.00839387,-0.010192,-0.26551,0.191491,0.215377,-0.0852605,-0.113428,-0.182827,-0.330582,1.205,0.460978,-0.401498,-0.121133,0.0462339,1
28535.3,-0.734848,-0.0734526,0.700914,-2.12974,-0.692722,2.3412,-0.923148,-0.402608,0.687941,-0.603842,0,0.855178,0.517934,0.0198823,0,0.326434,-0.508397,-0.796852,0,0.589023,-0.0758669,0.381533,1,-0.769056,0.468118,0.682623,-1.51557,-0.106362,1.68345,-1.49484,-0.000416479,-0.000748619,0.0424853,-0.0433931,-0.314156,-0.000490051,0.256177,0,0,0,0,0,0,0,-0.0259338,-19.3781,-1.66844,22.1867,0.933922,1.88707,-0.0398682,0,0,0,0,0,0,0,0,0,0,0,0,0,0,0,0,0,0,0,0,0,0,0,0,0,0,-0.143913,0.0255784,-0.403007,0.21243,0.229646,-0.0847455,-0.0782213,-0.0622119,-0.540276,1.14343,0.564789,-0.343957,-0.257321,0.0462339,1
28535.3,-0.734853,-0.0734695,0.702366,-2.13116,-0.703773,2.34122,-0.915597,-0.401999,0.683268,-0.609526,0,0.854776,0.518678,0.0176814,0,0.328235,-0.51391,-0.792564,0,0.589029,-0.0757746,0.381353,1,-0.769056,0.468118,0.682623,-1.51557,-0.106362,1.68345,-1.49484,-0.00150116,-0.000205339,0.0441773,-0.0387204,-0.327307,0.000104635,0.218719,0,0,0,0,0,0,0,0.0454774,-19.3384,-1.66844,22.262,1.02456,1.84679,-0.0600098,0,0,0,0,0,0,0,0,0,0,0,0,0,0,0,0,0,0,0,0,0,0,0,0,0,0,-0.0933888,0.18169,-0.323839,0.0625531,0.23342,-0.108161,-0.0761821,0.104049,-0.411152,0.794274,0.503313,-0.0607988,-0.198344,0.0462339,1
28535.4,-0.734846,-0.0734548,0.70405,-2.13262,-0.714465,2.34125,-0.907823,-0.401265,0.678835,-0.61494,0,0.854402,0.519354,0.0157974,0,0.330102,-0.519077,-0.788411,0,0.589043,-0.0755069,0.381118,1,-0.769056,0.468118,0.682623,-1.51557,-0.106362,1.68345,-1.49484,-0.000726909,-0.000445865,0.0503996,-0.046061,-0.308015,0.000249577,0.221776,0,0,0,0,0,0,0,-0.0259338,-19.4535,-1.74382,22.262,1.02456,1.78728,-0.049939,0,0,0,0,0,0,0,0,0,0,0,0,0,0,0,0,0,0,0,0,0,0,0,0,0,0,-0.186859,0.0846779,-0.418584,0.249283,0.276225,-0.112837,-0.0544617,0.266347,-0.505902,1.19907,0.57333,-0.171868,-0.287438,0.0462339,1
28535.4,-0.734865,-0.0734542,0.706026,-2.13411,-0.725954,2.34131,-0.901518,-0.402248,0.672883,-0.620811,0,0.853068,0.521627,0.0126427,0,0.332345,-0.524519,-0.783854,0,0.589101,-0.0751232,0.380924,1,-0.769056,0.468118,0.682623,-1.51557,-0.106362,1.68345,-1.49484,-0.0010314,0.000775551,0.0555734,-0.0404096,-0.35224,0.00590757,0.169836,0,0,0,0,0,0,0,0.116888,-19.4178,-1.59306,22.262,1.09689,1.79735,-0.0801514,0,0,0,0,0,0,0,0,0,0,0,0,0,0,0,0,0,0,0,0,0,0,0,0,0,0,-0.13108,0.116884,-0.340926,0.129971,0.295834,-0.148693,-0.0796855,-0.000356611,-0.380943,1.16638,0.538891,-0.222878,-0.221213,0.0462339,1
28535.4,-0.734857,-0.0734541,0.708067,-2.13529,-0.738587,2.34137,-0.894053,-0.402503,0.666584,-0.627406,0,0.851828,0.523708,0.00993304,0,0.335205,-0.530454,-0.778624,0,0.589288,-0.0747467,0.38096,1,-0.769056,0.468118,0.682623,-1.51557,-0.106362,1.68345,-1.49484,0.000356275,8.88566e-05,0.061022,-0.0247643,-0.397783,-0.000512744,0.257851,0,0,0,0,0,0,0,0.00977179,-19.4178,-1.62877,22.2978,1.10513,1.73784,-0.0700806,0,0,0,0,0,0,0,0,0,0,0,0,0,0,0,0,0,0,0,0,0,0,0,0,0,0,-0.114099,0.147449,-0.324432,0.0802581,0.32614,-0.163863,-0.128351,-0.168083,-0.401643,1.28553,0.60441,-0.290377,-0.202581,0.0462339,1
28535.5,-0.734857,-0.073428,0.710073,-2.13594,-0.753713,2.34138,-0.884392,-0.401403,0.659521,-0.635522,0,0.850824,0.525373,0.00782231,0,0.339052,-0.537588,-0.772038,0,0.589687,-0.0745406,0.381403,1,-0.769056,0.468118,0.682623,-1.51557,-0.106362,1.68345,-1.49484,0.000271084,0.00365961,0.0541338,-0.00494137,-0.469083,6.20294e-05,0.256791,0,0,0,0,0,0,0,0.00977179,-19.5685,-1.70415,22.2978,1.1509,1.72777,-0.149731,0,0,0,0,0,0,0,0,0,0,0,0,0,0,0,0,0,0,0,0,0,0,0,0,0,0,0.00157389,0.188731,-0.214399,-0.100489,0.38007,-0.179811,-0.12439,-0.677956,-0.178647,1.16373,0.560137,-0.431909,-0.0895305,0.0462339,1
28535.5,-0.734849,-0.0732938,0.711739,-2.13601,-0.771561,2.34142,-0.875367,-0.401194,0.650149,-0.645237,0,0.84898,0.528387,0.00453301,0,0.343889,-0.545985,-0.763964,0,0.59032,-0.0746736,0.382285,1,-0.769056,0.468118,0.682623,-1.51557,-0.106362,1.68345,-1.49484,0.000324798,0.00353992,0.0436452,0.000953581,-0.559529,0.000871131,0.293744,0,0,0,0,0,0,0,-0.0259338,-19.4931,-1.74382,22.2224,1.22231,1.62889,-0.120435,0,0,0,0,0,0,0,0,0,0,0,0,0,0,0,0,0,0,0,0,0,0,0,0,0,0,0.269164,0.0368814,0.049469,-0.128657,0.423838,-0.16053,-0.13558,-1.30373,0.331141,1.42956,0.364378,-0.821244,0.180218,0.0462339,1
28535.5,-0.734813,-0.0732406,0.713204,-2.13601,-0.792609,2.34186,-0.864542,-0.400256,0.639176,-0.656681,0,0.846936,0.531675,0.00128407,0,0.349968,-0.555663,-0.754162,0,0.591125,-0.0750172,0.383481,1,-0.769056,0.468118,0.682623,-1.51557,-0.106362,1.68345,-1.49484,0.00140403,0.00118549,0.0467801,0.000562849,-0.64426,0.0204494,0.291786,0,0,0,0,0,0,0,-0.172723,-19.4535,-1.8549,22.2224,1.21407,1.57945,-0.0801514,0,0,0,0,0,0,0,0,0,0,0,0,0,0,0,0,0,0,0,0,0,0,0,0,0,0,0.0168998,-0.0554606,-0.208953,0.0929236,0.484957,-0.199737,-0.109036,-1.09863,-0.0105874,1.9511,0.56166,-0.952411,-0.0683338,0.0462339,1
28535.6,-0.734766,-0.073248,0.7148,-2.13601,-0.816356,2.34253,-0.854934,-0.401191,0.625195,-0.669445,0,0.843488,0.537116,-0.00388029,0,0.357151,-0.566237,-0.742845,0,0.592069,-0.0753659,0.384901,1,-0.769056,0.468118,0.682623,-1.51557,-0.106362,1.68345,-1.49484,0.0045423,-0.000131429,0.0520604,-0.00115491,-0.721107,0.0194719,0.293966,0,0,0,0,0,0,0,-0.13305,-19.3027,-1.77953,22.262,1.06026,1.53001,-0.139661,0,0,0,0,0,0,0,0,0,0,0,0,0,0,0,0,0,0,0,0,0,0,0,0,0,0,-0.299696,0.0236209,-0.537104,0.152066,0.479289,-0.227955,-0.0857812,-0.732017,-0.562649,1.89981,0.80615,-0.779039,-0.390853,0.0462339,1
28535.6,-0.734735,-0.0732392,0.716745,-2.13601,-0.841783,2.34277,-0.843793,-0.40146,0.610372,-0.68283,0,0.840112,0.542317,-0.00916274,0,0.364725,-0.577343,-0.730514,0,0.593047,-0.0756364,0.386399,1,-0.769056,0.468118,0.682623,-1.51557,-0.106362,1.68345,-1.49484,-0.000463065,-0.0010719,0.0592883,-0.00527949,-0.752829,-0.000122395,0.314396,0,0,0,0,0,0,0,-0.0973449,-19.3384,-1.89061,22.262,1.09689,1.55931,-0.110364,0,0,0,0,0,0,0,0,0,0,0,0,0,0,0,0,0,0,0,0,0,0,0,0,0,0,-0.193774,-0.128735,-0.412211,0.232201,0.421505,-0.182345,-0.11557,-0.88442,-0.395816,2.06005,0.671984,-0.963076,-0.274017,0.0462339,1
28535.6,-0.734731,-0.0732289,0.718812,-2.13606,-0.867186,2.34275,-0.832356,-0.401383,0.595456,-0.69592,0,0.836825,0.547264,-0.014392,0,0.372289,-0.588151,-0.717969,0,0.594003,-0.0758407,0.38788,1,-0.769056,0.468118,0.682623,-1.51557,-0.106362,1.68345,-1.49484,-0.00114453,-0.000282645,0.0612784,-0.009157,-0.72681,-0.000327112,0.370443,0,0,0,0,0,0,0,-0.0259338,-19.3027,-1.70415,22.3731,1.06942,1.57945,-0.0600098,0,0,0,0,0,0,0,0,0,0,0,0,0,0,0,0,0,0,0,0,0,0,0,0,0,0,-0.204715,-0.21172,-0.421694,0.370426,0.364394,-0.130152,-0.129778,-0.670911,-0.468207,2.16117,0.655389,-0.966932,-0.283533,0.0462339,1
28535.7,-0.734739,-0.0732331,0.720983,-2.13618,-0.891511,2.34271,-0.819784,-0.399936,0.581767,-0.708222,0,0.834159,0.551204,-0.0182677,0,0.379755,-0.598088,-0.705746,0,0.59493,-0.0758879,0.389285,1,-0.769056,0.468118,0.682623,-1.51557,-0.106362,1.68345,-1.49484,-0.00131261,-0.000786537,0.0621454,-0.00279226,-0.693479,-0.00517499,0.366125,0,0,0,0,0,0,0,0.0454774,-19.2273,-1.51768,22.3374,0.933922,1.59959,-0.120435,0,0,0,0,0,0,0,0,0,0,0,0,0,0,0,0,0,0,0,0,0,0,0,0,0,0,-0.238819,-0.137382,-0.403054,0.342471,0.296229,-0.0951449,-0.137877,-0.358487,-0.548909,1.83743,0.628813,-0.712509,-0.295991,0.0462339,1
28535.7,-0.734729,-0.0731377,0.722834,-2.13636,-0.914295,2.34271,-0.805291,-0.396154,0.570401,-0.719504,0,0.832745,0.553282,-0.0198794,0,0.386757,-0.60705,-0.694197,0,0.595796,-0.0759881,0.390551,1,-0.769056,0.468118,0.682623,-1.51557,-0.106362,1.68345,-1.49484,0.00102165,0.00637837,0.0494987,-0.00328338,-0.65199,0.000730881,0.428154,0,0,0,0,0,0,0,-0.0973449,-19.3781,-1.66844,22.262,0.879906,1.46043,-0.229382,0,0,0,0,0,0,0,0,0,0,0,0,0,0,0,0,0,0,0,0,0,0,0,0,0,0,0.29567,-0.431206,0.143521,0.395151,0.251011,-0.0150653,-0.156471,-0.885465,0.447583,2.08779,0.0987248,-1.10421,0.24521,0.0462339,1
28535.7,-0.734721,-0.0725034,0.724181,-2.13637,-0.936069,2.34279,-0.788514,-0.389907,0.56147,-0.729867,0,0.832651,0.553452,-0.0190576,0,0.393254,-0.615167,-0.683316,0,0.596685,-0.0763036,0.391614,1,-0.769056,0.468118,0.682623,-1.51557,-0.106362,1.68345,-1.49484,6.26125e-05,0.0251373,0.0332243,0.00118524,-0.643792,0.0049581,0.546772,0,0,0,0,0,0,0,-0.13305,-19.4178,-1.77953,22.2224,1.14175,1.24254,-0.179944,0,0,0,0,0,0,0,0,0,0,0,0,0,0,0,0,0,0,0,0,0,0,0,0,0,0,0.637707,-0.947114,0.47699,0.454375,0.257723,-0.0280676,-0.206336,-2.43016,1.14271,2.97322,-0.238748,-2.21735,0.594848,0.0462346,1
28535.8,-0.734675,-0.07102,0.725359,-2.13637,-0.958518,2.34339,-0.769753,-0.38248,0.553448,-0.739855,0,0.832872,0.553195,-0.0167499,0,0.400021,-0.622623,-0.67255,0,0.597716,-0.0766371,0.392359,1,-0.769056,0.468118,0.682623,-1.51557,-0.106362,1.68345,-1.49484,0.00297073,0.0625073,0.0331244,0.000420511,-0.681805,0.0348317,0.566254,0,0,0,0,0,0,0,-0.208429,-19.4931,-1.74382,22.1867,1.15914,1.1931,-0.190015,0,0,0,0,0,0,0,0,0,0,0,0,0,0,0,0,0,0,0,0,0,0,0,0,0,0,0.304911,-1.38582,0.11234,0.753462,0.363239,-0.153428,-0.152464,-3.33046,0.789803,4.143,-0.0229518,-3.19684,0.263548,0.0462346,1
28535.8,-0.734471,-0.0685471,0.726772,-2.1364,-0.982727,2.34509,-0.751629,-0.376816,0.543874,-0.749794,0,0.83155,0.555226,-0.0151619,0,0.408067,-0.629217,-0.661489,0,0.599041,-0.0766242,0.392777,1,-0.769056,0.468118,0.682623,-1.51557,-0.106362,1.68345,-1.49484,0.00786135,0.0838573,0.0440613,-0.00594676,-0.729528,0.0590509,0.549762,0,0,0,0,0,0,0,-0.208429,-19.5685,-1.77953,22.4485,1.1683,1.21233,-0.12959,0,0,0,0,0,0,0,0,0,0,0,0,0,0,0,0,0,0,0,0,0,0,0,0,0,0,-0.190695,-1.34604,-0.399101,0.787858,0.397638,-0.237684,-0.113758,-3.37304,-0.0633753,4.23948,0.403626,-3.28599,-0.237236,0.0462346,1
28535.8,-0.734315,-0.0653688,0.728419,-2.13652,-1.00767,2.34741,-0.734153,-0.3724,0.53357,-0.759343,0,0.829249,0.558684,-0.0141117,0,0.416711,-0.634952,-0.650529,0,0.600511,-0.0763952,0.392873,1,-0.769056,0.468118,0.682623,-1.51557,-0.106362,1.68345,-1.49484,0.00183446,0.0996155,0.0521878,-0.00626001,-0.73288,0.0682193,0.506575,0,0,0,0,0,0,0,-0.13305,-19.4178,-1.59306,22.2224,0.997094,1.28191,0.0196411,0,0,0,0,0,0,0,0,0,0,0,0,0,0,0,0,0,0,0,0,0,0,0,0,0,0,-0.116679,-1.26547,-0.311342,0.873004,0.378188,-0.19174,-0.0855381,-2.66396,0.0918746,4.03403,0.299099,-2.89315,-0.163614,0.0462346,1
28535.9,-0.734268,-0.0618262,0.73034,-2.13698,-1.0322,2.35025,-0.718383,-0.369773,0.522775,-0.768086,0,0.825949,0.563553,-0.0140634,0,0.425513,-0.639612,-0.640184,0,0.601983,-0.0759155,0.392594,1,-0.769056,0.468118,0.682623,-1.51557,-0.106362,1.68345,-1.49484,0.00568092,0.106982,0.0530811,-0.013853,-0.701562,0.0816965,0.446414,0,0,0,0,0,0,0,-0.172723,-19.6439,-1.51768,22.3374,0.907372,1.26268,-0.0600098,0,0,0,0,0,0,0,0,0,0,0,0,0,0,0,0,0,0,0,0,0,0,0,0,0,0,-0.253856,-0.879379,-0.39338,0.768599,0.340293,-0.172215,-0.0826345,-1.52777,-0.187821,3.2784,0.401308,-2.00141,-0.286166,0.0462346,1
28535.9,-0.734255,-0.0582216,0.732308,-2.13786,-1.05537,2.35359,-0.701947,-0.366536,0.513565,-0.775811,0,0.822882,0.568052,-0.0127397,0,0.434167,-0.643083,-0.630828,0,0.603367,-0.075228,0.391985,1,-0.769056,0.468118,0.682623,-1.51557,-0.106362,1.68345,-1.49484,-3.13223e-05,0.106354,0.0501871,-0.0327069,-0.664496,0.114453,0.465181,0,0,0,0,0,0,0,-0.0616393,-19.4931,-1.22014,22.1867,0.924767,1.26268,-0.120435,0,0,0,0,0,0,0,0,0,0,0,0,0,0,0,0,0,0,0,0,0,0,0,0,0,0,-0.0809653,-0.854453,-0.197799,0.838375,0.265829,-0.0918687,-0.114521,-1.00772,0.0360114,3.1224,0.2404,-1.71614,-0.107883,0.0462346,1
28535.9,-0.734236,-0.0547383,0.7341,-2.13925,-1.07646,2.35745,-0.685066,-0.362604,0.506466,-0.782299,0,0.820273,0.571868,-0.00997371,0,0.442329,-0.645328,-0.622814,0,0.60458,-0.0744123,0.39103,1,-0.769056,0.468118,0.682623,-1.51557,-0.106362,1.68345,-1.49484,-0.000184186,0.103833,0.0518932,-0.0451298,-0.590991,0.108895,0.47551,0,0,0,0,0,0,0,-0.13305,-19.6082,-1.29552,22.1113,0.762719,1.1931,-0.279736,0,0,0,0,0,0,0,0,0,0,0,0,0,0,0,0,0,0,0,0,0,0,0,0,0,0,-0.106182,-0.53655,-0.186564,0.738808,0.219821,-0.0546701,-0.110144,-0.0635349,-0.061786,2.41343,0.251293,-0.953213,-0.125271,0.0462346,1
28536,-0.734192,-0.0514659,0.735784,-2.14119,-1.09509,2.3608,-0.667375,-0.357584,0.501908,-0.787529,0,0.81878,0.574061,-0.00591306,0,0.44913,-0.64694,-0.616239,0,0.605469,-0.0735977,0.389695,1,-0.769056,0.468118,0.682623,-1.51557,-0.106362,1.68345,-1.49484,0.00184583,0.0951077,0.0497271,-0.0633544,-0.526462,0.0846506,0.557041,0,0,0,0,0,0,0,-0.208429,-19.4931,-1.25584,22.1113,0.889061,1.08415,-0.249524,0,0,0,0,0,0,0,0,0,0,0,0,0,0,0,0,0,0,0,0,0,0,0,0,0,0,-0.0442052,-0.425339,-0.116183,0.7395,0.174,-0.0320415,-0.155382,0.480342,-0.00769647,2.22932,0.192595,-0.585501,-0.0642468,0.0462346,1
28536,-0.734019,-0.0483864,0.737338,-2.14368,-1.11086,2.36272,-0.648099,-0.350762,0.500566,-0.791442,0,0.819178,0.573522,-0.000316887,0,0.453759,-0.648456,-0.611234,0,0.605912,-0.0729159,0.387915,1,-0.769056,0.468118,0.682623,-1.51557,-0.106362,1.68345,-1.49484,0.0104592,0.0911181,0.0445558,-0.0790545,-0.439378,0.0337383,0.577553,0,0,0,0,0,0,0,-0.208429,-19.6836,-1.22014,22.0002,0.8442,1.04387,-0.239453,0,0,0,0,0,0,0,0,0,0,0,0,0,0,0,0,0,0,0,0,0,0,0,0,0,0,-0.110904,-0.424196,-0.171212,0.649719,0.165008,-0.0684543,-0.157423,0.215655,-0.10006,2.15258,0.217039,-0.665963,-0.126251,0.0462346,1
28536,-0.733613,-0.0455111,0.738563,-2.14675,-1.12522,2.36355,-0.62791,-0.343031,0.500824,-0.794661,0,0.820726,0.571276,0.00575614,0,0.456862,-0.650237,-0.607017,0,0.605992,-0.0724285,0.385805,1,-0.769056,0.468118,0.682623,-1.51557,-0.106362,1.68345,-1.49484,0.0132523,0.0812682,0.0298629,-0.0963992,-0.403919,0.0167029,0.595691,0,0,0,0,0,0,0,-0.351251,-19.6439,-1.29552,22.0002,0.889061,0.965134,-0.110364,0,0,0,0,0,0,0,0,0,0,0,0,0,0,0,0,0,0,0,0,0,0,0,0,0,0,-0.0673396,-0.528296,-0.109912,0.699192,0.192013,-0.089961,-0.155955,0.0414368,0.0791926,2.41173,0.139764,-0.847306,-0.0729922,0.0462346,1
28536.1,-0.732886,-0.0425836,0.739369,-2.15015,-1.13976,2.3641,-0.607241,-0.335168,0.501248,-0.797743,0,0.822422,0.568738,0.01182,0,0.45964,-0.652132,-0.602872,0,0.605951,-0.0720439,0.383507,1,-0.769056,0.468118,0.682623,-1.51557,-0.106362,1.68345,-1.49484,0.0302394,0.0900828,0.0170466,-0.100247,-0.423618,0.0167625,0.604429,0,0,0,0,0,0,0,-0.351251,-19.7193,-1.18046,22.262,1.03371,0.885483,-0.139661,0,0,0,0,0,0,0,0,0,0,0,0,0,0,0,0,0,0,0,0,0,0,0,0,0,0,-0.161612,-0.651395,-0.197783,0.766007,0.261587,-0.16413,-0.122545,-0.235392,0.091608,2.78305,0.158961,-1.12513,-0.162103,0.0462346,1
28536.1,-0.731989,-0.0395941,0.740089,-2.15348,-1.15506,2.36523,-0.587636,-0.328467,0.500503,-0.800992,0,0.823088,0.567638,0.0171628,0,0.463272,-0.653662,-0.598419,0,0.606027,-0.0714989,0.381282,1,-0.769056,0.468118,0.682623,-1.51557,-0.106362,1.68345,-1.49484,0.0294989,0.0885842,0.0219594,-0.0945543,-0.479772,0.0458487,0.540543,0,0,0,0,0,0,0,-0.351251,-19.6439,-1.18046,21.8137,1.05111,0.846116,-0.0105713,0,0,0,0,0,0,0,0,0,0,0,0,0,0,0,0,0,0,0,0,0,0,0,0,0,0,-0.5446,-0.399049,-0.564566,0.516326,0.319633,-0.277736,-0.0850658,-0.311379,-0.501649,2.34292,0.460447,-0.903417,-0.540045,0.0462339,1
28536.2,-0.731003,-0.0366562,0.740828,-2.15643,-1.17271,2.36752,-0.569801,-0.323708,0.496878,-0.805174,0,0.821728,0.569473,0.0210627,0,0.469,-0.654829,-0.592653,0,0.606439,-0.0706963,0.379466,1,-0.769056,0.468118,0.682623,-1.51557,-0.106362,1.68345,-1.49484,0.0327293,0.0798031,0.0174735,-0.0786872,-0.551006,0.0766299,0.497398,0,0,0,0,0,0,0,-0.27984,-19.8343,-1.03368,21.4765,1.13259,0.866257,-0.159802,0,0,0,0,0,0,0,0,0,0,0,0,0,0,0,0,0,0,0,0,0,0,0,0,0,0,-0.528829,0.0209174,-0.514024,-0.126143,0.38832,-0.319767,-0.0460665,-0.907772,-0.39976,1.26745,0.46249,-0.568866,-0.513836,0.0462339,1
28536.2,-0.729802,-0.034231,0.741475,-2.15888,-1.19222,2.37053,-0.553632,-0.320278,0.490561,-0.810403,0,0.81869,0.573728,0.0237414,0,0.476606,-0.655878,-0.585381,0,0.60713,-0.0696706,0.378299,1,-0.769056,0.468118,0.682623,-1.51557,-0.106362,1.68345,-1.49484,0.0307522,0.0558167,0.0241547,-0.065501,-0.598364,0.0908033,0.470102,0,0,0,0,0,0,0,-0.27984,-19.6439,-0.918624,21.5122,0.961388,0.934922,-0.0801514,0,0,0,0,0,0,0,0,0,0,0,0,0,0,0,0,0,0,0,0,0,0,0,0,0,0,-0.700987,0.545706,-0.676238,-0.485716,0.404934,-0.272193,-0.0563156,-0.398102,-0.881213,0.274512,0.747694,0.193805,-0.686666,0.0462339,1
28536.2,-0.728718,-0.0328468,0.742113,-2.16091,-1.21286,2.37318,-0.538702,-0.317098,0.482062,-0.816729,0,0.814966,0.57894,0.0252967,0,0.485041,-0.657597,-0.576456,0,0.60789,-0.0687456,0.377928,1,-0.769056,0.468118,0.682623,-1.51557,-0.106362,1.68345,-1.49484,0.0316248,0.0257236,0.0167966,-0.0543003,-0.622113,0.0677912,0.461423,0,0,0,0,0,0,0,-0.244134,-19.6439,-0.882919,21.7741,1.04195,1.0045,-0.0297974,0,0,0,0,0,0,0,0,0,0,0,0,0,0,0,0,0,0,0,0,0,0,0,0,0,0,-0.39535,0.87707,-0.351755,-0.666233,0.350692,-0.116926,-0.0785305,0.336066,-0.512034,-0.563836,0.579553,0.923118,-0.377375,0.0462339,1
28536.3,-0.727841,-0.0322821,0.742479,-2.16271,-1.23354,2.3745,-0.523164,-0.312328,0.473397,-0.823606,0,0.812137,0.582824,0.0270202,0,0.492819,-0.660455,-0.566506,0,0.608515,-0.0683091,0.378074,1,-0.769056,0.468118,0.682623,-1.51557,-0.106362,1.68345,-1.49484,0.0226656,0.0113805,0.00846897,-0.0492691,-0.611576,0.0231169,0.437934,0,0,0,0,0,0,0,-0.315546,-19.7193,-0.918624,21.8494,0.997094,0.934922,-0.120435,0,0,0,0,0,0,0,0,0,0,0,0,0,0,0,0,0,0,0,0,0,0,0,0,0,0,-0.00248996,0.816305,0.0437419,-0.496871,0.324785,0.00220018,-0.102861,0.864472,0.167237,-0.447179,0.262254,1.09869,0.0158767,0.0462339,1
28536.3,-0.727005,-0.0320703,0.742566,-2.1641,-1.2544,2.37469,-0.507375,-0.30651,0.464467,-0.830844,0,0.809886,0.585867,0.0287392,0,0.500122,-0.664093,-0.55575,0,0.609109,-0.0682458,0.378611,1,-0.769056,0.468118,0.682623,-1.51557,-0.106362,1.68345,-1.49484,0.0241699,0.0108945,0.00156267,-0.0318308,-0.612947,0.00271268,0.443086,0,0,0,0,0,0,0,-0.172723,-19.6439,-0.918624,21.6987,0.961388,0.866257,-0.159802,0,0,0,0,0,0,0,0,0,0,0,0,0,0,0,0,0,0,0,0,0,0,0,0,0,0,0.005202,0.361328,0.0369144,-0.191969,0.314141,0.0094908,-0.101945,0.167838,0.192538,0.48389,0.238972,0.270661,0.0224258,0.0462339,1
28536.3,-0.726077,-0.0320339,0.742578,-2.16518,-1.27485,2.37506,-0.49212,-0.300615,0.455511,-0.837927,0,0.807351,0.589257,0.0306841,0,0.507741,-0.667289,-0.544907,0,0.609795,-0.0680827,0.379389,1,-0.769056,0.468118,0.682623,-1.51557,-0.106362,1.68345,-1.49484,0.0329911,4.86356e-06,-2.40523e-05,-0.0340826,-0.612202,0.0122249,0.424436,0,0,0,0,0,0,0,-0.351251,-19.6836,-0.958297,21.6273,0.978783,0.825974,-0.120435,0,0,0,0,0,0,0,0,0,0,0,0,0,0,0,0,0,0,0,0,0,0,0,0,0,0,-0.392879,0.344458,-0.384782,-0.138879,0.313551,-0.0890219,-0.0796798,0.145082,-0.502422,0.574796,0.531379,0.186026,-0.386073,0.0462339,1
28536.4,-0.724844,-0.0320455,0.742601,-2.16597,-1.29524,2.37533,-0.479324,-0.296489,0.445018,-0.845005,0,0.803803,0.59408,0.0308371,0,0.515734,-0.670088,-0.533855,0,0.610571,-0.0677015,0.380339,1,-0.769056,0.468118,0.682623,-1.51557,-0.106362,1.68345,-1.49484,0.0439114,-0.000511074,-5.89193e-06,-0.0217337,-0.620182,0.00156657,0.387556,0,0,0,0,0,0,0,-0.351251,-19.5288,-0.882919,21.6273,0.978783,0.786606,0.00957027,0,0,0,0,0,0,0,0,0,0,0,0,0,0,0,0,0,0,0,0,0,0,0,0,0,0,-0.526908,0.214494,-0.513714,-0.0707193,0.321317,-0.0871003,-0.063253,-0.252911,-0.770777,0.851333,0.671667,-0.164704,-0.51463,0.0462339,1
28536.4,-0.72316,-0.0320451,0.742616,-2.1667,-1.31698,2.37533,-0.468192,-0.294017,0.432167,-0.852506,0,0.799079,0.600519,0.0288341,0,0.524417,-0.672755,-0.521908,0,0.611431,-0.0670966,0.381413,1,-0.769056,0.468118,0.682623,-1.51557,-0.106362,1.68345,-1.49484,0.0511834,-0.00125454,0.00148016,-0.0186934,-0.627704,0.000209279,0.244318,0,0,0,0,0,0,0,-0.244134,-19.5288,-0.958297,21.663,0.978783,0.825974,0.0397827,0,0,0,0,0,0,0,0,0,0,0,0,0,0,0,0,0,0,0,0,0,0,0,0,0,0,-0.45274,0.0563319,-0.436377,0.132094,0.328782,-0.0419852,-0.0225594,-0.195285,-0.619789,1.13987,0.61434,-0.349228,-0.436794,0.0462339,1
28536.4,-0.721489,-0.0320611,0.7426,-2.16773,-1.33868,2.37528,-0.460812,-0.294589,0.417042,-0.859811,0,0.793205,0.60849,0.0233726,0,0.532944,-0.675134,-0.510064,0,0.612209,-0.0664907,0.382342,1,-0.769056,0.468118,0.682623,-1.51557,-0.106362,1.68345,-1.49484,0.0474572,-0.000567914,0.000696688,-0.0357247,-0.639893,-0.000224337,0.206866,0,0,0,0,0,0,0,-0.13305,-19.4178,-0.771835,21.663,0.961388,0.875413,-0.00050053,0,0,0,0,0,0,0,0,0,0,0,0,0,0,0,0,0,0,0,0,0,0,0,0,0,0,-0.225419,-0.14082,-0.250914,0.499266,0.366642,0.0538491,0.00719763,0.220466,-0.225761,1.70498,0.49263,-0.481263,-0.227658,0.0462339,1
28536.5,-0.720244,-0.0320808,0.742606,-2.16944,-1.36038,2.37515,-0.455073,-0.296698,0.400909,-0.866731,0,0.787034,0.616691,0.0158356,0,0.540864,-0.677462,-0.49851,0,0.612774,-0.0661214,0.382911,1,-0.769056,0.468118,0.682623,-1.51557,-0.106362,1.68345,-1.49484,0.0314368,-0.000925635,-0.000312943,-0.0605223,-0.618129,-0.00281365,0.133793,0,0,0,0,0,0,0,-0.244134,-19.3384,-0.847213,21.6987,0.907372,0.825974,-0.049939,0,0,0,0,0,0,0,0,0,0,0,0,0,0,0,0,0,0,0,0,0,0,0,0,0,0,0.135566,-0.345936,0.117004,0.764327,0.346417,0.169608,-0.00725822,0.450924,0.393047,2.13583,0.221134,-0.618587,0.138286,0.0462339,1
28536.5,-0.719295,-0.0320665,0.742634,-2.17207,-1.38195,2.37517,-0.452391,-0.301729,0.383008,-0.873067,0,0.779983,0.625766,0.00495925,0,0.548245,-0.679494,-0.487561,0,0.61309,-0.0658662,0.382963,1,-0.769056,0.468118,0.682623,-1.51557,-0.106362,1.68345,-1.49484,0.0284148,-0.00100006,0.00158197,-0.083908,-0.609301,0.000752609,0.0530022,0,0,0,0,0,0,0,-0.386957,-19.4931,-1.03368,21.5876,0.853356,0.667588,-0.120435,0,0,0,0,0,0,0,0,0,0,0,0,0,0,0,0,0,0,0,0,0,0,0,0,0,0,-0.0384606,-0.467923,-0.0404653,0.975452,0.334727,0.145673,-0.0373934,0.628481,0.0775372,2.58095,0.362186,-0.751683,-0.0250314,0.0462339,1
28536.5,-0.718468,-0.0320319,0.742652,-2.17541,-1.40287,2.37519,-0.45088,-0.307931,0.364857,-0.878658,0,0.772727,0.634682,-0.00725938,0,0.55503,-0.681211,-0.477382,0,0.613186,-0.0656586,0.382584,1,-0.769056,0.468118,0.682623,-1.51557,-0.106362,1.68345,-1.49484,0.0220329,0.00415181,-4.1386e-06,-0.102602,-0.601069,0.000787839,0.0405806,0,0,0,0,0,0,0,-0.27984,-19.7193,-0.918624,21.8852,0.82589,0.598008,-0.120435,0,0,0,0,0,0,0,0,0,0,0,0,0,0,0,0,0,0,0,0,0,0,0,0,0,0,-0.171396,-0.449415,-0.149891,0.937266,0.298099,0.0880402,-0.0919931,0.667441,-0.137199,2.59095,0.411225,-0.693001,-0.146906,0.0462346,1
28536.6,-0.717474,-0.031772,0.742669,-2.17888,-1.42275,2.37519,-0.448262,-0.313236,0.348294,-0.88349,0,0.76591,0.642675,-0.0181899,0,0.561473,-0.682385,-0.468081,0,0.61322,-0.0653164,0.381946,1,-0.769056,0.468118,0.682623,-1.51557,-0.106362,1.68345,-1.49484,0.031412,0.0106965,8.13053e-06,-0.107418,-0.564588,0.000873977,0.114635,0,0,0,0,0,0,0,-0.351251,-19.7193,-0.918624,21.5122,0.798424,0.568711,-0.309033,0,0,0,0,0,0,0,0,0,0,0,0,0,0,0,0,0,0,0,0,0,0,0,0,0,0,-0.389049,-0.563265,-0.365554,0.837195,0.27263,0.0367883,-0.161114,-0.13326,-0.59928,2.91128,0.605224,-1.14447,-0.361216,0.0462346,1
28536.6,-0.716382,-0.0313331,0.742684,-2.18234,-1.44114,2.37519,-0.440984,-0.31471,0.336082,-0.887687,0,0.760884,0.64842,-0.0242601,0,0.567451,-0.683074,-0.459792,0,0.61321,-0.0648783,0.38113,1,-0.769056,0.468118,0.682623,-1.51557,-0.106362,1.68345,-1.49484,0.0388706,0.0213002,-0.000331874,-0.0973132,-0.521298,-0.00300687,0.322016,0,0,0,0,0,0,0,-0.422662,-19.7193,-0.918624,21.2901,0.781029,0.608079,-0.299878,0,0,0,0,0,0,0,0,0,0,0,0,0,0,0,0,0,0,0,0,0,0,0,0,0,0,-0.395803,-0.454424,-0.364221,0.414045,0.210956,0.0458306,-0.243571,-1.03426,-0.757748,2.5433,0.638316,-1.28165,-0.365887,0.0462346,1
28536.6,-0.715239,-0.0306488,0.742685,-2.18588,-1.45796,2.37513,-0.427591,-0.311452,0.329392,-0.891336,0,0.758229,0.651526,-0.0241707,0,0.572778,-0.683377,-0.452682,0,0.613114,-0.0643976,0.380035,1,-0.769056,0.468118,0.682623,-1.51557,-0.106362,1.68345,-1.49484,0.0275618,0.0177603,4.25206e-05,-0.101756,-0.465924,-0.00413601,0.410763,0,0,0,0,0,0,0,-0.208429,-19.7193,-0.847213,21.3258,0.727013,0.706955,-0.229382,0,0,0,0,0,0,0,0,0,0,0,0,0,0,0,0,0,0,0,0,0,0,0,0,0,0,-0.313198,-0.422417,-0.288114,0.323469,0.198791,0.107481,-0.260437,-1.241,-0.711756,2.47057,0.635634,-1.31793,-0.287022,0.0462346,1
28536.7,-0.714306,-0.0299454,0.74269,-2.18946,-1.47349,2.3744,-0.411055,-0.30541,0.325886,-0.894709,0,0.757402,0.652602,-0.0208382,0,0.577109,-0.684031,-0.446146,0,0.612886,-0.0641594,0.378847,1,-0.769056,0.468118,0.682623,-1.51557,-0.106362,1.68345,-1.49484,0.0249369,0.0179269,0.00019373,-0.101217,-0.446168,-0.0276085,0.489482,0,0,0,0,0,0,0,-0.27984,-19.6836,-0.882919,21.6273,0.82589,0.618149,-0.120435,0,0,0,0,0,0,0,0,0,0,0,0,0,0,0,0,0,0,0,0,0,0,0,0,0,0,-0.0799097,-0.386788,-0.0740716,0.413478,0.203511,0.219386,-0.225532,-0.858298,-0.37534,2.37948,0.526426,-1.14502,-0.0641711,0.0462346,1
28536.7,-0.713393,-0.029336,0.742683,-2.19304,-1.48868,2.3734,-0.393034,-0.298052,0.323579,-0.898022,0,0.757177,0.652999,-0.0160149,0,0.581236,-0.684748,-0.439642,0,0.612618,-0.0639748,0.377693,1,-0.769056,0.468118,0.682623,-1.51557,-0.106362,1.68345,-1.49484,0.0258694,0.00896661,0.00138167,-0.105387,-0.443028,-0.0202306,0.526455,0,0,0,0,0,0,0,-0.172723,-19.6082,-0.80754,21.4369,0.807579,0.598008,-0.139661,0,0,0,0,0,0,0,0,0,0,0,0,0,0,0,0,0,0,0,0,0,0,0,0,0,0,-0.198285,-0.102603,-0.213638,0.297057,0.245792,0.193886,-0.17114,-0.269167,-0.540456,1.8025,0.618078,-0.60426,-0.196405,0.0462346,1
28536.7,-0.712302,-0.0289887,0.742691,-2.19687,-1.5037,2.37291,-0.375401,-0.291169,0.321129,-0.901154,0,0.756348,0.654057,-0.0113062,0,0.585786,-0.684891,-0.433335,0,0.612319,-0.0635399,0.376516,1,-0.769056,0.468118,0.682623,-1.51557,-0.106362,1.68345,-1.49484,0.0356742,0.00812604,0.0013229,-0.117382,-0.442864,-0.018232,0.524484,0,0,0,0,0,0,0,-0.315546,-19.4931,-0.882919,21.2147,0.735253,0.647446,-0.200085,0,0,0,0,0,0,0,0,0,0,0,0,0,0,0,0,0,0,0,0,0,0,0,0,0,0,-0.457201,-0.011036,-0.456651,0.294402,0.291869,0.158467,-0.114365,-0.130648,-0.967098,1.68256,0.843641,-0.508032,-0.447027,0.0462346,1
28536.8,-0.711294,-0.0289627,0.742682,-2.20093,-1.51912,2.37193,-0.357873,-0.284269,0.318003,-0.904459,0,0.755527,0.655064,-0.00714309,0,0.590219,-0.685387,-0.426482,0,0.611928,-0.0632478,0.375429,1,-0.769056,0.468118,0.682623,-1.51557,-0.106362,1.68345,-1.49484,0.0317922,0.000613562,-0.00028284,-0.119796,-0.446736,-0.0430777,0.538809,0,0,0,0,0,0,0,-0.208429,-19.4535,-0.771835,21.5122,0.753563,0.587937,-0.100293,0,0,0,0,0,0,0,0,0,0,0,0,0,0,0,0,0,0,0,0,0,0,0,0,0,0,-0.153353,0.0658123,-0.166279,0.289042,0.279278,0.252402,-0.120304,0.226499,-0.461068,1.48218,0.627882,-0.24625,-0.151813,0.0462346,1
28536.8,-0.710392,-0.0289654,0.742682,-2.20476,-1.53406,2.37006,-0.340273,-0.276747,0.315158,-0.907782,0,0.755296,0.655363,-0.00273525,0,0.594076,-0.686414,-0.419415,0,0.611513,-0.0631815,0.37449,1,-0.769056,0.468118,0.682623,-1.51557,-0.106362,1.68345,-1.49484,0.0253757,0.00187992,-0.000956791,-0.108719,-0.416031,-0.0586784,0.524929,0,0,0,0,0,0,0,-0.27984,-19.4535,-0.771835,21.1393,0.690392,0.449692,-0.100293,0,0,0,0,0,0,0,0,0,0,0,0,0,0,0,0,0,0,0,0,0,0,0,0,0,0,-0.0326804,0.0802552,-0.0229279,0.265669,0.259402,0.263035,-0.101945,0.322752,-0.192092,1.28646,0.477875,-0.14212,-0.0210233,0.0462359,1
28536.8,-0.709408,-0.0289629,0.742681,-2.20831,-1.54827,2.36762,-0.324406,-0.270019,0.311677,-0.911004,0,0.754967,0.655748,0.000578351,0,0.597581,-0.687635,-0.412378,0,0.611116,-0.0631628,0.373682,1,-0.769056,0.468118,0.682623,-1.51557,-0.106362,1.68345,-1.49484,0.0304053,-0.000479872,-8.98354e-05,-0.10539,-0.422747,-0.076836,0.443909,0,0,0,0,0,0,0,-0.244134,-19.4535,-0.771835,20.8775,0.735253,0.350815,-0.0398682,0,0,0,0,0,0,0,0,0,0,0,0,0,0,0,0,0,0,0,0,0,0,0,0,0,0,-0.221325,0.128853,-0.199486,0.0793613,0.248907,0.203114,-0.0695945,-0.118343,-0.521329,0.997557,0.590708,-0.226975,-0.204138,0.0462359,1
28536.9,-0.708012,-0.0289644,0.742699,-2.2115,-1.56278,2.36445,-0.310005,-0.263998,0.306639,-0.914472,0,0.754109,0.65673,0.00250987,0,0.601342,-0.688962,-0.404622,0,0.610827,-0.0630133,0.373147,1,-0.769056,0.468118,0.682623,-1.51557,-0.106362,1.68345,-1.49484,0.0552111,-0.000175474,-0.000770085,-0.0868229,-0.432513,-0.10039,0.371196,0,0,0,0,0,0,0,-0.498041,-19.4178,-0.918624,21.0282,0.781029,0.310532,-0.0600098,0,0,0,0,0,0,0,0,0,0,0,0,0,0,0,0,0,0,0,0,0,0,0,0,0,0,-0.669915,0.323191,-0.630331,-0.234324,0.27563,0.099536,-0.054844,-0.56108,-1.31016,0.586989,0.929962,-0.183146,-0.644775,0.0462359,1
28536.9,-0.705921,-0.0289788,0.742805,-2.21413,-1.57802,2.36007,-0.29752,-0.258865,0.299116,-0.918422,0,0.752483,0.658593,0.00240064,0,0.605596,-0.690489,-0.395574,0,0.610713,-0.0626095,0.373042,1,-0.769056,0.468118,0.682623,-1.51557,-0.106362,1.68345,-1.49484,0.0674997,-0.00223484,0.00928321,-0.0755654,-0.450829,-0.144183,0.338856,0,0,0,0,0,0,0,-0.533746,-19.2273,-1.03368,21.2901,0.727013,0.459763,-0.0902222,0,0,0,0,0,0,0,0,0,0,0,0,0,0,0,0,0,0,0,0,0,0,0,0,0,0,-0.751689,0.355431,-0.6739,-0.230667,0.326149,0.121034,-0.0303633,-0.573413,-1.4146,0.645985,1.03022,-0.198977,-0.706485,0.0462359,1
28536.9,-0.703662,-0.0289774,0.743139,-2.21625,-1.59438,2.35498,-0.287504,-0.255095,0.288643,-0.922818,0,0.749803,0.661646,-0.000316216,0,0.610499,-0.692026,-0.385216,0,0.610799,-0.0620771,0.373345,1,-0.769056,0.468118,0.682623,-1.51557,-0.106362,1.68345,-1.49484,0.0638694,0.000435508,0.0130279,-0.0521246,-0.514565,-0.157461,0.275329,0,0,0,0,0,0,0,-0.386957,-19.3384,-0.882919,21.1393,0.816735,0.291306,-0.0206421,0,0,0,0,0,0,0,0,0,0,0,0,0,0,0,0,0,0,0,0,0,0,0,0,0,0,-0.784925,0.428986,-0.67474,-0.105944,0.340856,0.157145,-0.0459568,0.0401831,-1.46373,0.700623,1.08361,0.0723027,-0.723629,0.0462359,1
28537,-0.701304,-0.0289604,0.743582,-2.21808,-1.61271,2.34959,-0.277295,-0.25102,0.276392,-0.927673,0,0.74633,0.665552,-0.003655,0,0.616416,-0.693281,-0.373353,0,0.611083,-0.0614316,0.373984,1,-0.769056,0.468118,0.682623,-1.51557,-0.106362,1.68345,-1.49484,0.0727732,0.0017052,0.0131166,-0.0517936,-0.559036,-0.172009,0.286488,0,0,0,0,0,0,0,-0.386957,-19.4931,-0.847213,20.9885,0.727013,0.231797,-0.12959,0,0,0,0,0,0,0,0,0,0,0,0,0,0,0,0,0,0,0,0,0,0,0,0,0,0,-0.55322,0.215943,-0.437391,0.0519901,0.392395,0.17051,-0.0483178,-0.136406,-0.870536,1.22882,0.846485,-0.23039,-0.487259,0.0462359,1
28537,-0.698616,-0.028971,0.743862,-2.21967,-1.63264,2.34245,-0.268563,-0.247314,0.261055,-0.933095,0,0.742589,0.669667,-0.00946599,0,0.622404,-0.69526,-0.359481,0,0.611452,-0.0609963,0.375032,1,-0.769056,0.468118,0.682623,-1.51557,-0.106362,1.68345,-1.49484,0.0823732,-0.00169926,0.0038108,-0.0432623,-0.600951,-0.235166,0.260093,0,0,0,0,0,0,0,-0.315546,-19.3384,-0.732162,21.0282,0.727013,0.162217,-0.0902222,0,0,0,0,0,0,0,0,0,0,0,0,0,0,0,0,0,0,0,0,0,0,0,0,0,0,-0.344931,0.134991,-0.215683,0.0778872,0.373183,0.196048,-0.0897249,-0.176592,-0.434642,1.37106,0.628249,-0.285942,-0.272609,0.0462346,1
28537,-0.695703,-0.0289658,0.743928,-2.2211,-1.65294,2.33499,-0.25776,-0.241608,0.246661,-0.938491,0,0.739272,0.673259,-0.0133692,0,0.628562,-0.697044,-0.345021,0,0.611897,-0.0605654,0.376258,1,-0.769056,0.468118,0.682623,-1.51557,-0.106362,1.68345,-1.49484,0.085886,-0.00146207,-6.16068e-05,-0.042984,-0.578857,-0.203992,0.3328,0,0,0,0,0,0,0,-0.172723,-19.3781,-0.696456,20.9885,0.645531,0.142075,-0.139661,0,0,0,0,0,0,0,0,0,0,0,0,0,0,0,0,0,0,0,0,0,0,0,0,0,0,-0.336505,0.0584503,-0.209502,0.0897359,0.344841,0.179039,-0.12653,-0.310353,-0.413491,1.51232,0.582551,-0.396005,-0.265132,0.0462346,1
28537.1,-0.693065,-0.0289599,0.743959,-2.22254,-1.67272,2.32792,-0.246118,-0.235006,0.233504,-0.943519,0,0.736242,0.676516,-0.0159537,0,0.634593,-0.698422,-0.330907,0,0.612343,-0.0602013,0.377465,1,-0.769056,0.468118,0.682623,-1.51557,-0.106362,1.68345,-1.49484,0.0736892,0.00159699,0.000528996,-0.04167,-0.563396,-0.210441,0.37246,0,0,0,0,0,0,0,-0.386957,-19.4931,-0.847213,21.0282,0.564049,0.0129858,-0.149731,0,0,0,0,0,0,0,0,0,0,0,0,0,0,0,0,0,0,0,0,0,0,0,0,0,0,0.0253908,-0.0478154,0.109597,0.0996291,0.301648,0.231076,-0.152133,-0.459275,0.216823,1.56414,0.267643,-0.495469,0.0745417,0.0462346,1
28537.1,-0.690579,-0.0288684,0.744168,-2.2241,-1.69176,2.3202,-0.232864,-0.226869,0.221913,-0.948296,0,0.734065,0.678858,-0.0167552,0,0.640053,-0.699926,-0.316916,0,0.612719,-0.0599177,0.378607,1,-0.769056,0.468118,0.682623,-1.51557,-0.106362,1.68345,-1.49484,0.0739182,0.00633363,0.00500749,-0.0487484,-0.536089,-0.21094,0.371487,0,0,0,0,0,0,0,-0.27984,-19.6439,-0.80754,21.0639,0.510033,-0.0163111,-0.139661,0,0,0,0,0,0,0,0,0,0,0,0,0,0,0,0,0,0,0,0,0,0,0,0,0,0,-0.361402,-0.21658,-0.259974,0.301512,0.267638,0.123006,-0.133281,-0.473704,-0.504504,1.9162,0.546457,-0.749144,-0.300961,0.0462346,1
28537.1,-0.688191,-0.0288214,0.744317,-2.22579,-1.70932,2.31382,-0.219261,-0.218615,0.212414,-0.952401,0,0.73179,0.681328,-0.0160192,0,0.645508,-0.700473,-0.304397,0,0.613059,-0.0594353,0.37953,1,-0.769056,0.468118,0.682623,-1.51557,-0.106362,1.68345,-1.49484,0.0640485,0.00110516,0.00488192,-0.0505834,-0.502588,-0.169357,0.422116,0,0,0,0,0,0,0,-0.315546,-19.6082,-0.732162,21.1393,0.402001,0.0230566,-0.100293,0,0,0,0,0,0,0,0,0,0,0,0,0,0,0,0,0,0,0,0,0,0,0,0,0,0,-0.185642,-0.18876,-0.0792655,0.319351,0.21979,0.147184,-0.128331,-0.177824,-0.195726,1.6787,0.369552,-0.551614,-0.1244,0.0462346,1
28537.2,-0.685812,-0.0287683,0.744343,-2.22773,-1.72522,2.30737,-0.204868,-0.209657,0.204972,-0.956039,0,0.730313,0.68296,-0.0137309,0,0.650135,-0.7011,-0.292887,0,0.613248,-0.0590437,0.380229,1,-0.769056,0.468118,0.682623,-1.51557,-0.106362,1.68345,-1.49484,0.0644915,2.22278e-07,0.000120435,-0.0562706,-0.440682,-0.207177,0.453835,0,0,0,0,0,0,0,-0.208429,-19.6082,-0.696456,21.4369,0.446862,-0.0858912,-0.0700806,0,0,0,0,0,0,0,0,0,0,0,0,0,0,0,0,0,0,0,0,0,0,0,0,0,0,-0.170318,-0.203769,-0.0813445,0.448859,0.204536,0.163551,-0.140862,0.182998,-0.210762,1.79883,0.381237,-0.454872,-0.117576,0.0462346,1
28537.2,-0.683621,-0.0285866,0.744338,-2.23006,-1.7387,2.29934,-0.190428,-0.200149,0.199234,-0.959285,0,0.730668,0.682635,-0.0106727,0,0.652728,-0.703069,-0.282208,0,0.613136,-0.0591399,0.380649,1,-0.769056,0.468118,0.682623,-1.51557,-0.106362,1.68345,-1.49484,0.0537902,0.00574625,-0.000432183,-0.0730628,-0.37654,-0.238212,0.392219,0,0,0,0,0,0,0,-0.0973449,-19.6082,-0.621078,21.2147,0.257347,0.0230566,-0.12959,0,0,0,0,0,0,0,0,0,0,0,0,0,0,0,0,0,0,0,0,0,0,0,0,0,0,0.164035,-0.489176,0.222617,0.88837,0.192377,0.217448,-0.107615,0.590533,0.396541,2.41296,0.148482,-0.661142,0.20415,0.0462346,1
28537.2,-0.68212,-0.0285334,0.744339,-2.23322,-1.75059,2.29155,-0.176242,-0.191215,0.194825,-0.962009,0,0.731794,0.681471,-0.00744499,0,0.654143,-0.705429,-0.272885,0,0.612691,-0.0596296,0.38058,1,-0.769056,0.468118,0.682623,-1.51557,-0.106362,1.68345,-1.49484,0.0408705,0.00242865,0.000757537,-0.10394,-0.322688,-0.219111,0.39959,0,0,0,0,0,0,0,-0.27984,-19.6082,-0.660751,20.9528,0.35714,-0.1454,-0.110364,0,0,0,0,0,0,0,0,0,0,0,0,0,0,0,0,0,0,0,0,0,0,0,0,0,0,0.402799,-0.635164,0.430101,1.08188,0.171797,0.271291,-0.11421,0.717854,0.780412,2.74822,-0.00213281,-0.787288,0.428447,0.0462352,1
28537.3,-0.680914,-0.0285355,0.744345,-2.23733,-1.76114,2.28335,-0.161569,-0.182368,0.191698,-0.964352,0,0.733812,0.679328,-0.00373126,0,0.654408,-0.708347,-0.264563,0,0.611888,-0.0604081,0.380001,1,-0.769056,0.468118,0.682623,-1.51557,-0.106362,1.68345,-1.49484,0.0334167,0.00104532,0.000296929,-0.129086,-0.300495,-0.246056,0.458147,0,0,0,0,0,0,0,-0.208429,-19.5685,-0.696456,20.9171,0.311364,-0.234207,-0.200085,0,0,0,0,0,0,0,0,0,0,0,0,0,0,0,0,0,0,0,0,0,0,0,0,0,0,0.139065,-0.571317,0.211823,0.97498,0.177364,0.17977,-0.135187,0.662724,0.418517,2.61069,0.112612,-0.716796,0.186729,0.0462352,1
28537.3,-0.679928,-0.0283999,0.744355,-2.24188,-1.76983,2.27593,-0.145217,-0.172813,0.191693,-0.966111,0,0.736459,0.676464,0.00248826,0,0.654029,-0.711084,-0.258081,0,0.610896,-0.0612047,0.378933,1,-0.769056,0.468118,0.682623,-1.51557,-0.106362,1.68345,-1.49484,0.0223328,0.006544,0.000568794,-0.142428,-0.226173,-0.18488,0.532512,0,0,0,0,0,0,0,-0.244134,-19.6439,-0.732162,21.1036,0.266503,-0.333084,-0.169873,0,0,0,0,0,0,0,0,0,0,0,0,0,0,0,0,0,0,0,0,0,0,0,0,0,0,-0.135865,-0.578571,-0.0431742,0.834383,0.157245,0.109999,-0.169999,0.216328,-0.0957321,2.61511,0.29289,-0.880831,-0.07797,0.0462346,1
28537.3,-0.679334,-0.0281575,0.744359,-2.24673,-1.77625,2.27069,-0.127224,-0.162931,0.195769,-0.96701,0,0.739273,0.673289,0.0117466,0,0.65339,-0.712984,-0.254432,0,0.609767,-0.0618625,0.377277,1,-0.769056,0.468118,0.682623,-1.51557,-0.106362,1.68345,-1.49484,0.0165656,0.0130099,0.000401896,-0.147079,-0.177469,-0.141767,0.530991,0,0,0,0,0,0,0,-0.351251,-19.6439,-0.732162,20.8021,0.203331,-0.373367,-0.149731,0,0,0,0,0,0,0,0,0,0,0,0,0,0,0,0,0,0,0,0,0,0,0,0,0,0,-0.0330912,-0.646583,0.0607207,0.810762,0.135334,0.0689897,-0.152911,0.0388824,0.16459,2.52381,0.128246,-0.963849,0.0246775,0.0462346,1
28537.4,-0.678816,-0.0277494,0.744362,-2.25217,-1.78121,2.26631,-0.109231,-0.153883,0.201477,-0.96732,0,0.742143,0.669883,0.0214641,0,0.652328,-0.714601,-0.252614,0,0.608425,-0.0624492,0.37504,1,-0.769056,0.468118,0.682623,-1.51557,-0.106362,1.68345,-1.49484,0.0159574,0.0174912,0.000398948,-0.161654,-0.133324,-0.125702,0.509053,0,0,0,0,0,0,0,-0.27984,-19.6439,-0.696456,20.9171,0.203331,-0.442947,-0.0600098,0,0,0,0,0,0,0,0,0,0,0,0,0,0,0,0,0,0,0,0,0,0,0,0,0,0,-0.257842,-0.690862,-0.16298,0.871256,0.118196,0.00436951,-0.118524,0.0333303,-0.283345,2.55677,0.302125,-1.04204,-0.19879,0.0462346,1
28537.4,-0.678301,-0.0269926,0.744359,-2.25788,-1.78524,2.26223,-0.0922091,-0.146059,0.207611,-0.967236,0,0.744985,0.666368,0.0305337,0,0.650886,-0.71613,-0.252001,0,0.606967,-0.0630163,0.372391,1,-0.769056,0.468118,0.682623,-1.51557,-0.106362,1.68345,-1.49484,0.0115078,0.0227449,-0.00107138,-0.167875,-0.105191,-0.110075,0.472037,0,0,0,0,0,0,0,-0.172723,-19.5685,-0.621078,20.6553,0.167626,-0.254348,-0.0206421,0,0,0,0,0,0,0,0,0,0,0,0,0,0,0,0,0,0,0,0,0,0,0,0,0,0,-0.239679,-0.666072,-0.15232,0.837211,0.122066,0.0144116,-0.0951847,-0.0144489,-0.272155,2.45624,0.304581,-1.03078,-0.18487,0.0462346,1
28537.4,-0.678123,-0.0260749,0.744356,-2.26377,-1.78715,2.25909,-0.0760772,-0.139264,0.215431,-0.966528,0,0.748239,0.66222,0.0397922,0,0.648639,-0.717666,-0.253422,0,0.605337,-0.063666,0.369312,1,-0.769056,0.468118,0.682623,-1.51557,-0.106362,1.68345,-1.49484,0.00225101,0.0322174,-0.000483573,-0.174565,-0.0213255,-0.0832062,0.436617,0,0,0,0,0,0,0,-0.13305,-19.6439,-0.585372,20.6156,0.14016,-0.184768,-0.0398682,0,0,0,0,0,0,0,0,0,0,0,0,0,0,0,0,0,0,0,0,0,0,0,0,0,0,-0.0261065,-0.597748,0.0307089,0.585449,0.105336,0.114115,-0.0884601,-0.613956,-0.0399679,2.19158,0.224424,-1.14081,0.0122084,0.0462346,1
28537.5,-0.678101,-0.0250061,0.744359,-2.26957,-1.78724,2.25575,-0.0609999,-0.132918,0.224007,-0.965471,0,0.752226,0.657074,0.0488927,0,0.645351,-0.719768,-0.255845,0,0.603585,-0.0644959,0.366092,1,-0.769056,0.468118,0.682623,-1.51557,-0.106362,1.68345,-1.49484,-0.000635485,0.0339299,0.000188676,-0.170191,1.78922e-05,-0.0944938,0.42865,0,0,0,0,0,0,0,-0.208429,-19.6439,-0.621078,20.5402,0.230797,-0.184768,0.0297119,0,0,0,0,0,0,0,0,0,0,0,0,0,0,0,0,0,0,0,0,0,0,0,0,0,0,-0.0179057,-0.438114,0.0459101,0.374669,0.123334,0.192753,-0.0669837,-0.858827,-0.128455,1.87339,0.310238,-1.06274,0.0227739,0.0462352,1
28537.5,-0.678007,-0.0241025,0.74436,-2.27524,-1.78731,2.2522,-0.0493482,-0.128758,0.230059,-0.964611,0,0.75575,0.652552,0.0547541,0,0.642068,-0.721969,-0.257894,0,0.60184,-0.0653126,0.363057,1,-0.769056,0.468118,0.682623,-1.51557,-0.106362,1.68345,-1.49484,0.00577833,0.0191818,-0.000117013,-0.170098,-0.00525129,-0.112051,0.305812,0,0,0,0,0,0,0,-0.315546,-19.5288,-0.621078,20.3935,0.266503,-0.244277,0.0498535,0,0,0,0,0,0,0,0,0,0,0,0,0,0,0,0,0,0,0,0,0,0,0,0,0,0,-0.258636,-0.129718,-0.172741,0.237146,0.182635,0.200138,-0.00149225,-0.402878,-0.563357,1.27592,0.547124,-0.588803,-0.208794,0.0462352,1
28537.5,-0.677666,-0.0236577,0.744382,-2.28085,-1.7878,2.24777,-0.0411066,-0.126443,0.23273,-0.964277,0,0.758848,0.648748,0.0570713,0,0.638867,-0.724537,-0.258641,0,0.600095,-0.0661187,0.360435,1,-0.769056,0.468118,0.682623,-1.51557,-0.106362,1.68345,-1.49484,0.0120027,0.010361,-0.00185385,-0.155246,-0.0226207,-0.143173,0.174217,0,0,0,0,0,0,0,-0.386957,-19.5685,-0.621078,20.8021,0.311364,-0.303787,0.0297119,0,0,0,0,0,0,0,0,0,0,0,0,0,0,0,0,0,0,0,0,0,0,0,0,0,0,-0.468791,0.243056,-0.360194,0.026438,0.235532,0.188172,0.030884,0.161003,-0.879536,0.497157,0.696086,0.0427394,-0.410554,0.0462352,1
28537.6,-0.677141,-0.0235369,0.744432,-2.28567,-1.7893,2.24214,-0.0385252,-0.127053,0.230099,-0.964828,0,0.76114,0.646328,0.0539105,0,0.636013,-0.727533,-0.257261,0,0.598587,-0.0669758,0.358604,1,-0.769056,0.468118,0.682623,-1.51557,-0.106362,1.68345,-1.49484,0.0164456,-0.000254539,0.00402591,-0.130167,-0.0624187,-0.166457,0.0171898,0,0,0,0,0,0,0,-0.351251,-19.4931,-0.660751,20.0919,0.311364,-0.254348,0.0196411,0,0,0,0,0,0,0,0,0,0,0,0,0,0,0,0,0,0,0,0,0,0,0,0,0,0,-0.464135,0.497249,-0.331237,-0.422568,0.286349,0.166729,0.037698,-0.294926,-0.712215,-0.244115,0.594812,0.254097,-0.396751,0.0462352,1
28537.6,-0.676588,-0.023552,0.744438,-2.28974,-1.79187,2.23706,-0.0384696,-0.129115,0.225175,-0.965716,0,0.762329,0.645351,0.0485534,0,0.634171,-0.729938,-0.254986,0,0.597385,-0.0676761,0.357272,1,-0.769056,0.468118,0.682623,-1.51557,-0.106362,1.68345,-1.49484,0.016197,0.000233965,-0.00139138,-0.107903,-0.0856064,-0.144277,-0.00136738,0,0,0,0,0,0,0,-0.244134,-19.3384,-0.545699,20.207,0.275658,-0.244277,-0.100293,0,0,0,0,0,0,0,0,0,0,0,0,0,0,0,0,0,0,0,0,0,0,0,0,0,0,-0.429689,0.368996,-0.285606,-0.521262,0.284967,0.178088,-0.0309321,-0.99969,-0.642665,0.12991,0.557059,-0.133118,-0.355708,0.0462352,1
28537.6,-0.676042,-0.0235397,0.744455,-2.29297,-1.79548,2.23151,-0.0384443,-0.130316,0.219206,-0.966927,0,0.763215,0.644678,0.0432899,0,0.632858,-0.732346,-0.251318,0,0.596481,-0.0684051,0.356509,1,-0.769056,0.468118,0.682623,-1.51557,-0.106362,1.68345,-1.49484,0.0152421,-0.00134448,-3.40247e-05,-0.0837132,-0.118365,-0.1931,0.001526,0,0,0,0,0,0,0,-0.386957,-19.4535,-0.660751,20.4649,0.293969,-0.283645,-0.139661,0,0,0,0,0,0,0,0,0,0,0,0,0,0,0,0,0,0,0,0,0,0,0,0,0,0,-0.169378,0.30864,-0.0437007,-0.533986,0.287045,0.257722,-0.0839265,-1.22571,-0.176066,0.377852,0.386763,-0.273898,-0.104311,0.0462352,1
28537.7,-0.67529,-0.0235164,0.744476,-2.29571,-1.80087,2.22336,-0.0384476,-0.130179,0.210457,-0.968887,0,0.764373,0.643691,0.0371185,0,0.631487,-0.735773,-0.244667,0,0.595744,-0.0694391,0.356436,1,-0.769056,0.468118,0.682623,-1.51557,-0.106362,1.68345,-1.49484,0.0235632,-0.00186156,-0.00151176,-0.0787339,-0.182882,-0.267281,-0.00200658,0,0,0,0,0,0,0,-0.27984,-19.3781,-0.545699,20.2784,0.338829,-0.27449,-0.0700806,0,0,0,0,0,0,0,0,0,0,0,0,0,0,0,0,0,0,0,0,0,0,0,0,0,0,-0.186928,0.138074,-0.0564361,-0.188197,0.316073,0.26228,-0.0886357,-0.811959,-0.15873,1.00599,0.432958,-0.395906,-0.117124,0.0462352,1
28537.7,-0.674493,-0.0235144,0.744479,-2.29803,-1.80773,2.21432,-0.0383804,-0.129283,0.200091,-0.9712,0,0.765276,0.64296,0.0305951,0,0.630577,-0.739295,-0.236253,0,0.595204,-0.0705546,0.356843,1,-0.769056,0.468118,0.682623,-1.51557,-0.106362,1.68345,-1.49484,0.0236643,-8.01229e-05,0.00046208,-0.0604845,-0.21409,-0.261555,0.00504042,0,0,0,0,0,0,0,-0.0973449,-19.4178,-0.545699,20.1673,0.311364,-0.313857,-0.169873,0,0,0,0,0,0,0,0,0,0,0,0,0,0,0,0,0,0,0,0,0,0,0,0,0,0,-0.159283,0.135591,-0.057267,-0.249354,0.353609,0.289572,-0.12183,-1.05251,-0.0974487,1.16804,0.438606,-0.500005,-0.103378,0.0462352,1
28537.7,-0.673489,-0.0235135,0.744502,-2.30013,-1.81597,2.20438,-0.0378765,-0.127572,0.188384,-0.973765,0,0.765886,0.642515,0.0239629,0,0.630185,-0.74275,-0.226252,0,0.594811,-0.0716308,0.357609,1,-0.769056,0.468118,0.682623,-1.51557,-0.106362,1.68345,-1.49484,0.0378589,-0.000424824,0.00114588,-0.055447,-0.274214,-0.309074,0.0286081,0,0,0,0,0,0,0,-0.351251,-19.4178,-0.696456,20.1316,0.275658,-0.373367,-0.179944,0,0,0,0,0,0,0,0,0,0,0,0,0,0,0,0,0,0,0,0,0,0,0,0,0,0,-0.359298,0.07165,-0.257466,-0.113857,0.37108,0.215652,-0.136187,-0.822608,-0.391157,1.40719,0.546909,-0.51304,-0.302773,0.0462352,1
28537.8,-0.672073,-0.0234821,0.744504,-2.30209,-1.82683,2.19374,-0.0359722,-0.124557,0.175033,-0.976642,0,0.765616,0.643042,0.0176026,0,0.631115,-0.745554,-0.214108,0,0.594656,-0.0724813,0.358775,1,-0.769056,0.468118,0.682623,-1.51557,-0.106362,1.68345,-1.49484,0.0438962,0.00332568,-0.00074742,-0.0563279,-0.333699,-0.318471,0.0818425,0,0,0,0,0,0,0,-0.27984,-19.6082,-0.585372,20.207,0.275658,-0.402664,-0.210156,0,0,0,0,0,0,0,0,0,0,0,0,0,0,0,0,0,0,0,0,0,0,0,0,0,0,-0.363538,-0.17498,-0.258722,0.0620603,0.357452,0.206419,-0.159256,-1.12476,-0.419865,2.03951,0.564824,-0.93446,-0.303194,0.0462352,1
28537.8,-0.670212,-0.0233424,0.744547,-2.30396,-1.83926,2.18182,-0.031941,-0.119408,0.161112,-0.979676,0,0.765185,0.643672,0.0125899,0,0.632631,-0.748145,-0.200144,0,0.594637,-0.0731825,0.360262,1,-0.769056,0.468118,0.682623,-1.51557,-0.106362,1.68345,-1.49484,0.0624978,0.00362001,0.00124503,-0.0553813,-0.388596,-0.362488,0.158834,0,0,0,0,0,0,0,-0.27984,-19.6082,-0.621078,20.3181,0.15847,-0.323928,-0.239453,0,0,0,0,0,0,0,0,0,0,0,0,0,0,0,0,0,0,0,0,0,0,0,0,0,0,-0.657051,-0.0792392,-0.541051,0.0497093,0.349998,0.16655,-0.176001,-0.838285,-1.00823,1.91399,0.793134,-0.74082,-0.591552,0.0462352,1
28537.9,-0.66799,-0.0230589,0.744566,-2.30587,-1.85207,2.16931,-0.0241982,-0.111187,0.149005,-0.982556,0,0.765012,0.643906,0.0110789,0,0.634337,-0.750449,-0.185588,0,0.594659,-0.0737288,0.36182,1,-0.769056,0.468118,0.682623,-1.51557,-0.106362,1.68345,-1.49484,0.0688798,0.0108442,0.00335965,-0.0530232,-0.366701,-0.39265,0.260269,0,0,0,0,0,0,0,-0.422662,-19.6836,-0.696456,20.4649,-0.00357786,-0.502456,-0.210156,0,0,0,0,0,0,0,0,0,0,0,0,0,0,0,0,0,0,0,0,0,0,0,0,0,0,-0.479696,-0.340858,-0.392822,0.385542,0.296286,0.217869,-0.17458,-0.722763,-0.826741,2.56489,0.746471,-1.0449,-0.426469,0.0462352,1
28537.9,-0.665629,-0.0227096,0.744801,-2.30813,-1.86418,2.15528,-0.0140924,-0.1007,0.138168,-0.985266,0,0.765744,0.64302,0.01191,0,0.635204,-0.753277,-0.170557,0,0.594504,-0.074331,0.363349,1,-0.769056,0.468118,0.682623,-1.51557,-0.106362,1.68345,-1.49484,0.0668151,0.0136429,0.0135206,-0.0730369,-0.341073,-0.418084,0.345883,0,0,0,0,0,0,0,-0.315546,-19.7589,-0.585372,20.3935,-0.057594,-0.432876,-0.249524,0,0,0,0,0,0,0,0,0,0,0,0,0,0,0,0,0,0,0,0,0,0,0,0,0,0,-0.654526,-0.226935,-0.530781,0.552095,0.209034,0.212053,-0.221063,0.297806,-1.26213,2.39487,0.880244,-0.548336,-0.584067,0.0462352,1
28537.9,-0.663161,-0.022169,0.745235,-2.31083,-1.87468,2.14033,6.79906e-05,-0.0870531,0.130759,-0.987575,0,0.767582,0.640706,0.0171707,0,0.635002,-0.756565,-0.156146,0,0.594101,-0.0749501,0.364585,1,-0.769056,0.468118,0.682623,-1.51557,-0.106362,1.68345,-1.49484,0.0683665,0.0174221,0.013584,-0.0860261,-0.302448,-0.43922,0.415818,0,0,0,0,0,0,0,-0.244134,-19.6082,-0.434615,20.1673,-0.0493542,-0.551895,-0.139661,0,0,0,0,0,0,0,0,0,0,0,0,0,0,0,0,0,0,0,0,0,0,0,0,0,0,-0.527274,-0.643554,-0.387967,0.86155,0.179879,0.170425,-0.204701,-0.123259,-0.987662,3.2455,0.760477,-1.19242,-0.446118,0.0462352,1
28538,-0.660751,-0.0216411,0.745592,-2.31428,-1.8837,2.1258,0.0151769,-0.0733336,0.125256,-0.989401,0,0.76977,0.637866,0.0236973,0,0.634085,-0.759888,-0.143198,0,0.593389,-0.0756124,0.365313,1,-0.769056,0.468118,0.682623,-1.51557,-0.106362,1.68345,-1.49484,0.0766608,0.0204741,0.00895699,-0.115379,-0.233806,-0.435312,0.477499,0,0,0,0,0,0,0,-0.208429,-19.7589,-0.470321,20.0919,-0.0759045,-0.739578,-0.190015,0,0,0,0,0,0,0,0,0,0,0,0,0,0,0,0,0,0,0,0,0,0,0,0,0,0,-0.355253,-0.812062,-0.21757,1.06196,0.162097,0.138691,-0.171637,-0.00760103,-0.590593,3.47337,0.581133,-1.32754,-0.274453,0.0462352,1
28538,-0.658178,-0.0212029,0.745708,-2.31851,-1.89045,2.11301,0.0324003,-0.0592305,0.123624,-0.99055,0,0.772087,0.634642,0.0330383,0,0.632741,-0.762849,-0.133042,0,0.592353,-0.0761058,0.365299,1,-0.769056,0.468118,0.682623,-1.51557,-0.106362,1.68345,-1.49484,0.0692645,0.012902,0.000240608,-0.130585,-0.171349,-0.346747,0.543233,0,0,0,0,0,0,0,-0.351251,-19.7986,-0.585372,20.3181,-0.0759045,-0.958389,-0.12959,0,0,0,0,0,0,0,0,0,0,0,0,0,0,0,0,0,0,0,0,0,0,0,0,0,0,-0.402064,-0.568596,-0.256327,0.876711,0.166398,0.0360101,-0.182844,0.493006,-0.451949,2.65716,0.41859,-0.759579,-0.320892,0.0462352,1
28538,-0.655555,-0.0204377,0.745769,-2.32326,-1.89626,2.10224,0.0498278,-0.0465202,0.124055,-0.991175,0,0.773686,0.632106,0.0428014,0,0.631849,-0.764882,-0.125388,0,0.5912,-0.0762875,0.364529,1,-0.769056,0.468118,0.682623,-1.51557,-0.106362,1.68345,-1.49484,0.0754744,0.0228018,0.000429356,-0.144552,-0.183216,-0.272847,0.510522,0,0,0,0,0,0,0,-0.208429,-19.6439,-0.434615,20.0166,-0.0942151,-0.809158,-0.169873,0,0,0,0,0,0,0,0,0,0,0,0,0,0,0,0,0,0,0,0,0,0,0,0,0,0,-0.422529,-0.844857,-0.289261,1.07123,0.18541,-0.0521008,-0.117484,0.136922,-0.412128,3.13531,0.404231,-1.22348,-0.345825,0.0462346,1
28538.1,-0.653314,-0.0195806,0.745849,-2.32864,-1.9023,2.09496,0.0664432,-0.0366564,0.125746,-0.991375,0,0.77371,0.63143,0.0514822,0,0.63247,-0.765164,-0.120439,0,0.590024,-0.0760646,0.362963,1,-0.769056,0.468118,0.682623,-1.51557,-0.106362,1.68345,-1.49484,0.0605214,0.030137,0.00872821,-0.164874,-0.162041,-0.183893,0.469279,0,0,0,0,0,0,0,-0.386957,-19.7589,-0.585372,20.1316,-0.183937,-0.908035,-0.049939,0,0,0,0,0,0,0,0,0,0,0,0,0,0,0,0,0,0,0,0,0,0,0,0,0,0,-0.450445,-0.946046,-0.320216,1.11104,0.179086,-0.0596529,-0.0994243,-0.114206,-0.515325,3.35395,0.456987,-1.44595,-0.374745,0.0462346,1
28538.1,-0.65147,-0.0184183,0.74602,-2.33433,-1.90661,2.08915,0.0829783,-0.0279816,0.129704,-0.991148,0,0.773927,0.63035,0.0606399,0,0.632647,-0.765394,-0.118022,0,0.588662,-0.0758645,0.360731,1,-0.769056,0.468118,0.682623,-1.51557,-0.106362,1.68345,-1.49484,0.0476814,0.0405615,0.00729591,-0.164124,-0.0935804,-0.169933,0.483717,0,0,0,0,0,0,0,-0.386957,-19.8343,-0.621078,20.0166,-0.193092,-0.878738,-0.120435,0,0,0,0,0,0,0,0,0,0,0,0,0,0,0,0,0,0,0,0,0,0,0,0,0,0,-0.184623,-0.860852,-0.0437117,0.85988,0.128851,0.0118258,-0.120752,-0.521537,-0.0875898,2.9891,0.247635,-1.421,-0.105559,0.0462346,1
28538.1,-0.649936,-0.0166432,0.746266,-2.3397,-1.90899,2.08386,0.0995191,-0.0195958,0.135755,-0.990539,0,0.774791,0.628228,0.0707718,0,0.631904,-0.766089,-0.117494,0,0.587242,-0.0758137,0.35811,1,-0.769056,0.468118,0.682623,-1.51557,-0.106362,1.68345,-1.49484,0.0405772,0.0544053,0.00549159,-0.151717,-0.0606806,-0.13334,0.462691,0,0,0,0,0,0,0,-0.208429,-19.7589,-0.39891,19.3818,-0.139076,-0.789016,-0.0700806,0,0,0,0,0,0,0,0,0,0,0,0,0,0,0,0,0,0,0,0,0,0,0,0,0,0,-0.0518506,-0.886063,0.100341,0.574469,0.144769,0.0546154,-0.0873493,-1.56514,0.119063,2.90522,0.179653,-1.79923,0.0321719,0.0462346,1
28538.2,-0.648634,-0.0145608,0.746313,-2.34483,-1.91088,2.08029,0.114497,-0.0131777,0.142386,-0.989714,0,0.775322,0.626489,0.0798071,0,0.63142,-0.766309,-0.118653,0,0.585886,-0.0757361,0.355174,1,-0.769056,0.468118,0.682623,-1.51557,-0.106362,1.68345,-1.49484,0.0434526,0.0691065,0.000569353,-0.142577,-0.0601168,-0.0880228,0.416779,0,0,0,0,0,0,0,-0.27984,-19.7986,-0.39891,19.7547,-0.120765,-0.749649,-0.0801514,0,0,0,0,0,0,0,0,0,0,0,0,0,0,0,0,0,0,0,0,0,0,0,0,0,0,-0.0789789,-0.868008,0.0679623,0.358578,0.195871,0.0843907,-0.0531327,-2.30478,0.0333948,2.88645,0.2594,-2.06044,0.00172397,0.0462346,1
28538.2,-0.647395,-0.0118435,0.746316,-2.34913,-1.91384,2.07717,0.12564,-0.00964704,0.146546,-0.989147,0,0.77514,0.626006,0.0851853,0,0.631707,-0.76592,-0.119635,0,0.584879,-0.0755576,0.352378,1,-0.769056,0.468118,0.682623,-1.51557,-0.106362,1.68345,-1.49484,0.0386444,0.0832299,0.000958942,-0.123216,-0.130104,-0.105406,0.271451,0,0,0,0,0,0,0,-0.244134,-19.9494,-0.39891,19.5326,0.0504383,-0.749649,0.168872,0,0,0,0,0,0,0,0,0,0,0,0,0,0,0,0,0,0,0,0,0,0,0,0,0,0,-0.0242812,-0.58268,0.0715878,-0.0361886,0.288387,0.181596,0.00551937,-2.79144,0.0811363,2.27986,0.321688,-1.92302,0.0286731,0.0462346,1
28538.2,-0.646034,-0.00888483,0.74632,-2.35301,-1.92059,2.07247,0.131149,-0.00961118,0.143721,-0.989562,0,0.773704,0.627979,0.0836912,0,0.633465,-0.764839,-0.117235,0,0.584266,-0.0753393,0.350265,1,-0.769056,0.468118,0.682623,-1.51557,-0.106362,1.68345,-1.49484,0.0420538,0.0872922,0.000249526,-0.116917,-0.253954,-0.165856,0.0569768,0,0,0,0,0,0,0,-0.208429,-19.7589,-0.323531,19.4215,0.11361,-0.799087,0.219226,0,0,0,0,0,0,0,0,0,0,0,0,0,0,0,0,0,0,0,0,0,0,0,0,0,0,-0.053884,-0.515547,0.0504405,-0.0665835,0.426293,0.222132,0.145886,-3.00861,0.126665,2.19967,0.442771,-2.01254,0.00241094,0.0462352,1
28538.3,-0.644592,-0.00591357,0.746325,-2.35667,-1.93015,2.06554,0.131269,-0.0124679,0.134195,-0.990867,0,0.771683,0.631457,0.0758097,0,0.635876,-0.763705,-0.111431,0,0.583881,-0.0752635,0.348856,1,-0.769056,0.468118,0.682623,-1.51557,-0.106362,1.68345,-1.49484,0.0420329,0.0925786,4.44652e-05,-0.101127,-0.286704,-0.224261,-0.000429606,0,0,0,0,0,0,0,-0.27984,-19.874,-0.248153,19.5683,-0.193092,-0.650772,0.00957027,0,0,0,0,0,0,0,0,0,0,0,0,0,0,0,0,0,0,0,0,0,0,0,0,0,0,-0.00484468,-0.255721,0.0915763,-0.226902,0.418066,0.256586,0.113227,-2.5558,0.237378,1.59395,0.369871,-1.50805,0.0453439,0.0462352,1
28538.3,-0.643469,-0.00269686,0.746314,-2.35961,-1.93966,2.05764,0.13128,-0.014276,0.124287,-0.992134,0,0.770139,0.634186,0.0683641,0,0.637707,-0.76312,-0.104774,0,0.583653,-0.0754983,0.347825,1,-0.769056,0.468118,0.682623,-1.51557,-0.106362,1.68345,-1.49484,0.0256685,0.0933233,0.00116289,-0.0824894,-0.267213,-0.230739,0.00168468,0,0,0,0,0,0,0,0.0454774,-19.7986,-0.0973961,19.5326,-0.211403,-0.76979,-0.0700806,0,0,0,0,0,0,0,0,0,0,0,0,0,0,0,0,0,0,0,0,0,0,0,0,0,0,0.299031,-0.340951,0.331749,-0.123756,0.275422,0.343459,0.0269547,-2.3682,0.525913,1.82892,0.213183,-1.50587,0.316059,0.0462352,1
28538.3,-0.642598,0.000604586,0.74632,-2.36195,-1.94847,2.04887,0.131275,-0.0149796,0.114465,-0.993305,0,0.769305,0.635882,0.0616752,0,0.638697,-0.763245,-0.0975855,0,0.583501,-0.0760138,0.347133,1,-0.769056,0.468118,0.682623,-1.51557,-0.106362,1.68345,-1.49484,0.028459,0.0982065,8.79482e-05,-0.0617423,-0.252427,-0.280152,-0.000878543,0,0,0,0,0,0,0,-0.172723,-19.8343,-0.137069,19.4215,-0.120765,-0.928176,-0.0105713,0,0,0,0,0,0,0,0,0,0,0,0,0,0,0,0,0,0,0,0,0,0,0,0,0,0,0.0457236,-0.153461,0.0785194,-0.192611,0.255829,0.27291,-0.00601771,-1.79362,0.0744431,1.336,0.315364,-1.04356,0.0616987,0.0462359,1
28538.4,-0.641677,0.00394746,0.746321,-2.36399,-1.95784,2.04009,0.131282,-0.0153437,0.10433,-0.994415,0,0.768109,0.63793,0.0550775,0,0.640126,-0.762989,-0.0899271,0,0.583502,-0.0764262,0.346635,1,-0.769056,0.468118,0.682623,-1.51557,-0.106362,1.68345,-1.49484,0.025874,0.0954966,0.000138684,-0.0567072,-0.297619,-0.244347,0.00145069,0,0,0,0,0,0,0,-0.27984,-20.0644,-0.0616905,19.235,-0.057594,-0.888809,-0.0600098,0,0,0,0,0,0,0,0,0,0,0,0,0,0,0,0,0,0,0,0,0,0,0,0,0,0,-0.132648,-0.0534676,-0.0985707,-0.132027,0.297872,0.186209,-0.0122591,-1.18399,-0.074293,1.07984,0.338134,-0.695177,-0.116648,0.0462359,1
28538.4,-0.640752,0.00731585,0.7465,-2.3658,-1.96801,2.03203,0.131278,-0.0157878,0.0941116,-0.995427,0,0.76608,0.640902,0.0484431,0,0.642542,-0.761827,-0.082217,0,0.583696,-0.0765219,0.346221,1,-0.769056,0.468118,0.682623,-1.51557,-0.106362,1.68345,-1.49484,0.0257501,0.0970495,0.012038,-0.0536558,-0.306419,-0.24323,0.000389641,0,0,0,0,0,0,0,-0.315546,-20.0644,-0.137069,19.0843,-0.0942151,-0.967544,-0.0206421,0,0,0,0,0,0,0,0,0,0,0,0,0,0,0,0,0,0,0,0,0,0,0,0,0,0,-0.432281,-0.253249,-0.354255,-0.0502165,0.33914,0.111567,-0.0146293,-1.62018,-0.587435,1.66864,0.552263,-1.12158,-0.395861,0.0462359,1
28538.4,-0.639794,0.0106317,0.746937,-2.36763,-1.97908,2.02351,0.131279,-0.0158551,0.0829879,-0.996415,0,0.763558,0.644388,0.041519,0,0.645535,-0.760177,-0.0735844,0,0.583985,-0.0764256,0.346002,1,-0.769056,0.468118,0.682623,-1.51557,-0.106362,1.68345,-1.49484,0.0237403,0.0949297,0.00739318,-0.0578138,-0.343711,-0.237121,-0.000603559,0,0,0,0,0,0,0,-0.172723,-20.1398,0.0890663,19.1596,-0.237953,-0.898879,-0.0297974,0,0,0,0,0,0,0,0,0,0,0,0,0,0,0,0,0,0,0,0,0,0,0,0,0,0,-0.417122,-0.178178,-0.308175,-0.0296102,0.325827,0.123764,-0.0150267,-1.28385,-0.530098,1.47503,0.521806,-0.907105,-0.365922,0.0462359,1
28538.5,-0.638889,0.0137239,0.74709,-2.36946,-1.99025,2.01618,0.131278,-0.0161915,0.0724109,-0.997234,0,0.760671,0.648193,0.0347159,0,0.648927,-0.75802,-0.0655773,0,0.584309,-0.0762886,0.345737,1,-0.769056,0.468118,0.682623,-1.51557,-0.106362,1.68345,-1.49484,0.0275972,0.0900746,0.00140333,-0.0587386,-0.299634,-0.200506,-0.000955039,0,0,0,0,0,0,0,-0.244134,-20.1795,0.0890663,19.1596,-0.247108,-1.09663,-0.0206421,0,0,0,0,0,0,0,0,0,0,0,0,0,0,0,0,0,0,0,0,0,0,0,0,0,0,-0.241882,-0.115108,-0.142075,0.0536755,0.259097,0.155898,-0.0236856,-0.738044,-0.254807,1.24024,0.386195,-0.61362,-0.195424,0.0462359,1
28538.5,-0.638194,0.0163639,0.747127,-2.37105,-1.99916,2.00979,0.131283,-0.0163482,0.0637785,-0.997821,0,0.758611,0.650876,0.0291736,0,0.65133,-0.756495,-0.0590249,0,0.584509,-0.0763088,0.345465,1,-0.769056,0.468118,0.682623,-1.51557,-0.106362,1.68345,-1.49484,0.022991,0.0827867,0.00651163,-0.0525942,-0.268796,-0.218059,-2.53649e-05,0,0,0,0,0,0,0,-0.351251,-20.2906,0.0890663,19.2707,-0.346901,-1.03712,-0.0297974,0,0,0,0,0,0,0,0,0,0,0,0,0,0,0,0,0,0,0,0,0,0,0,0,0,0,-0.192156,-0.145209,-0.106609,0.0881859,0.200304,0.140219,-0.0316472,-0.634403,-0.233384,1.19351,0.333042,-0.582053,-0.153138,0.0462359,1
28538.5,-0.637494,0.0192014,0.747159,-2.37287,-2.00691,2.00213,0.131289,-0.01619,0.0553004,-0.998329,0,0.757583,0.652289,0.0238464,0,0.65253,-0.755945,-0.0524562,0,0.584493,-0.0766048,0.345082,1,-0.769056,0.468118,0.682623,-1.51557,-0.106362,1.68345,-1.49484,0.0183073,0.0715221,0.000319894,-0.046688,-0.163375,-0.188317,0.00118479,0,0,0,0,0,0,0,-0.172723,-20.3302,0.164445,19.3064,-0.427467,-0.967544,-0.0700806,0,0,0,0,0,0,0,0,0,0,0,0,0,0,0,0,0,0,0,0,0,0,0,0,0,0,-0.117474,-0.051727,-0.0645537,0.18664,0.136727,0.176483,-0.0381126,0.0276637,-0.218278,0.95855,0.313389,-0.233838,-0.0944554,0.0462359,1
28538.6,-0.637151,0.0212534,0.747167,-2.37469,-2.01056,1.9961,0.131312,-0.016356,0.0501936,-0.998596,0,0.75806,0.651853,0.0203486,0,0.651971,-0.756677,-0.0487123,0,0.584117,-0.077144,0.344456,1,-0.769056,0.468118,0.682623,-1.51557,-0.106362,1.68345,-1.49484,0.00807847,0.0580739,0.00358944,-0.054088,-0.0688946,-0.169284,0.00188948,0,0,0,0,0,0,0,-0.27984,-20.2152,0.0890663,19.12,-0.481483,-1.11678,-0.0902222,0,0,0,0,0,0,0,0,0,0,0,0,0,0,0,0,0,0,0,0,0,0,0,0,0,0,-0.186887,0.0755341,-0.157748,0.348782,0.0609126,0.149313,-0.0516033,1.08901,-0.426874,0.567109,0.335967,0.312958,-0.174374,0.0462359,1
28538.6,-0.636714,0.0227697,0.747245,-2.37674,-2.01128,1.99025,0.131552,-0.0163889,0.0470021,-0.998751,0,0.759747,0.649951,0.0181202,0,0.650003,-0.758516,-0.0463626,0,0.583406,-0.0777781,0.343691,1,-0.769056,0.468118,0.682623,-1.51557,-0.106362,1.68345,-1.49484,0.0180276,0.033457,0.00156755,-0.0642733,-0.000126075,-0.171521,0.0152451,0,0,0,0,0,0,0,-0.351251,-20.2152,0.164445,19.0089,-0.490638,-1.15614,-0.100293,0,0,0,0,0,0,0,0,0,0,0,0,0,0,0,0,0,0,0,0,0,0,0,0,0,0,-0.411503,0.247464,-0.361975,0.303381,0.0094017,0.0789149,-0.0806497,1.70675,-0.848302,-0.00172679,0.400475,0.788291,-0.386349,0.0462352,1
28538.6,-0.636055,0.0236991,0.7476,-2.37877,-2.01128,1.98529,0.132406,-0.0159907,0.0448879,-0.998854,0,0.76109,0.64841,0.0169549,0,0.648441,-0.759961,-0.0445331,0,0.582695,-0.0780264,0.343029,1,-0.769056,0.468118,0.682623,-1.51557,-0.106362,1.68345,-1.49484,0.0194096,0.0113043,0.0106798,-0.0559151,-2.30082e-05,-0.117761,0.0282864,0,0,0,0,0,0,0,-0.27984,-20.1398,0.20015,18.8581,-0.490638,-1.04719,-0.120435,0,0,0,0,0,0,0,0,0,0,0,0,0,0,0,0,0,0,0,0,0,0,0,0,0,0,-0.863493,0.56782,-0.785593,-0.0368447,0.0336739,0.0310468,-0.0943586,1.78094,-1.71758,-0.816048,0.671961,1.2239,-0.821079,0.0462352,1
28538.7,-0.635179,0.0238579,0.748034,-2.3808,-2.01123,1.98166,0.132893,-0.015949,0.0428969,-0.998943,0,0.761713,0.647711,0.0156528,0,0.64771,-0.760672,-0.0430063,0,0.582046,-0.0778912,0.342552,1,-0.769056,0.468118,0.682623,-1.51557,-0.106362,1.68345,-1.49484,0.0230574,-0.00372491,0.0151126,-0.0607811,0.0018885,-0.0918782,0.0028643,0,0,0,0,0,0,0,-0.13305,-19.9494,0.275529,18.8224,-0.607826,-0.967544,-0.0398682,0,0,0,0,0,0,0,0,0,0,0,0,0,0,0,0,0,0,0,0,0,0,0,0,0,0,-0.787569,0.572642,-0.709552,0.0485222,0.00210459,0.0938611,-0.0786237,1.99362,-1.6941,-0.757485,0.700345,1.27373,-0.7456,0.0462352,1
28538.7,-0.633891,0.0236921,0.748153,-2.38275,-2.01107,1.97851,0.132951,-0.0161611,0.040802,-0.999027,0,0.762126,0.64726,0.0141064,0,0.647218,-0.761171,-0.0415575,0,0.581429,-0.0776301,0.342189,1,-0.769056,0.468118,0.682623,-1.51557,-0.106362,1.68345,-1.49484,0.0422172,-0.00624707,-0.00093818,-0.0489028,0.000457397,-0.111207,0.00334739,0,0,0,0,0,0,0,-0.244134,-19.7986,0.235856,18.9335,-0.698463,-0.977615,-0.0700806,0,0,0,0,0,0,0,0,0,0,0,0,0,0,0,0,0,0,0,0,0,0,0,0,0,0,-0.487362,0.529473,-0.424335,0.0410281,-0.0683563,0.190474,-0.0810473,1.80263,-1.2966,-0.661179,0.565353,1.15831,-0.453214,0.0462352,1
28538.7,-0.632201,0.0236765,0.748172,-2.38435,-2.01065,1.97375,0.132955,-0.0153839,0.0379924,-0.99915,0,0.763093,0.646147,0.0128202,0,0.646097,-0.762261,-0.0389327,0,0.580857,-0.0774553,0.342156,1,-0.769056,0.468118,0.682623,-1.51557,-0.106362,1.68345,-1.49484,0.0516592,-5.94216e-05,0.000726586,-0.0407995,0.0213205,-0.171097,-0.00128469,0,0,0,0,0,0,0,-0.244134,-19.7986,0.20015,19.12,-0.725013,-0.997756,-0.0600098,0,0,0,0,0,0,0,0,0,0,0,0,0,0,0,0,0,0,0,0,0,0,0,0,0,0,-0.358634,0.498277,-0.304684,-0.0184845,-0.125151,0.246677,-0.0758093,1.50289,-1.2239,-0.617324,0.539877,1.02043,-0.32925,0.0462352,1
28538.8,-0.630398,0.0236744,0.748165,-2.38565,-2.00988,1.96672,0.132958,-0.0131738,0.0340691,-0.999323,0,0.765056,0.643839,0.0118644,0,0.64382,-0.764397,-0.0345473,0,0.58026,-0.0776026,0.342602,1,-0.769056,0.468118,0.682623,-1.51557,-0.106362,1.68345,-1.49484,0.0454704,0.000365574,-0.00070322,-0.0346276,0.0263874,-0.214075,0.000865214,0,0,0,0,0,0,0,0.00977179,-19.7986,0.350907,19.0843,-0.698463,-0.997756,-0.0902222,0,0,0,0,0,0,0,0,0,0,0,0,0,0,0,0,0,0,0,0,0,0,0,0,0,0,-0.201428,0.479161,-0.161347,0.0895083,-0.159062,0.251667,-0.0696174,1.80824,-0.918532,-0.654124,0.410687,1.11826,-0.178703,0.0462352,1
28538.8,-0.628871,0.0236758,0.748179,-2.38649,-2.00951,1.96024,0.13296,-0.0107672,0.030264,-0.999474,0,0.766774,0.641805,0.0111735,0,0.641818,-0.766265,-0.0301167,0,0.579837,-0.0777654,0.343219,1,-0.769056,0.468118,0.682623,-1.51557,-0.106362,1.68345,-1.49484,0.0451205,-0.000467437,-0.00133049,-0.0147371,-0.00546975,-0.154974,0.00135558,0,0,0,0,0,0,0,-0.315546,-19.7986,0.235856,19.0089,-0.607826,-1.22572,-0.110364,0,0,0,0,0,0,0,0,0,0,0,0,0,0,0,0,0,0,0,0,0,0,0,0,0,0,-0.221777,0.492553,-0.194902,-0.0581525,-0.108548,0.174875,-0.0648806,1.45653,-0.783535,-0.856731,0.312285,1.05627,-0.204747,0.0462352,1
28538.8,-0.627476,0.0236741,0.748258,-2.38654,-2.00954,1.95635,0.132943,-0.00889187,0.0278453,-0.999563,0,0.767328,0.641145,0.0110347,0,0.641184,-0.766909,-0.027068,0,0.579783,-0.0775097,0.343832,1,-0.769056,0.468118,0.682623,-1.51557,-0.106362,1.68345,-1.49484,0.0377606,-0.00167485,0.00751449,0.00183504,-0.00575897,-0.0787812,0.00115234,0,0,0,0,0,0,0,-0.351251,-19.7589,0.164445,18.7113,-0.55381,-1.33467,-0.0398682,0,0,0,0,0,0,0,0,0,0,0,0,0,0,0,0,0,0,0,0,0,0,0,0,0,0,-0.44084,0.397206,-0.394421,-0.0632785,-0.0551668,-0.00257644,-0.0459442,1.25647,-0.93938,-0.889891,0.292432,0.923106,-0.413882,0.0462352,1
28538.9,-0.626277,0.0236101,0.748531,-2.38649,-2.00953,1.95568,0.132925,-0.00850158,0.0273913,-0.999579,0,0.766647,0.641958,0.011071,0,0.642003,-0.766245,-0.0264577,0,0.579882,-0.0767581,0.343998,1,-0.769056,0.468118,0.682623,-1.51557,-0.106362,1.68345,-1.49484,0.0391743,-0.00137147,0.0100054,0.000365628,0.00127165,0.00309955,0.000273404,0,0,0,0,0,0,0,-0.315546,-19.7589,0.164445,18.7867,-0.626136,-1.41432,-0.0105713,0,0,0,0,0,0,0,0,0,0,0,0,0,0,0,0,0,0,0,0,0,0,0,0,0,0,-0.565826,0.265674,-0.47996,0.179333,-0.0306268,-0.146192,-0.0023671,1.64585,-0.934168,-0.784364,0.251323,0.917954,-0.519804,0.0462346,1
28538.9,-0.625018,0.0237069,0.748618,-2.38651,-2.00952,1.9563,0.132895,-0.00897283,0.0277991,-0.999564,0,0.765545,0.643273,0.0110181,0,0.643311,-0.765127,-0.027054,0,0.580005,-0.075884,0.343839,1,-0.769056,0.468118,0.682623,-1.51557,-0.106362,1.68345,-1.49484,0.0367872,0.00751224,0.00474236,0.000417356,-1.10592e-06,0.0308323,-0.00142704,0,0,0,0,0,0,0,-0.27984,-20.2549,0.164445,18.8978,-0.644447,-1.37404,0.0599243,0,0,0,0,0,0,0,0,0,0,0,0,0,0,0,0,0,0,0,0,0,0,0,0,0,0,-0.348934,0.000585926,-0.250937,0.270861,-0.0524138,-0.167317,0.0313764,1.03703,-0.50653,-0.288223,0.0936138,0.398892,-0.298948,0.0462346,1
28538.9,-0.624048,0.023841,0.748749,-2.38652,-2.00952,1.95711,0.132877,-0.00954697,0.0283472,-0.999543,0,0.764524,0.644487,0.0109755,0,0.644516,-0.764084,-0.0278255,0,0.580118,-0.0751228,0.343634,1,-0.62452,0.0237798,0.748641,-2.38651,-2.00952,1.95685,0.132885,0.0228713,0.00303328,0.0152176,-0.000400063,0.00244641,-0.00152,-0.00109319,0,0,0,0,0,0,0,-1.47399,-20.5603,-0.918624,19.1596,-0.707618,-1.49306,0.139575,0,0,0,0,0,0,0,0,0,0,0,0,0,0,0,0,0,0,0,0,0,0,0,0,0,0,-0.233299,-0.0989044,-0.144476,0.242644,-0.0690517,-0.150025,0.0623903,0.570879,-0.366567,-0.115677,0.0555389,0.114969,-0.188871,0.0462346,1
28539,-0.62389,0.0238372,0.748781,-2.38649,-2.00953,1.95714,0.132877,-0.00953822,0.0283573,-0.999543,0,0.764385,0.644651,0.0109947,0,0.644681,-0.763945,-0.0278253,0,0.580141,-0.0750059,0.343645,1,-0.62452,0.0237798,0.748641,-2.38651,-2.00952,1.95685,0.132885,-0.00358251,-0.000551906,-0.00316179,-0.000854995,-0.00646016,0.00620246,0.000217545,0,0,0,0,0,0,0,-1.43829,-20.4453,-0.918624,19.3064,-0.707618,-1.52327,0.158801,0,0,0,0,0,0,0,0,0,0,0,0,0,0,0,0,0,0,0,0,0,0,0,0,0,0,-0.422099,-0.370121,-0.330876,0.399332,-0.0787845,-0.202265,0.114432,0.0982725,-0.866216,0.543792,0.279042,-0.417593,-0.379695,0.0462346,1
28539,-0.624128,0.0238345,0.748643,-2.38638,-2.00954,1.95713,0.132884,-0.00940188,0.0283662,-0.999544,0,0.764623,0.644368,0.0110944,0,0.644401,-0.764184,-0.0277482,0,0.58015,-0.0752203,0.343703,1,-0.62452,0.0237798,0.748641,-2.38651,-2.00952,1.95685,0.132885,-0.00696579,0.000755675,-0.00251536,0.00258408,-0.00472855,0.00720082,0.00355513,0,0,0,0,0,0,0,0.4065,-20.4056,0.870621,18.9335,-0.607826,-1.42348,0.099292,0,0,0,0,0,0,0,0,0,0,0,0,0,0,0,0,0,0,0,0,0,0,0,0,0,0,-0.386658,-0.363263,-0.330957,0.385098,-0.101808,-0.19707,0.154113,0.0475907,-0.905336,0.428942,0.294321,-0.427305,-0.361932,0.0462346,1
28539,-0.624079,0.0238549,0.748701,-2.38636,-2.00953,1.95716,0.132869,-0.00943188,0.0283958,-0.999543,0,0.764554,0.644449,0.0110935,0,0.644482,-0.764115,-0.027789,0,0.580161,-0.0751563,0.343694,1,-0.62452,0.0237798,0.748641,-2.38651,-2.00952,1.95685,0.132885,0.000853181,0.000908847,0.00601828,-0.000274343,0.00559693,-0.000943751,-0.0022116,0,0,0,0,0,0,0,-0.315546,-20.5603,0.124772,19.2707,-0.734169,-1.58278,0.239368,0,0,0,0,0,0,0,0,0,0,0,0,0,0,0,0,0,0,0,0,0,0,0,0,0,0,-0.315355,-0.4498,-0.25041,0.473886,-0.122818,-0.203647,0.179754,0.0227286,-0.783593,0.569219,0.253056,-0.541744,-0.286769,0.0462346,1
28539.1,-0.624051,0.0238553,0.748715,-2.38635,-2.00951,1.9571,0.132876,-0.00939062,0.0283762,-0.999544,0,0.764557,0.644446,0.0111123,0,0.64448,-0.764118,-0.0277475,0,0.580163,-0.0751415,0.343706,1,-0.62452,0.0237798,0.748641,-2.38651,-2.00952,1.95685,0.132885,-0.00028531,0.000133037,-0.00205314,0.000939247,0.00141262,-0.0102661,0.000983127,0,0,0,0,0,0,0,-0.569452,-20.5207,-0.0616905,19.2707,-0.815651,-1.38411,0.168872,0,0,0,0,0,0,0,0,0,0,0,0,0,0,0,0,0,0,0,0,0,0,0,0,0,0,-0.336224,-0.513433,-0.260252,0.568614,-0.132385,-0.226119,0.201762,0.100274,-0.821733,0.679289,0.270086,-0.597555,-0.30276,0.0462352,1
28539.1,-0.624155,0.0238638,0.748651,-2.38638,-2.00954,1.95707,0.132859,-0.0094115,0.0283324,-0.999545,0,0.764665,0.644318,0.0110635,0,0.644351,-0.764227,-0.0277293,0,0.580145,-0.0752425,0.343698,1,-0.62452,0.0237798,0.748641,-2.38651,-2.00952,1.95685,0.132885,0.000216232,0.00241641,-0.000276298,-0.00102594,-0.00755269,-0.00650733,-0.00226363,0,0,0,0,0,0,0,0.299384,-20.596,0.759537,19.6079,-0.743324,-1.21565,0.298877,0,0,0,0,0,0,0,0,0,0,0,0,0,0,0,0,0,0,0,0,0,0,0,0,0,0,-0.221484,-0.467202,-0.155613,0.744683,-0.165847,-0.197318,0.231422,0.765805,-0.630918,0.539166,0.214604,-0.324689,-0.192753,0.0462352,1
28539.1,-0.624219,0.0238851,0.748642,-2.38639,-2.00953,1.9571,0.13286,-0.00945748,0.0283701,-0.999543,0,0.764701,0.644276,0.0110511,0,0.644308,-0.764261,-0.0277884,0,0.580137,-0.07528,0.343675,1,-0.624188,0.0238746,0.74864,-2.38638,-2.0095,1.9571,0.132863,-0.00468552,0.00247593,6.65117e-05,-0.00025396,0.00168958,0.0022085,-0.00160802,0,0,0,0,0,0,0,0.335089,-20.6714,0.834916,19.6833,-0.716774,-1.44362,0.278735,0,0,0,0,0,0,0,0,0,0,0,0,0,0,0,0,0,0,0,0,0,0,0,0,0,0,0.110153,-0.520463,0.164823,0.858701,-0.18139,-0.156485,0.249389,0.90093,0.0537863,0.606708,-0.024733,-0.336978,0.132983,0.0462352,1
28539.2,-0.624213,0.023884,0.748655,-2.38639,-2.00952,1.9571,0.132866,-0.00944925,0.0283799,-0.999543,0,0.764695,0.644283,0.0110639,0,0.644315,-0.764255,-0.0277905,0,0.580137,-0.0752701,0.343676,1,-0.624188,0.0238746,0.74864,-2.38638,-2.0095,1.9571,0.132863,0.000662367,0.0010106,0.00154577,-0.000193554,-0.00108993,0.00129217,0.00119257,0,0,0,0,0,0,0,0.192267,-20.5603,0.648453,19.6079,-0.752479,-1.41432,0.219226,0,0,0,0,0,0,0,0,0,0,0,0,0,0,0,0,0,0,0,0,0,0,0,0,0,0,0.179722,-0.512295,0.262929,0.892483,-0.183629,-0.147001,0.255302,1.02125,0.243184,0.566803,-0.0924275,-0.283874,0.216909,0.0462352,1
28539.2,-0.624185,0.0238869,0.748674,-2.38638,-2.00952,1.95711,0.132862,-0.00945597,0.0283809,-0.999543,0,0.764662,0.644322,0.0110609,0,0.644354,-0.764222,-0.027795,0,0.580142,-0.075242,0.343675,1,-0.624188,0.0238746,0.74864,-2.38638,-2.0095,1.9571,0.132863,0.000287069,-8.90182e-05,-0.000232137,0.000183068,0.00100147,0.00068089,-0.00117111,0,0,0,0,0,0,0,-0.0616393,-20.5603,0.422318,19.5683,-0.77079,-1.42348,0.258594,0,0,0,0,0,0,0,0,0,0,0,0,0,0,0,0,0,0,0,0,0,0,0,0,0,0,0.0522974,-0.513239,0.148601,0.918324,-0.191166,-0.166909,0.258717,1.11341,-0.0283224,0.575754,0.0046545,-0.259311,0.0959116,0.0462352,1
28539.2,-0.624238,0.023889,0.748629,-2.38638,-2.00953,1.95709,0.13287,-0.00944262,0.028376,-0.999543,0,0.764727,0.644244,0.0110651,0,0.644276,-0.764288,-0.0277838,0,0.580135,-0.0753004,0.343676,1,-0.624188,0.0238746,0.74864,-2.38638,-2.0095,1.9571,0.132863,-0.00133449,0.000280876,-0.0015292,5.73659e-05,-0.000936323,-0.000409814,0.00311625,0,0,0,0,0,0,0,0.55329,-20.5603,1.02138,19.5683,-0.716774,-1.34474,0.189014,0,0,0,0,0,0,0,0,0,0,0,0,0,0,0,0,0,0,0,0,0,0,0,0,0,0,0.229532,-0.53357,0.297707,0.929951,-0.189387,-0.147453,0.256144,1.07274,0.335505,0.603817,-0.128212,-0.289136,0.259116,0.0462352,1
28539.3,-0.62422,0.023893,0.748655,-2.38639,-2.00952,1.9571,0.132867,-0.00946055,0.0283882,-0.999543,0,0.764698,0.644279,0.0110605,0,0.644311,-0.764258,-0.0278042,0,0.580136,-0.0752741,0.343669,1,-0.624188,0.0238746,0.74864,-2.38638,-2.0095,1.9571,0.132863,0.0011766,0.000754808,0.000791589,-0.000400012,-0.00012384,0.00072259,0.00136189,0,0,0,0,0,0,0,0.116888,-20.6357,0.648453,19.6436,-0.752479,-1.42348,0.209155,0,0,0,0,0,0,0,0,0,0,0,0,0,0,0,0,0,0,0,0,0,0,0,0,0,0,0.226216,-0.512758,0.289202,0.94142,-0.190077,-0.144183,0.255574,1.17657,0.325862,0.562614,-0.123471,-0.229926,0.253371,0.0462352,1
28539.3,-0.624187,0.0238849,0.748677,-2.38639,-2.00952,1.95711,0.132862,-0.00946386,0.028381,-0.999543,0,0.764661,0.644323,0.011055,0,0.644355,-0.764221,-0.0278001,0,0.58014,-0.0752415,0.343671,1,-0.624188,0.0238746,0.74864,-2.38638,-2.0095,1.9571,0.132863,0.00134612,-0.000405333,0.000434462,-0.00124709,0.000461365,0.000368549,-0.000423472,0,0,0,0,0,0,0,-0.172723,-20.5207,0.350907,19.6833,-0.752479,-1.44362,0.258594,0,0,0,0,0,0,0,0,0,0,0,0,0,0,0,0,0,0,0,0,0,0,0,0,0,0,0.0976402,-0.537627,0.180195,0.967348,-0.189866,-0.16414,0.256482,1.18075,0.0661944,0.650212,-0.0247433,-0.268229,0.134159,0.0462359,1
28539.3,-0.624245,0.0238979,0.748632,-2.38639,-2.00952,1.95709,0.132867,-0.00945717,0.0283843,-0.999543,0,0.764734,0.644237,0.011059,0,0.644268,-0.764294,-0.0277996,0,0.580132,-0.0753035,0.343668,1,-0.624188,0.0238746,0.74864,-2.38638,-2.0095,1.9571,0.132863,1.75148e-05,0.0011509,-0.000966671,0.000733886,-0.000108451,-0.000261878,0.0020185,0,0,0,0,0,0,0,0.517584,-20.6714,0.946,19.6436,-0.752479,-1.33467,0.209155,0,0,0,0,0,0,0,0,0,0,0,0,0,0,0,0,0,0,0,0,0,0,0,0,0,0,0.222697,-0.558349,0.285838,0.979866,-0.189436,-0.151855,0.259482,1.13962,0.319016,0.676551,-0.115874,-0.30225,0.249448,0.0462359,1
28539.4,-0.62422,0.023888,0.748654,-2.38639,-2.00952,1.9571,0.132869,-0.00945138,0.0283803,-0.999543,0,0.764701,0.644276,0.0110623,0,0.644308,-0.764261,-0.0277923,0,0.580136,-0.0752754,0.343673,1,-0.624188,0.0238746,0.74864,-2.38638,-2.0095,1.9571,0.132863,0.000759241,-0.00161262,0.00105132,-0.000805296,0.000120199,-0.000637452,0.00276251,0,0,0,0,0,0,0,0.116888,-20.5207,0.648453,19.6436,-0.761634,-1.37404,0.199084,0,0,0,0,0,0,0,0,0,0,0,0,0,0,0,0,0,0,0,0,0,0,0,0,0,0,0.237658,-0.54158,0.287761,0.974628,-0.19042,-0.149023,0.257871,1.18298,0.340028,0.632478,-0.126064,-0.264663,0.258106,0.0462359,1
28539.4,-0.624201,0.0238926,0.748666,-2.38639,-2.00952,1.9571,0.132859,-0.00946527,0.0283826,-0.999543,0,0.764679,0.644301,0.0110541,0,0.644333,-0.76424,-0.0278026,0,0.580139,-0.0752565,0.34367,1,-0.624188,0.0238746,0.74864,-2.38638,-2.0095,1.9571,0.132863,-0.0012685,0.000220392,-0.00203522,-0.000420682,0.000565711,-0.000730603,-0.00207698,0,0,0,0,0,0,0,-0.0259338,-20.596,0.497697,19.6079,-0.77079,-1.40425,0.288806,0,0,0,0,0,0,0,0,0,0,0,0,0,0,0,0,0,0,0,0,0,0,0,0,0,0,0.123318,-0.545188,0.20214,0.970379,-0.191155,-0.162624,0.258093,1.16377,0.115539,0.658617,-0.0432609,-0.281662,0.157938,0.0462359,1
28539.5,-0.624235,0.0238975,0.748645,-2.38639,-2.00952,1.9571,0.132866,-0.0094645,0.0283858,-0.999543,0,0.764717,0.644257,0.0110552,0,0.644289,-0.764277,-0.0278052,0,0.580133,-0.0752895,0.343666,1,-0.624188,0.0238746,0.74864,-2.38638,-2.0095,1.9571,0.132863,-0.000852927,0.000970532,-0.000780199,-0.000264628,0.000328676,0.000673132,0.000545399,0,0,0,0,0,0,0,0.370795,-20.6357,0.79921,19.6436,-0.761634,-1.39418,0.219226,0,0,0,0,0,0,0,0,0,0,0,0,0,0,0,0,0,0,0,0,0,0,0,0,0,0,0.208371,-0.567043,0.263948,0.974036,-0.190832,-0.155486,0.259461,1.09662,0.273909,0.69568,-0.100542,-0.327398,0.231273,0.0462359,1
28539.5,-0.62422,0.0238975,0.748653,-2.3864,-2.00952,1.9571,0.13286,-0.00947874,0.0283855,-0.999542,0,0.7647,0.644277,0.0110448,0,0.644308,-0.76426,-0.0278138,0,0.580133,-0.0752754,0.343662,1,-0.624188,0.0238746,0.74864,-2.38638,-2.0095,1.9571,0.132863,0.00067255,-0.000399572,3.91533e-05,0.000432231,0.000586738,0.000201097,-0.00154895,0,0,0,0,0,0,0,0.156561,-20.6357,0.684159,19.7547,-0.77079,-1.41432,0.278735,0,0,0,0,0,0,0,0,0,0,0,0,0,0,0,0,0,0,0,0,0,0,0,0,0,0,0.19796,-0.562154,0.254676,1.00413,-0.19216,-0.162768,0.25996,1.21515,0.268398,0.677304,-0.101623,-0.2798,0.22152,0.0462359,1
28539.5,-0.62422,0.0238986,0.748653,-2.3864,-2.00952,1.9571,0.132852,-0.00948521,0.0283746,-0.999543,0,0.764699,0.644278,0.0110329,0,0.644309,-0.764259,-0.0278097,0,0.580133,-0.0752758,0.343662,1,-0.624188,0.0238746,0.74864,-2.38638,-2.0095,1.9571,0.132863,-0.00058837,-0.000133129,-0.00110147,-0.000465977,0.000628954,-0.000766661,-0.00344568,0,0,0,0,0,0,0,0.156561,-20.6357,0.684159,19.7547,-0.752479,-1.37404,0.348315,0,0,0,0,0,0,0,0,0,0,0,0,0,0,0,0,0,0,0,0,0,0,0,0,0,0,0.188639,-0.597808,0.254685,1.04254,-0.189165,-0.168259,0.272657,1.19486,0.256486,0.761318,-0.0871134,-0.338189,0.216383,0.0462359,1
28539.6,-0.624243,0.0238691,0.748634,-2.3864,-2.00952,1.95709,0.132862,-0.00944287,0.028356,-0.999544,0,0.76473,0.644241,0.0110519,0,0.644273,-0.764291,-0.0277687,0,0.580131,-0.0753019,0.343681,1,-0.624188,0.0238746,0.74864,-2.38638,-2.0095,1.9571,0.132863,0.00095234,-0.00330403,-0.00087016,0.00120303,-0.000119182,0.000461176,0.000698372,0,0,0,0,0,0,0,0.446173,-20.2152,0.946,19.6833,-0.734169,-1.30446,0.258594,0,0,0,0,0,0,0,0,0,0,0,0,0,0,0,0,0,0,0,0,0,0,0,0,0,0,0.262606,-0.539205,0.317812,1.0614,-0.184923,-0.129194,0.282075,1.39267,0.385303,0.66426,-0.11059,-0.213969,0.285172,0.0462359,1
28539.6,-0.624189,0.0238328,0.748687,-2.38638,-2.00954,1.95711,0.132853,-0.00941191,0.0283371,-0.999544,0,0.764644,0.644343,0.0110671,0,0.644375,-0.764207,-0.0277328,0,0.580147,-0.0752342,0.343708,1,-0.624236,0.0238419,0.748647,-2.38638,-2.00953,1.95709,0.132872,0.00235721,-0.00022034,0.00393223,5.15493e-05,-0.000778325,0.00195103,-0.0033175,0,0,0,0,0,0,0,-0.208429,-19.8343,0.235856,18.9335,-0.607826,-1.40425,0.0791503,0,0,0,0,0,0,0,0,0,0,0,0,0,0,0,0,0,0,0,0,0,0,0,0,0,0,0.147955,-0.226282,0.193545,0.961508,-0.157198,-0.115,0.248053,2.15999,0.253284,-0.0256476,-0.0831951,0.439141,0.168727,0.0462359,1
28539.6,-0.623719,0.0237537,0.748867,-2.38632,-2.00956,1.95744,0.132858,-0.00946548,0.0284804,-0.99954,0,0.764087,0.645002,0.0111426,0,0.645035,-0.763645,-0.0278673,0,0.580228,-0.0748025,0.343727,1,-0.624236,0.0238419,0.748647,-2.38638,-2.00953,1.95709,0.132872,0.0178728,-0.0088544,0.0119743,0.00221046,-0.000974912,0.0125883,-0.00151601,0,0,0,0,0,0,0,-0.386957,-19.5288,0.0890663,18.6717,-0.499794,-1.35481,0.0196411,0,0,0,0,0,0,0,0,0,0,0,0,0,0,0,0,0,0,0,0,0,0,0,0,0,0,-0.613936,0.314704,-0.537441,0.349798,-0.0722362,-0.175428,0.119631,2.25845,-1.11963,-1.14685,0.330253,1.16926,-0.572405,0.0462359,1
28539.7,-0.622634,0.023037,0.749602,-2.38615,-2.0096,1.958,0.132883,-0.00902999,0.0284162,-0.999546,0,0.762665,0.646677,0.0114945,0,0.646722,-0.762229,-0.0275121,0,0.580432,-0.0736464,0.344092,1,-0.624236,0.0238419,0.748647,-2.38638,-2.00953,1.95709,0.132872,0.0414723,-0.0338459,0.0309333,0.0052181,-0.00430105,0.0122937,0.00257481,0,0,0,0,0,0,0,-0.386957,-19.4931,0.0890663,18.7113,-0.454933,-1.27516,-0.100293,0,0,0,0,0,0,0,0,0,0,0,0,0,0,0,0,0,0,0,0,0,0,0,0,0,0,-1.36011,1.16065,-1.25211,-0.175624,0.022655,-0.200638,0.03269,3.57772,-2.37714,-3.0249,0.715055,2.6732,-1.29536,0.0462352,1
28539.7,-0.620735,0.0213135,0.750876,-2.38616,-2.0098,1.95809,0.13287,-0.00775006,0.0273198,-0.999587,0,0.760462,0.649259,0.0118489,0,0.649327,-0.760071,-0.0258079,0,0.580667,-0.071764,0.344987,1,-0.624236,0.0238419,0.748647,-2.38638,-2.00953,1.95709,0.132872,0.0658791,-0.0660753,0.0459444,-0.000782794,-0.00766382,0.000766938,-0.000555577,0,0,0,0,0,0,0,-0.386957,-19.3027,0.0136879,18.8978,-0.536415,-1.33467,0.00957027,0,0,0,0,0,0,0,0,0,0,0,0,0,0,0,0,0,0,0,0,0,0,0,0,0,0,-1.55296,1.48272,-1.45151,-0.219999,0.0886113,-0.161135,0.00613652,4.47183,-2.64075,-3.56777,0.84172,3.33705,-1.49027,0.0462352,1
28539.7,-0.617937,0.018499,0.75275,-2.38616,-2.00983,1.95809,0.132851,-0.00557365,0.0256501,-0.999646,0,0.757375,0.652845,0.0125287,0,0.652948,-0.757051,-0.0230659,0,0.58097,-0.0690272,0.346447,1,-0.624236,0.0238419,0.748647,-2.38638,-2.00953,1.95709,0.132872,0.0993134,-0.0948678,0.0619387,-0.000106813,0.000713473,0.00015929,-0.00198182,0,0,0,0,0,0,0,-0.458368,-19.4535,-0.0616905,18.8978,-0.562965,-1.34474,0.099292,0,0,0,0,0,0,0,0,0,0,0,0,0,0,0,0,0,0,0,0,0,0,0,0,0,0,-1.94231,1.78622,-1.85904,-0.34393,0.0782764,-0.186707,0.0255963,5.17173,-3.47846,-4.32201,1.11687,3.94171,-1.8881,0.0462352,1
28539.8,-0.614085,0.0147136,0.755487,-2.3862,-2.00984,1.95808,0.132851,-0.00265707,0.0234553,-0.999712,0,0.75302,0.657846,0.013433,0,0.657984,-0.752782,-0.0194106,0,0.581354,-0.0651706,0.348384,1,-0.624236,0.0238419,0.748647,-2.38638,-2.00953,1.95709,0.132872,0.116784,-0.122413,0.104282,-0.00096502,-0.000877347,-0.00183776,0.000982446,0,0,0,0,0,0,0,-0.605157,-19.4535,-0.248153,19.12,-0.527259,-1.26509,0.0196411,0,0,0,0,0,0,0,0,0,0,0,0,0,0,0,0,0,0,0,0,0,0,0,0,0,0,-2.27351,1.80354,-2.20261,-0.24989,0.0715789,-0.212581,0.0565678,5.54418,-4.225,-4.26341,1.41547,4.04576,-2.22827,0.0462352,1
28539.8,-0.609802,0.0106082,0.760267,-2.38624,-2.00981,1.95809,0.132832,0.000481708,0.0211413,-0.999767,0,0.746988,0.664666,0.0144151,0,0.664829,-0.746836,-0.0154724,0,0.581853,-0.0598635,0.350483,1,-0.624236,0.0238419,0.748647,-2.38638,-2.00953,1.95709,0.132872,0.13082,-0.127654,0.16669,-0.00250066,2.59167e-05,0.00429038,-0.00169206,0,0,0,0,0,0,0,-0.533746,-19.0726,-0.323531,19.1596,-0.616981,-1.33467,0.109363,0,0,0,0,0,0,0,0,0,0,0,0,0,0,0,0,0,0,0,0,0,0,0,0,0,0,-2.62985,1.358,-2.57482,0.0742942,0.0296564,-0.274086,0.0643244,5.12585,-5.16063,-2.9597,1.82585,3.2878,-2.59745,0.0462352,1
28539.8,-0.60428,0.00607203,0.766792,-2.38642,-2.00974,1.95807,0.132697,0.00371983,0.0185453,-0.999811,0,0.738916,0.673611,0.0152438,0,0.67378,-0.738848,-0.0111979,0,0.582401,-0.0528198,0.352721,1,-0.624236,0.0238419,0.748647,-2.38638,-2.00953,1.95709,0.132872,0.185413,-0.136854,0.209957,-0.0104767,-0.000401112,-0.000829974,-0.0123945,0,0,0,0,0,0,0,-0.569452,-19.0726,-0.434615,19.1953,-0.698463,-1.24495,0.0791503,0,0,0,0,0,0,0,0,0,0,0,0,0,0,0,0,0,0,0,0,0,0,0,0,0,0,-3.21684,1.43541,-3.16698,0.119002,-0.0601223,-0.337321,0.0835047,5.77411,-6.54847,-3.12877,2.3018,3.58289,-3.18862,0.0462352,1
28539.9,-0.597981,0.00129251,0.774686,-2.38691,-2.00962,1.95801,0.132233,0.00663758,0.0155821,-0.999847,0,0.729315,0.683988,0.0155012,0,0.684138,-0.729321,-0.00682438,0,0.582855,-0.0445383,0.354921,1,-0.624236,0.0238419,0.748647,-2.38638,-2.00953,1.95709,0.132872,0.176645,-0.143568,0.255749,-0.0156575,0.00515106,-0.00964076,-0.0120635,0,0,0,0,0,0,0,-0.386957,-18.6917,-0.470321,19.1596,-0.761634,-1.16621,0.139575,0,0,0,0,0,0,0,0,0,0,0,0,0,0,0,0,0,0,0,0,0,0,0,0,0,0,-2.54847,0.944612,-2.51076,0.470505,-0.128541,-0.238258,0.0928551,5.14102,-5.31789,-1.86948,1.93041,2.74598,-2.52878,0.0462352,1
28539.9,-0.591398,-0.00355335,0.783697,-2.38775,-2.00899,1.95758,0.132071,0.00963436,0.012897,-0.999861,0,0.719018,0.694796,0.0158903,0,0.694918,-0.719085,-0.00257932,0,0.58307,-0.0355531,0.356963,1,-0.624236,0.0238419,0.748647,-2.38638,-2.00953,1.95709,0.132872,0.204324,-0.147057,0.269653,-0.0282098,0.0252376,-0.00955261,-5.75858e-05,0,0,0,0,0,0,0,-0.498041,-18.4616,-0.434615,19.0446,-0.77079,-1.23579,0.0599243,0,0,0,0,0,0,0,0,0,0,0,0,0,0,0,0,0,0,0,0,0,0,0,0,0,0,-2.11119,0.76578,-2.09589,0.644034,-0.187949,-0.151457,0.0913004,5.06671,-4.50472,-1.39544,1.66353,2.49979,-2.10365,0.0462359,1
28539.9,-0.584359,-0.00866045,0.793516,-2.38918,-2.00816,1.95726,0.131799,0.0121346,0.0100933,-0.999866,0,0.707726,0.706299,0.0157189,0,0.706376,-0.707835,0.0014274,0,0.58299,-0.0258604,0.358788,1,-0.624236,0.0238419,0.748647,-2.38638,-2.00953,1.95709,0.132872,0.217934,-0.154785,0.298324,-0.0473824,0.0222529,0.000381966,-0.0100652,0,0,0,0,0,0,0,-0.676569,-18.3109,-0.771835,19.0446,-0.788185,-1.28523,0.119434,0,0,0,0,0,0,0,0,0,0,0,0,0,0,0,0,0,0,0,0,0,0,0,0,0,0,-2.01957,0.735838,-1.99734,0.675254,-0.213376,-0.162866,0.108748,5.17375,-4.23601,-1.43486,1.53791,2.52088,-2.0095,0.0462359,1
28540,-0.576735,-0.0140524,0.804095,-2.39113,-2.00757,1.95724,0.131703,0.0143759,0.00717226,-0.999861,0,0.695046,0.718793,0.0151494,0,0.718815,-0.69518,0.00534833,0,0.58264,-0.0153572,0.360438,1,-0.624236,0.0238419,0.748647,-2.38638,-2.00953,1.95709,0.132872,0.235175,-0.163368,0.315661,-0.0585754,0.0150737,-0.0024597,-0.00109924,0,0,0,0,0,0,0,-0.605157,-17.5492,-0.732162,18.8224,-0.79734,-1.24495,0.139575,0,0,0,0,0,0,0,0,0,0,0,0,0,0,0,0,0,0,0,0,0,0,0,0,0,0,-1.71664,0.709143,-1.69477,0.511917,-0.203252,-0.127283,0.110772,4.59991,-3.56413,-1.49953,1.26288,2.32838,-1.70803,0.0462359,1
28540,-0.568931,-0.0195536,0.815626,-2.39347,-2.00648,1.95725,0.131544,0.0162345,0.00437891,-0.999849,0,0.681586,0.731586,0.0142709,0,0.731552,-0.681728,0.0088925,0,0.581951,-0.0042833,0.361856,1,-0.624236,0.0238419,0.748647,-2.38638,-2.00953,1.95709,0.132872,0.236838,-0.162348,0.344003,-0.0744929,0.0458601,0.00139798,-0.0110383,0,0,0,0,0,0,0,-0.676569,-17.4738,-1.03368,18.9335,-0.779029,-1.33467,0.129504,0,0,0,0,0,0,0,0,0,0,0,0,0,0,0,0,0,0,0,0,0,0,0,0,0,0,-1.60088,0.611458,-1.58535,0.515896,-0.233877,-0.116718,0.121144,4.348,-3.36815,-1.32207,1.18845,2.13097,-1.59595,0.0462359,1
28540,-0.560339,-0.0249957,0.828107,-2.39579,-2.00494,1.95727,0.131078,0.0178023,0.00167989,-0.99983,0,0.666852,0.745062,0.0131253,0,0.744972,-0.666985,0.0121438,0,0.581007,0.00773017,0.363155,1,-0.624236,0.0238419,0.748647,-2.38638,-2.00953,1.95709,0.132872,0.259782,-0.156921,0.391048,-0.0586916,0.0390923,0.0026762,-0.0141078,0,0,0,0,0,0,0,-0.859064,-17.208,-1.29552,18.8224,-0.716774,-1.37404,0.099292,0,0,0,0,0,0,0,0,0,0,0,0,0,0,0,0,0,0,0,0,0,0,0,0,0,0,-1.85153,0.643869,-1.84929,0.156655,-0.19021,-0.144449,0.129434,3.5219,-3.99474,-1.4357,1.40296,1.88708,-1.8543,0.0462359,1
28540.1,-0.55122,-0.0300598,0.841909,-2.39729,-2.00436,1.95727,0.130471,0.0199496,-0.00136674,-0.99979,0,0.649925,0.759892,0.0119297,0,0.759731,-0.65004,0.0160482,0,0.580089,0.0209372,0.364705,1,-0.624236,0.0238419,0.748647,-2.38638,-2.00953,1.95709,0.132872,0.282903,-0.140186,0.416448,-0.0263123,0.00914721,0.000818915,-0.0248209,0,0,0,0,0,0,0,-0.640863,-16.8271,-1.29552,18.8224,-0.743324,-1.37404,0.0690795,0,0,0,0,0,0,0,0,0,0,0,0,0,0,0,0,0,0,0,0,0,0,0,0,0,0,-2.07646,0.745731,-2.06055,-0.315958,-0.116146,-0.16534,0.14068,2.60382,-4.52805,-1.77081,1.55908,1.71087,-2.07451,0.0462366,1
28540.1,-0.541577,-0.0347323,0.856794,-2.39785,-2.0043,1.95727,0.128973,0.0222725,-0.00496677,-0.99973,0,0.631137,0.775592,0.0102075,0,0.775346,-0.631206,0.0204094,0,0.579125,0.0351834,0.366521,1,-0.624236,0.0238419,0.748647,-2.38638,-2.00953,1.95709,0.132872,0.284831,-0.134173,0.450319,-0.00701794,0.00105628,-0.000380875,-0.0611519,0,0,0,0,0,0,0,-0.533746,-16.6327,-1.25584,18.9335,-0.779029,-1.35481,0.139575,0,0,0,0,0,0,0,0,0,0,0,0,0,0,0,0,0,0,0,0,0,0,0,0,0,0,-1.72214,0.743154,-1.71977,-0.363603,-0.120983,-0.116238,0.153656,2.42897,-3.77073,-1.90575,1.24515,1.68195,-1.72905,0.0462366,1
28540.1,-0.531527,-0.0393056,0.87254,-2.39782,-2.004,1.95728,0.126695,0.0246208,-0.00878017,-0.999649,0,0.611117,0.791487,0.00809966,0,0.791153,-0.611113,0.0248533,0,0.577882,0.0501727,0.368481,1,-0.624236,0.0238419,0.748647,-2.38638,-2.00953,1.95709,0.132872,0.301547,-0.130697,0.485174,0.00352988,0.00809756,-0.0012828,-0.0647091,0,0,0,0,0,0,0,-0.640863,-15.9504,-1.44231,18.5249,-0.806495,-1.33467,0.0892211,0,0,0,0,0,0,0,0,0,0,0,0,0,0,0,0,0,0,0,0,0,0,0,0,0,0,-1.96111,0.806572,-1.95342,-0.241218,-0.168621,-0.153726,0.158692,3.36658,-4.09052,-2.06265,1.3168,2.08291,-1.96796,0.0462366,1
28540.2,-0.521047,-0.0440163,0.888769,-2.39763,-2.00345,1.95725,0.124655,0.0274801,-0.0122572,-0.999538,0,0.590126,0.807274,0.00632472,0,0.806839,-0.590038,0.0294178,0,0.57621,0.0656465,0.370508,1,-0.624236,0.0238419,0.748647,-2.38638,-2.00953,1.95709,0.132872,0.304343,-0.143005,0.476469,0.00203704,0.020801,-0.000454347,-0.0532327,0,0,0,0,0,0,0,-0.422662,-15.4901,-1.25584,18.6717,-0.77079,-1.28523,0.0690795,0,0,0,0,0,0,0,0,0,0,0,0,0,0,0,0,0,0,0,0,0,0,0,0,0,0,-1.11224,0.806879,-1.08779,-0.30211,-0.197636,-0.0278092,0.121061,2.95735,-2.21749,-2.33962,0.512986,2.04424,-1.11611,0.0462366,1
28540.2,-0.510707,-0.0489478,0.904914,-2.39745,-2.00248,1.95725,0.123034,0.0307543,-0.0152116,-0.999402,0,0.569144,0.822211,0.00499944,0,0.821659,-0.568968,0.0339448,0,0.574097,0.0809093,0.372528,1,-0.624236,0.0238419,0.748647,-2.38638,-2.00953,1.95709,0.132872,0.303107,-0.147825,0.471879,0.00076474,0.0377994,-0.000442497,-0.0396612,0,0,0,0,0,0,0,-0.172723,-15.149,-1.22014,18.6717,-0.788185,-1.2953,0.0297119,0,0,0,0,0,0,0,0,0,0,0,0,0,0,0,0,0,0,0,0,0,0,0,0,0,0,-0.715522,0.579478,-0.703175,-0.0802947,-0.207081,0.00568642,0.0942479,2.62715,-1.34992,-1.71552,0.250868,1.64984,-0.723068,0.0462366,1
28540.2,-0.500524,-0.0541409,0.921176,-2.39744,-2.0007,1.95728,0.122026,0.0342761,-0.017293,-0.999253,0,0.548285,0.836269,0.00433473,0,0.835585,-0.548034,0.0381463,0,0.571473,0.0959912,0.374431,1,-0.624236,0.0238419,0.748647,-2.38638,-2.00953,1.95709,0.132872,0.29525,-0.158471,0.483016,-0.00109097,0.0740483,0.00388256,-0.0242876,0,0,0,0,0,0,0,-0.640863,-14.6927,-1.8549,18.7113,-0.897133,-1.41432,0.0892211,0,0,0,0,0,0,0,0,0,0,0,0,0,0,0,0,0,0,0,0,0,0,0,0,0,0,-0.68086,0.641672,-0.656748,-0.0355822,-0.241519,-0.00775545,0.07426,3.18268,-1.00059,-2.00517,0.0172853,1.96343,-0.688285,0.0462366,1
28540.3,-0.490458,-0.0595947,0.937282,-2.39745,-1.99746,1.95732,0.121736,0.0380078,-0.0179483,-0.999107,0,0.528167,0.849115,0.00483865,0,0.848286,-0.527889,0.0417535,0,0.568374,0.110689,0.376233,1,-0.624236,0.0238419,0.748647,-2.38638,-2.00953,1.95709,0.132872,0.297246,-0.162242,0.465729,0.00105383,0.119144,0.0079193,0.000799364,0,0,0,0,0,0,0,-0.533746,-14.2365,-1.70415,18.747,-0.897133,-1.48299,-0.00050053,0,0,0,0,0,0,0,0,0,0,0,0,0,0,0,0,0,0,0,0,0,0,0,0,0,0,-0.100679,0.552271,-0.0804983,-0.0102554,-0.299418,0.0302659,0.0622552,2.77176,0.231632,-2.15108,-0.545248,1.79782,-0.11512,0.0462366,1
28540.3,-0.480494,-0.0653338,0.952972,-2.39742,-1.99257,1.95771,0.121735,0.0414099,-0.0172805,-0.998983,0,0.509005,0.86073,0.00621032,0,0.859764,-0.508755,0.0444395,0,0.564854,0.124886,0.377889,1,-0.624236,0.0238419,0.748647,-2.38638,-2.00953,1.95709,0.132872,0.302283,-0.167466,0.458033,0.000303592,0.151151,0.023454,0.00108811,0,0,0,0,0,0,0,-0.569452,-13.8913,-1.93028,18.6359,-0.79734,-1.56264,0.00957027,0,0,0,0,0,0,0,0,0,0,0,0,0,0,0,0,0,0,0,0,0,0,0,0,0,0,-0.336586,0.480761,-0.293044,-0.013145,-0.311951,-0.0584376,0.0498795,2.84565,-0.131989,-2.07222,-0.450441,1.74702,-0.341283,0.0462366,1
28540.3,-0.470298,-0.0707571,0.968777,-2.39731,-1.98698,1.95866,0.12172,0.0439016,-0.0157712,-0.998902,0,0.489407,0.87201,0.00774162,0,0.870947,-0.489219,0.0460021,0,0.560919,0.139196,0.379206,1,-0.624236,0.0238419,0.748647,-2.38638,-2.00953,1.95709,0.132872,0.299963,-0.159153,0.461116,0.00612595,0.181224,0.0263226,-0.000369833,0,0,0,0,0,0,0,-0.351251,-13.3954,-1.81523,18.7113,-0.815651,-1.47292,0.099292,0,0,0,0,0,0,0,0,0,0,0,0,0,0,0,0,0,0,0,0,0,0,0,0,0,0,-0.628801,0.363025,-0.583011,-0.0652719,-0.259506,-0.137151,0.0626613,2.45078,-0.808557,-1.69257,-0.122184,1.42235,-0.628445,0.0462366,1
28540.4,-0.45996,-0.0759029,0.98473,-2.3972,-1.98001,1.96011,0.121695,0.0452171,-0.0131539,-0.998881,0,0.469884,0.882665,0.00964711,0,0.881567,-0.469803,0.0460932,0,0.556507,0.153472,0.380101,1,-0.624236,0.0238419,0.748647,-2.38638,-2.00953,1.95709,0.132872,0.303329,-0.138988,0.467159,-0.000328262,0.206329,0.0472748,0.000629864,0,0,0,0,0,0,0,-0.351251,-13.1296,-1.89061,18.747,-0.869667,-1.43355,0.0690795,0,0,0,0,0,0,0,0,0,0,0,0,0,0,0,0,0,0,0,0,0,0,0,0,0,0,-0.788355,0.0812377,-0.77147,0.135799,-0.259705,-0.182371,0.0776962,2.00901,-1.41891,-0.670385,0.341884,0.824329,-0.787875,0.0462366,1
28540.4,-0.449192,-0.0804993,1.00096,-2.39704,-1.97246,1.96246,0.12169,0.0450968,-0.00962901,-0.998927,0,0.449376,0.893256,0.0116768,0,0.892202,-0.449429,0.0446109,0,0.55161,0.168081,0.380499,1,-0.624236,0.0238419,0.748647,-2.38638,-2.00953,1.95709,0.132872,0.32685,-0.123128,0.483979,0.0111675,0.221562,0.0731401,-0.00271936,0,0,0,0,0,0,0,-0.640863,-12.6734,-2.48967,18.5606,-0.923683,-1.46376,0.109363,0,0,0,0,0,0,0,0,0,0,0,0,0,0,0,0,0,0,0,0,0,0,0,0,0,0,-1.11067,0.174397,-1.06753,-0.0559639,-0.273882,-0.195235,0.0723359,2.2404,-2.116,-0.89791,0.546159,1.01721,-1.10095,0.0462366,1
28540.4,-0.437957,-0.0843761,1.01764,-2.39654,-1.96417,1.96472,0.121697,0.0441998,-0.00530289,-0.998999,0,0.428297,0.903517,0.0141536,0,0.902554,-0.428502,0.0422073,0,0.546236,0.183,0.380621,1,-0.624236,0.0238419,0.748647,-2.38638,-2.00953,1.95709,0.132872,0.330295,-0.102516,0.493507,0.0195257,0.27012,0.05217,-0.00129502,0,0,0,0,0,0,0,-0.422662,-12.1378,-2.18816,18.5249,-0.860511,-1.35481,0.0498535,0,0,0,0,0,0,0,0,0,0,0,0,0,0,0,0,0,0,0,0,0,0,0,0,0,0,-1.00164,-0.00726421,-0.975668,-0.150273,-0.301777,-0.143534,0.0628485,1.21432,-2.5784,-0.27348,0.867063,0.393983,-0.989526,0.0462359,1
28540.5,-0.426318,-0.0878423,1.03461,-2.39538,-1.95373,1.96533,0.121716,0.0436259,0.000165305,-0.999038,0,0.408611,0.912521,0.0179942,0,0.911664,-0.409011,0.0397428,0,0.540409,0.197753,0.380879,1,-0.624236,0.0238419,0.748647,-2.38638,-2.00953,1.95709,0.132872,0.353338,-0.0937413,0.499058,0.0430768,0.339539,-0.0068149,0.00126001,0,0,0,0,0,0,0,-0.315546,-11.7966,-2.15245,18.3344,-1.06834,-1.19551,-0.0398682,0,0,0,0,0,0,0,0,0,0,0,0,0,0,0,0,0,0,0,0,0,0,0,0,0,0,-1.15284,0.347634,-1.07442,-0.6202,-0.33298,-0.0456561,0.0222944,1.72307,-2.82716,-1.37422,0.656884,1.08736,-1.13594,0.0462359,1
28540.5,-0.414592,-0.0907358,1.05158,-2.39311,-1.94007,1.96531,0.121713,0.0423681,0.00807796,-0.99906,0,0.391009,0.920063,0.0240211,0,0.919409,-0.391667,0.0358234,0,0.534285,0.212128,0.381166,1,-0.624236,0.0238419,0.748647,-2.38638,-2.00953,1.95709,0.132872,0.343273,-0.0794003,0.494007,0.0816128,0.446665,0.00100031,0.00094286,0,0,0,0,0,0,0,-0.533746,-11.5308,-2.63646,18.4098,-1.03172,-1.35481,-0.0105713,0,0,0,0,0,0,0,0,0,0,0,0,0,0,0,0,0,0,0,0,0,0,0,0,0,0,-0.314659,0.127679,-0.259557,-0.959902,-0.383794,0.102897,0.00820922,-0.688809,-2.45184,-1.14367,0.533791,0.0362736,-0.304066,0.0462359,1
28540.5,-0.402732,-0.0929645,1.06847,-2.38973,-1.92368,1.96531,0.121714,0.0399071,0.0183891,-0.999025,0,0.374906,0.926499,0.0320301,0,0.926202,-0.375825,0.0300803,0,0.527883,0.226264,0.381385,1,-0.624236,0.0238419,0.748647,-2.38638,-2.00953,1.95709,0.132872,0.348803,-0.0566467,0.495363,0.113174,0.504515,0.00131156,0.0010794,0,0,0,0,0,0,0,-0.74798,-10.9198,-2.71184,18.4098,-0.860511,-1.34474,-0.0206421,0,0,0,0,0,0,0,0,0,0,0,0,0,0,0,0,0,0,0,0,0,0,0,0,0,0,-0.578199,0.164439,-0.524627,-1.05078,-0.410262,0.0575118,0.0140932,-0.291779,-3.01139,-1.31033,0.688338,0.216628,-0.571618,0.0462359,1
28540.6,-0.390792,-0.0949145,1.08545,-2.38521,-1.90571,1.9653,0.121702,0.0369204,0.0302916,-0.998849,0,0.359462,0.932224,0.0415578,0,0.932428,-0.36059,0.0235298,0,0.521212,0.240381,0.381823,1,-0.624236,0.0238419,0.748647,-2.38638,-2.00953,1.95709,0.132872,0.353966,-0.0559525,0.490572,0.147529,0.528663,0.000378939,-0.00114758,0,0,0,0,0,0,0,-0.315546,-10.4993,-2.41429,18.8224,-0.707618,-1.3246,0.0892211,0,0,0,0,0,0,0,0,0,0,0,0,0,0,0,0,0,0,0,0,0,0,0,0,0,0,-0.535083,0.414729,-0.444461,-1.13858,-0.347726,0.0749235,0.00786881,0.498701,-2.15114,-2.231,0.0898266,0.873452,-0.531014,0.0462359,1
28540.6,-0.379143,-0.0964058,1.10219,-2.38002,-1.88829,1.96525,0.121707,0.0337101,0.0423688,-0.998524,0,0.344006,0.937549,0.0513952,0,0.938361,-0.345238,0.01703,0,0.514438,0.254254,0.382422,1,-0.624236,0.0238419,0.748647,-2.38638,-2.00953,1.95709,0.132872,0.351851,-0.0419228,0.478782,0.158123,0.474264,-0.00460298,0.0023377,0,0,0,0,0,0,0,-0.458368,-10.0431,-2.60075,18.7113,-0.806495,-1.1067,-0.00050053,0,0,0,0,0,0,0,0,0,0,0,0,0,0,0,0,0,0,0,0,0,0,0,0,0,0,-0.0692817,0.0580525,-0.013656,-0.750089,-0.257434,0.104286,0.0451043,-0.851091,-1.75195,-0.87096,0.387746,-0.139626,-0.0525444,0.0462359,1
28540.6,-0.367418,-0.0976749,1.11877,-2.37452,-1.87213,1.96487,0.121701,0.0306977,0.0538358,-0.998068,0,0.32784,0.942756,0.0609356,0,0.944233,-0.329083,0.0112911,0,0.507413,0.268084,0.383227,1,-0.624236,0.0238419,0.748647,-2.38638,-2.00953,1.95709,0.132872,0.344635,-0.0344823,0.476438,0.16272,0.461891,-0.021575,-0.000364382,0,0,0,0,0,0,0,-0.244134,-9.81693,-2.56505,18.7113,-0.752479,-1.09663,0.0498535,0,0,0,0,0,0,0,0,0,0,0,0,0,0,0,0,0,0,0,0,0,0,0,0,0,0,-0.080195,0.144471,-0.0439263,-0.630682,-0.217084,0.161622,0.0467713,-0.386038,-1.4959,-0.815293,0.335726,0.0902226,-0.0733078,0.0462359,1
28540.7,-0.356455,-0.0986995,1.13498,-2.3687,-1.85707,1.9641,0.121674,0.0279281,0.0647892,-0.997498,0,0.312095,0.947438,0.0702758,0,0.949639,-0.313283,0.00623984,0,0.500422,0.281314,0.384237,1,-0.624236,0.0238419,0.748647,-2.38638,-2.00953,1.95709,0.132872,0.319351,-0.0321839,0.466573,0.164731,0.425978,-0.0141589,0.000158148,0,0,0,0,0,0,0,-0.244134,-9.32102,-2.78722,18.5606,-0.788185,-1.09663,0.099292,0,0,0,0,0,0,0,0,0,0,0,0,0,0,0,0,0,0,0,0,0,0,0,0,0,0,0.382765,-0.017916,0.379136,-0.462504,-0.1951,0.217437,0.0757682,-1.31054,-1.03493,-0.330661,0.342475,-0.454786,0.381948,0.0462359,1
28540.7,-0.345884,-0.0995098,1.15074,-2.36289,-1.84354,1.96373,0.121606,0.0248527,0.0749779,-0.996866,0,0.295807,0.951967,0.0789756,0,0.954924,-0.296848,0.00147997,0,0.493358,0.294195,0.385252,1,-0.624236,0.0238419,0.748647,-2.38638,-2.00953,1.95709,0.132872,0.303681,-0.0230617,0.463213,0.173055,0.378571,-0.00677352,0.00390096,0,0,0,0,0,0,0,-0.13305,-9.01554,-2.52537,19.0089,-0.851356,-1.02705,0.00957027,0,0,0,0,0,0,0,0,0,0,0,0,0,0,0,0,0,0,0,0,0,0,0,0,0,0,0.308308,-0.0842082,0.296664,-0.383854,-0.21007,0.194358,0.0963412,-1.28133,-1.33736,-0.0753407,0.56151,-0.557387,0.310855,0.0462359,1
28540.7,-0.33593,-0.100224,1.16616,-2.35674,-1.83035,1.96331,0.121552,0.0216838,0.0851824,-0.99612,0,0.280094,0.955935,0.0878432,0,0.959727,-0.280918,-0.00313084,0,0.486302,0.30656,0.386414,1,-0.624236,0.0238419,0.748647,-2.38638,-2.00953,1.95709,0.132872,0.280101,-0.0179013,0.458565,0.192953,0.386476,-0.0122154,-0.00453998,0,0,0,0,0,0,0,-0.172723,-8.78543,-2.60075,18.7113,-0.743324,-1.00783,0.168872,0,0,0,0,0,0,0,0,0,0,0,0,0,0,0,0,0,0,0,0,0,0,0,0,0,0,0.663133,-0.132002,0.644767,-0.485033,-0.214043,0.277227,0.0920278,-2.13406,-1.27986,-0.0428672,0.552828,-0.894176,0.664478,0.0462359,1
28540.8,-0.326741,-0.100601,1.18139,-2.3507,-1.81781,1.96302,0.120713,0.0177266,0.0942485,-0.995381,0,0.264762,0.959556,0.0955715,0,0.96415,-0.265239,-0.00794395,0,0.479231,0.318376,0.38743,1,-0.624236,0.0238419,0.748647,-2.38638,-2.00953,1.95709,0.132872,0.267201,-0.00384241,0.445816,0.169672,0.347847,-0.0051662,-0.0311642,0,0,0,0,0,0,0,-0.386957,-8.3292,-2.86259,19.0843,-0.842201,-0.948318,0.0892211,0,0,0,0,0,0,0,0,0,0,0,0,0,0,0,0,0,0,0,0,0,0,0,0,0,0,0.434853,-0.307816,0.376814,-0.0998211,-0.203339,0.212974,0.115877,-1.91708,-1.83033,1.04197,1.18963,-1.15787,0.44302,0.0462359,1
28540.8,-0.317774,-0.100726,1.1967,-2.34468,-1.80561,1.96245,0.12014,0.0135468,0.103287,-0.99455,0,0.249456,0.962841,0.103392,0,0.968291,-0.249502,-0.0127224,0,0.471935,0.329963,0.388402,1,-0.624236,0.0238419,0.748647,-2.38638,-2.00953,1.95709,0.132872,0.25799,-0.000275689,0.443268,0.186198,0.376597,-0.0267112,-0.00528905,0,0,0,0,0,0,0,-0.172723,-8.09909,-2.75151,19.1596,-0.887977,-0.908035,0.0690795,0,0,0,0,0,0,0,0,0,0,0,0,0,0,0,0,0,0,0,0,0,0,0,0,0,0,0.0286708,-0.0788186,-0.022943,-0.327221,-0.264297,0.228476,0.09336,0,0,0,0,0,0,0.0462372,1
28540.8,-0.309367,-0.100737,1.21176,-2.33818,-1.79167,1.96034,0.119816,0.00964651,0.113461,-0.993486,0,0.236975,0.964969,0.112505,0,0.971467,-0.236521,-0.0175792,0,0.464719,0.340685,0.389585,1,-0.624236,0.0238419,0.748647,-2.38638,-2.00953,1.95709,0.132872,0.243235,-0.0022375,0.441312,0.196735,0.435048,-0.0819655,-0.0154298,0,0,0,0,0,0,0,-0.315546,-7.75791,-2.93797,18.9335,-0.932838,-0.819229,0.189014,0,0,0,0,0,0,0,0,0,0,0,0,0,0,0,0,0,0,0,0,0,0,0,0,0,0,0.376461,-0.112247,0.306576,-0.602551,-0.318155,0.366138,0.0914417,0,0,0,0,0,0,0.0462372,1
28540.9,-0.301495,-0.100742,1.22688,-2.33106,-1.77551,1.95518,0.119107,0.00691779,0.124189,-0.992225,0,0.228241,0.96586,0.12248,0,0.97358,-0.227318,-0.0216638,0,0.457587,0.350446,0.391227,1,-0.624236,0.0238419,0.748647,-2.38638,-2.00953,1.95709,0.132872,0.219684,-0.000166582,0.439742,0.220916,0.499398,-0.209038,-0.0404918,0,0,0,0,0,0,0,0.0454774,-7.45243,-2.67613,19.3064,-1.05918,-0.739578,0.249438,0,0,0,0,0,0,0,0,0,0,0,0,0,0,0,0,0,0,0,0,0,0,0,0,0,0,0.505801,-0.0516703,0.420168,-0.823541,-0.350211,0.464373,0.113808,0,0,0,0,0,0,0.0462372,1
28540.9,-0.294348,-0.100762,1.24272,-2.32386,-1.75808,1.946,0.115771,0.00562026,0.132194,-0.991198,0,0.222881,0.966114,0.130112,0,0.974829,-0.221655,-0.0240342,0,0.450407,0.359261,0.393251,1,-0.624236,0.0238419,0.748647,-2.38638,-2.00953,1.95709,0.132872,0.199055,-0.00613471,0.462376,0.21075,0.528608,-0.29929,-0.141446,0,0,0,0,0,0,0,0.156561,-7.07157,-2.63646,19.2707,-0.923683,-0.739578,0.0690795,0,0,0,0,0,0,0,0,0,0,0,0,0,0,0,0,0,0,0,0,0,0,0,0,0,0,0.147576,-0.0531342,-0.0196037,-0.435387,-0.360311,0.397779,0.165738,0,0,0,0,0,0,0.0462372,1
28540.9,-0.287946,-0.100795,1.25857,-2.31683,-1.74079,1.93595,0.108999,0.00387122,0.136433,-0.990632,0,0.218729,0.966535,0.133969,0,0.975777,-0.217203,-0.0261008,0,0.443293,0.367421,0.395269,1,-0.624236,0.0238419,0.748647,-2.38638,-2.00953,1.95709,0.132872,0.177587,-0.000459416,0.46841,0.192397,0.488102,-0.306053,-0.247801,0,0,0,0,0,0,0,-0.208429,-6.655,-3.04906,19.1596,-0.734169,-0.799087,0.178943,0,0,0,0,0,0,0,0,0,0,0,0,0,0,0,0,0,0,0,0,0,0,0,0,0,0,0.579778,-0.296226,0.385102,0.0246637,-0.26848,0.399359,0.232208,0,0,0,0,0,0,0.0462372,1
28541,-0.282376,-0.100849,1.27487,-2.31062,-1.72582,1.92366,0.0981691,0.00332589,0.134482,-0.990901,0,0.214877,0.967663,0.13205,0,0.976635,-0.213365,-0.0256793,0,0.436213,0.374922,0.397402,1,-0.624236,0.0238419,0.748647,-2.38638,-2.00953,1.95709,0.132872,0.154625,-0.00288289,0.479374,0.172923,0.402238,-0.375299,-0.395902,0,0,0,0,0,0,0,-0.244134,-6.04404,-2.93797,19.4968,-0.79734,-0.680068,0.168872,0,0,0,0,0,0,0,0,0,0,0,0,0,0,0,0,0,0,0,0,0,0,0,0,0,0,0.486415,-0.246198,0.267974,0.109693,-0.18507,0.381153,0.259177,0,0,0,0,0,0,0.0462372,1
28541,-0.277116,-0.100937,1.29113,-2.30499,-1.71353,1.9096,0.0832698,0.00412596,0.126549,-0.991942,0,0.210766,0.969557,0.12457,0,0.977527,-0.209586,-0.0226723,0,0.429185,0.381958,0.399786,1,-0.624236,0.0238419,0.748647,-2.38638,-2.00953,1.95709,0.132872,0.160878,-0.000322339,0.476888,0.153516,0.326242,-0.453968,-0.474706,0,0,0,0,0,0,0,-0.244134,-5.85361,-3.04906,19.6079,-0.779029,-0.888809,0.239368,0,0,0,0,0,0,0,0,0,0,0,0,0,0,0,0,0,0,0,0,0,0,0,0,0,0,0.246424,-0.159415,0.0550922,0.295742,-0.118026,0.339468,0.253133,0,0,0,0,0,0,0.0462372,1
28541,-0.272361,-0.101113,1.30712,-2.3005,-1.7038,1.89403,0.0646884,0.00608871,0.112682,-0.993603,0,0.206873,0.971984,0.111498,0,0.978349,-0.206232,-0.017393,0,0.422314,0.388247,0.402148,1,-0.624236,0.0238419,0.748647,-2.38638,-2.00953,1.95709,0.132872,0.13255,-0.0058279,0.46296,0.122843,0.257898,-0.475342,-0.562253,0,0,0,0,0,0,0,-0.172723,-5.24265,-2.93797,19.4572,-0.779029,-0.829299,0.139575,0,0,0,0,0,0,0,0,0,0,0,0,0,0,0,0,0,0,0,0,0,0,0,0,0,0,0.81177,-0.261949,0.629022,0.379695,-0.0947007,0.416877,0.243173,0,0,0,0,0,0,0.0462366,1
28541.1,-0.268045,-0.101424,1.32282,-2.29681,-1.69694,1.87728,0.0442805,0.00989263,0.0949416,-0.995424,0,0.202788,0.974596,0.0949704,0,0.979172,-0.202804,-0.0096119,0,0.415634,0.393999,0.404675,1,-0.624236,0.0238419,0.748647,-2.38638,-2.00953,1.95709,0.132872,0.119626,-0.00801866,0.456417,0.0978429,0.16793,-0.494799,-0.602556,0,0,0,0,0,0,0,0.156561,-4.93717,-2.71184,19.6436,-0.806495,-0.977615,0.158801,0,0,0,0,0,0,0,0,0,0,0,0,0,0,0,0,0,0,0,0,0,0,0,0,0,0,0.674086,-0.214144,0.48868,0.4114,-0.0998616,0.346486,0.198836,0,0,0,0,0,0,0.0462366,1
28541.1,-0.264174,-0.101662,1.33775,-2.29381,-1.69245,1.86031,0.0235559,0.0149252,0.0754136,-0.997031,0,0.198775,0.977016,0.0768753,0,0.979931,-0.199336,-0.000408147,0,0.409312,0.399171,0.407206,1,-0.624236,0.0238419,0.748647,-2.38638,-2.00953,1.95709,0.132872,0.11202,-0.00783256,0.421785,0.0895757,0.105242,-0.465405,-0.57318,0,0,0,0,0,0,0,-0.208429,-4.48093,-2.8983,19.6833,-0.869667,-0.997756,0.0196411,0,0,0,0,0,0,0,0,0,0,0,0,0,0,0,0,0,0,0,0,0,0,0,0,0,0,0.85261,-0.249467,0.706538,0.237315,-0.112931,0.320629,0.145085,0,0,0,0,0,0,0.0462366,1
28541.2,-0.260759,-0.101954,1.35167,-2.29095,-1.68956,1.84479,0.00519754,0.0205745,0.0578066,-0.998106,0,0.194392,0.979034,0.0607091,0,0.980708,-0.195277,0.0089062,0,0.403399,0.404026,0.409735,1,-0.624236,0.0238419,0.748647,-2.38638,-2.00953,1.95709,0.132872,0.0821772,-0.00565737,0.391599,0.0837791,0.0787369,-0.434458,-0.48206,0,0,0,0,0,0,0,-0.172723,-4.21512,-2.93797,19.5326,-0.996009,-0.977615,-0.0700806,0,0,0,0,0,0,0,0,0,0,0,0,0,0,0,0,0,0,0,0,0,0,0,0,0,0,1.15477,-0.400344,1.02795,0.156537,-0.131652,0.268693,0.057298,0,0,0,0,0,0,0.0462372,1
28541.2,-0.258384,-0.102238,1.36457,-2.28817,-1.68706,1.83152,-0.00950563,0.025791,0.0440518,-0.998687,0,0.190374,0.98052,0.0481669,0,0.981373,-0.19137,0.0169026,0,0.398105,0.408364,0.412003,1,-0.624236,0.0238419,0.748647,-2.38638,-2.00953,1.95709,0.132872,0.0661691,-0.00870836,0.367866,0.0781974,0.0804311,-0.381741,-0.36349,0,0,0,0,0,0,0,-0.244134,-3.98502,-3.01335,19.5683,-1.05003,-1.17628,0.00957027,0,0,0,0,0,0,0,0,0,0,0,0,0,0,0,0,0,0,0,0,0,0,0,0,0,0,1.36377,-0.439987,1.26492,-0.0833559,-0.175526,0.232989,-0.00312625,0,0,0,0,0,0,0.0462372,1
28541.2,-0.256847,-0.102515,1.37612,-2.2856,-1.68364,1.82141,-0.019756,0.0291798,0.0353936,-0.998938,0,0.18694,0.981537,0.0402377,0,0.981938,-0.187919,0.0220251,0,0.393424,0.412123,0.413652,1,-0.624236,0.0238419,0.748647,-2.38638,-2.00953,1.95709,0.132872,0.02628,-0.00691555,0.319828,0.0698074,0.117812,-0.236852,-0.265178,0,0,0,0,0,0,0,-0.172723,-3.64383,-2.8983,19.5683,-1.1132,-1.19551,0.00957027,0,0,0,0,0,0,0,0,0,0,0,0,0,0,0,0,0,0,0,0,0,0,0,0,0,0,1.76527,-0.733078,1.63978,0.0841735,-0.24,0.208667,-0.0211477,0,0,0,0,0,0,0.0462372,1
28541.3,-0.256058,-0.102669,1.38621,-2.28294,-1.67872,1.81527,-0.0272002,0.0294589,0.0308006,-0.999082,0,0.183786,0.982308,0.0357026,0,0.982524,-0.184673,0.0232774,0,0.389369,0.415476,0.414609,1,-0.624236,0.0238419,0.748647,-2.38638,-2.00953,1.95709,0.132872,0.0182658,-0.00115462,0.28286,0.0752228,0.155611,-0.141429,-0.168671,0,0,0,0,0,0,0,-0.0616393,-3.41373,-2.8983,19.7944,-1.1489,-1.27516,0.0297119,0,0,0,0,0,0,0,0,0,0,0,0,0,0,0,0,0,0,0,0,0,0,0,0,0,0,1.44516,-0.616876,1.37125,-0.067355,-0.272869,0.0997149,-0.0143316,0,0,0,0,0,0,0.0462372,1
28541.3,-0.255612,-0.102697,1.39505,-2.28044,-1.67217,1.81239,-0.0313819,0.0269401,0.0303595,-0.999166,0,0.180847,0.982888,0.034741,0,0.983142,-0.181636,0.020989,0,0.385724,0.41848,0.414823,1,-0.624236,0.0238419,0.748647,-2.38638,-2.00953,1.95709,0.132872,0.0129273,-0.00899485,0.234272,0.0743322,0.215142,-0.0384781,-0.0849673,0,0,0,0,0,0,0,-0.208429,-3.03287,-2.93797,19.9809,-1.12235,-1.19551,-0.0206421,0,0,0,0,0,0,0,0,0,0,0,0,0,0,0,0,0,0,0,0,0,0,0,0,0,0,1.31012,-0.631068,1.23336,0.16815,-0.291677,0.0240227,0.0183126,0,0,0,0,0,0,0.0462372,1
28541.3,-0.255255,-0.102711,1.40157,-2.27835,-1.6652,1.81214,-0.033645,0.0226292,0.0320467,-0.999221,0,0.178627,0.983264,0.0355802,0,0.983656,-0.179296,0.0165264,0,0.382875,0.420815,0.414528,1,-0.624236,0.0238419,0.748647,-2.38638,-2.00953,1.95709,0.132872,0.00519967,-0.00066441,0.199323,0.0576066,0.222547,-6.38018e-05,-0.0553705,0,0,0,0,0,0,0,-0.0973449,-3.07254,-2.78722,19.7944,-1.1132,-1.19551,-0.0105713,0,0,0,0,0,0,0,0,0,0,0,0,0,0,0,0,0,0,0,0,0,0,0,0,0,0,1.43212,-0.662477,1.37541,0.329439,-0.264999,0.0558867,0.0335549,0,0,0,0,0,0,0.0462372,1
28541.4,-0.254701,-0.102736,1.40789,-2.27643,-1.65758,1.81221,-0.0354431,0.0176767,0.0342956,-0.999246,0,0.176609,0.98358,0.0368822,0,0.984122,-0.177131,0.0113298,0,0.379968,0.423065,0.414031,1,-0.624236,0.0238419,0.748647,-2.38638,-2.00953,1.95709,0.132872,0.0207973,-0.00111771,0.150247,0.0444666,0.184436,0.000860444,-0.0374565,0,0,0,0,0,0,0,-0.244134,-2.76706,-2.93797,19.719,-1.05003,-1.21565,0.0791503,0,0,0,0,0,0,0,0,0,0,0,0,0,0,0,0,0,0,0,0,0,0,0,0,0,0,1.04487,-0.483855,1.06951,0.181008,-0.230982,0.0367014,0.0532142,0,0,0,0,0,0,0.0462372,1
28541.4,-0.253994,-0.10273,1.41234,-2.27513,-1.65186,1.8124,-0.0370159,0.0137213,0.0356574,-0.99926,0,0.175006,0.983843,0.0375103,0,0.984471,-0.175394,0.00725951,0,0.377755,0.424729,0.413576,1,-0.624236,0.0238419,0.748647,-2.38638,-2.00953,1.95709,0.132872,0.016822,0.000441589,0.122143,0.0313684,0.147687,0.00882084,-0.0501949,0,0,0,0,0,0,0,-0.172723,-2.76706,-2.93797,19.7547,-0.960304,-1.22572,0.0397827,0,0,0,0,0,0,0,0,0,0,0,0,0,0,0,0,0,0,0,0,0,0,0,0,0,0,0.934989,-0.430204,0.956457,0.16369,-0.182646,0.00894791,0.0875236,0,0,0,0,0,0,0.0462366,1
28541.4,-0.253228,-0.102732,1.41595,-2.27431,-1.64807,1.81282,-0.0387888,0.010716,0.035767,-0.999293,0,0.172795,0.98425,0.0370816,0,0.984899,-0.173074,0.00436693,0,0.375857,0.426234,0.413185,1,-0.624236,0.0238419,0.748647,-2.38638,-2.00953,1.95709,0.132872,0.0241044,-0.000599088,0.0917984,0.0182928,0.0764788,0.0194878,-0.064499,0,0,0,0,0,0,0,-0.208429,-2.69168,-2.86259,19.719,-0.878822,-1.30446,0.129504,0,0,0,0,0,0,0,0,0,0,0,0,0,0,0,0,0,0,0,0,0,0,0,0,0,0,0.660224,-0.356969,0.704411,0.0696003,-0.0981808,-0.053168,0.0982583,0,0,0,0,0,0,0.0462366,1
28541.5,-0.252175,-0.102728,1.41854,-2.27388,-1.64706,1.81377,-0.0412168,0.00896651,0.034018,-0.999371,0,0.169165,0.984955,0.035045,0,0.985547,-0.169376,0.00307701,0,0.374261,0.427768,0.412974,1,-0.624236,0.0238419,0.748647,-2.38638,-2.00953,1.95709,0.132872,0.0301552,-0.000185689,0.06327,0.00940068,0.00103978,0.038414,-0.0726317,0,0,0,0,0,0,0,-0.244134,-2.65201,-2.93797,19.719,-0.833961,-1.28523,-0.00050053,0,0,0,0,0,0,0,0,0,0,0,0,0,0,0,0,0,0,0,0,0,0,0,0,0,0,0.609225,-0.373718,0.674319,-0.0151736,-0.0234362,-0.0942462,0.0971286,0,0,0,0,0,0,0.0462366,1
28541.5,-0.250467,-0.102725,1.41988,-2.2736,-1.64709,1.8147,-0.043398,0.00797318,0.0321187,-0.999443,0,0.165459,0.985655,0.0329956,0,0.986184,-0.165633,0.0025445,0,0.372921,0.429152,0.412912,1,-0.624236,0.0238419,0.748647,-2.38638,-2.00953,1.95709,0.132872,0.0643707,0.00117867,0.0145317,0.00705401,0.000173173,0.0156696,-0.0574906,0,0,0,0,0,0,0,-0.244134,-2.65201,-2.93797,19.719,-0.79734,-1.27516,0.199084,0,0,0,0,0,0,0,0,0,0,0,0,0,0,0,0,0,0,0,0,0,0,0,0,0,0,0.364059,-0.273482,0.466587,-0.175439,0.0186688,-0.105439,0.0890335,0,0,0,0,0,0,0.0462366,1
28541.5,-0.248248,-0.10273,1.42007,-2.27358,-1.64712,1.81527,-0.0454713,0.00720401,0.0301474,-0.99951,0,0.162669,0.986186,0.0309179,0,0.986654,-0.162815,0.0022005,0,0.371856,0.430156,0.412839,1,-0.624236,0.0238419,0.748647,-2.38638,-2.00953,1.95709,0.132872,0.067302,0.000463355,-0.000124454,0.00102707,0.00054903,0.00690142,-0.0762495,0,0,0,0,0,0,0,-0.458368,-2.57663,-3.01335,19.9055,-0.761634,-1.23579,0.178943,0,0,0,0,0,0,0,0,0,0,0,0,0,0,0,0,0,0,0,0,0,0,0,0,0,0,0.34235,-0.291746,0.419087,-0.050247,0.052361,-0.111968,0.127164,0,0,0,0,0,0,0.0462366,1
28541.6,-0.246251,-0.102727,1.42007,-2.2736,-1.64716,1.81562,-0.0485997,0.00642367,0.0270773,-0.999603,0,0.160436,0.986646,0.0277573,0,0.987025,-0.160553,0.00199376,0,0.370973,0.430958,0.412784,1,-0.624236,0.0238419,0.748647,-2.38638,-2.00953,1.95709,0.132872,0.0594764,0.000296914,3.47234e-05,-0.00202413,0.000382522,0.0121758,-0.102384,0,0,0,0,0,0,0,-0.315546,-2.61631,-3.01335,20.0166,-0.734169,-1.27516,0.178943,0,0,0,0,0,0,0,0,0,0,0,0,0,0,0,0,0,0,0,0,0,0,0,0,0,0,0.107634,-0.205343,0.154091,-0.0244614,0.0960863,-0.139227,0.15831,0,0,0,0,0,0,0.0462366,1
28541.6,-0.244433,-0.102735,1.42008,-2.27362,-1.64718,1.81605,-0.0527988,0.00544012,0.0229638,-0.999712,0,0.158337,0.987095,0.0235356,0,0.98737,-0.158422,0.00173394,0,0.370159,0.431705,0.412722,1,-0.624236,0.0238419,0.748647,-2.38638,-2.00953,1.95709,0.132872,0.0530075,-0.00226727,0.000745034,-0.000583214,-0.00116305,0.0138778,-0.156888,0,0,0,0,0,0,0,-0.351251,-2.50125,-3.04906,20.0166,-0.707618,-1.2953,0.209155,0,0,0,0,0,0,0,0,0,0,0,0,0,0,0,0,0,0,0,0,0,0,0,0,0,0,-0.0628148,-0.126921,-0.0285856,-0.0245983,0.115966,-0.170524,0.18596,0,0,0,0,0,0,0.0462366,1
28541.6,-0.242769,-0.102733,1.42007,-2.2736,-1.6472,1.81681,-0.0609654,0.00364963,0.0150009,-0.999871,0,0.156167,0.987601,0.0153869,0,0.987724,-0.156206,0.00126175,0,0.3694,0.432455,0.412632,1,-0.624236,0.0238419,0.748647,-2.38638,-2.00953,1.95709,0.132872,0.0478202,-0.000348199,-0.00237715,0.00290828,-0.000892516,0.0238381,-0.296587,0,0,0,0,0,0,0,-0.244134,-2.53696,-2.8983,19.7547,-0.689308,-1.23579,0.249438,0,0,0,0,0,0,0,0,0,0,0,0,0,0,0,0,0,0,0,0,0,0,0,0,0,0,-0.161581,-0.116681,-0.128743,-0.0410615,0.132554,-0.202983,0.206752,0,0,0,0,0,0,0.0462366,1
28541.7,-0.24126,-0.102728,1.42007,-2.27353,-1.64722,1.81774,-0.0721219,0.00132801,0.00413765,-0.999981,0,0.153999,0.988052,0.00429281,0,0.98807,-0.154004,0.000674962,0,0.368694,0.433189,0.412536,1,-0.624236,0.0238419,0.748647,-2.38638,-2.00953,1.95709,0.132872,0.0455128,0.000134181,0.000707635,0.00433133,-0.000151678,0.0277017,-0.342635,0,0,0,0,0,0,0,-0.172723,-2.57663,-2.93797,19.6436,-0.707618,-1.27516,0.149646,0,0,0,0,0,0,0,0,0,0,0,0,0,0,0,0,0,0,0,0,0,0,0,0,0,0,-0.0858704,-0.0909643,-0.0707579,-0.213177,0.140451,-0.179486,0.204159,0,0,0,0,0,0,0.0462366,1
28541.7,-0.239994,-0.102733,1.42006,-2.27337,-1.64722,1.81878,-0.0858402,-0.00137075,-0.00917116,-0.999947,0,0.15195,0.988335,-0.00927295,0,0.988387,-0.151957,3.87915e-05,0,0.368089,0.433873,0.412467,1,-0.624236,0.0238419,0.748647,-2.38638,-2.00953,1.95709,0.132872,0.0347242,-0.00022626,-0.000662317,0.00674742,0.000462446,0.0322625,-0.421151,0,0,0,0,0,0,0,-0.172723,-2.53696,-2.8983,19.6833,-0.716774,-1.16621,0.0599243,0,0,0,0,0,0,0,0,0,0,0,0,0,0,0,0,0,0,0,0,0,0,0,0,0,0,-0.052403,-0.0892599,-0.00982668,-0.331044,0.145229,-0.170837,0.180859,0,0,0,0,0,0,0.0462366,1
28541.7,-0.23902,-0.102733,1.42006,-2.27302,-1.64723,1.81997,-0.100133,-0.00412252,-0.0228674,-0.99972,0,0.149997,0.988404,-0.0232271,0,0.988678,-0.150054,-0.000644688,0,0.367611,0.434527,0.412468,1,-0.624236,0.0238419,0.748647,-2.38638,-2.00953,1.95709,0.132872,0.018889,-0.000820353,-0.000325987,0.00452395,-0.00183487,0.0381411,-0.428585,0,0,0,0,0,0,0,-0.208429,-2.53696,-2.8983,19.719,-0.689308,-1.24495,0.0498535,0,0,0,0,0,0,0,0,0,0,0,0,0,0,0,0,0,0,0,0,0,0,0,0,0,0,0.0805139,-0.127716,0.133994,-0.342325,0.146228,-0.139105,0.143091,0,0,0,0,0,0,0.0462366,1
28541.8,-0.238157,-0.10273,1.42007,-2.27237,-1.64726,1.82206,-0.112462,-0.00695895,-0.0342736,-0.999379,0,0.147391,0.988452,-0.0349252,0,0.989054,-0.147545,-0.00182699,0,0.367137,0.435372,0.412488,1,-0.624236,0.0238419,0.748647,-2.38638,-2.00953,1.95709,0.132872,0.0250735,0.00133079,0.00192871,0.0241952,0.00033046,0.0750175,-0.296658,0,0,0,0,0,0,0,-0.13305,-2.57663,-2.97368,19.719,-0.680153,-1.20558,-0.100293,0,0,0,0,0,0,0,0,0,0,0,0,0,0,0,0,0,0,0,0,0,0,0,0,0,0,-0.301672,0.00454431,-0.222488,-0.566686,0.154611,-0.188487,0.0471318,0,0,0,0,0,0,0.0462366,1
28541.8,-0.237347,-0.102733,1.42006,-2.27134,-1.64733,1.82562,-0.119688,-0.00972233,-0.0401826,-0.999135,0,0.143646,0.988763,-0.0411632,0,0.989581,-0.143924,-0.00384111,0,0.366613,0.436546,0.412488,1,-0.624236,0.0238419,0.748647,-2.38638,-2.00953,1.95709,0.132872,0.0190482,0.000206905,0.000392378,0.029574,-0.000198914,0.118369,-0.146624,0,0,0,0,0,0,0,-0.208429,-2.53696,-2.93797,19.8301,-0.680153,-1.11678,-0.0902222,0,0,0,0,0,0,0,0,0,0,0,0,0,0,0,0,0,0,0,0,0,0,0,0,0,0,-0.235913,-0.0302803,-0.187395,-0.524773,0.161335,-0.152615,-0.0532553,0,0,0,0,0,0,0.0462366,1
28541.8,-0.236599,-0.102738,1.42006,-2.27024,-1.64733,1.82954,-0.121031,-0.0118527,-0.0401737,-0.999113,0,0.139743,0.989311,-0.0414374,0,0.990117,-0.140112,-0.00611215,0,0.36609,0.437769,0.412463,1,-0.624236,0.0238419,0.748647,-2.38638,-2.00953,1.95709,0.132872,0.0172865,-0.00178429,-0.000599276,0.03208,-1.67649e-05,0.104694,0.00150448,0,0,0,0,0,0,0,-0.208429,-2.46158,-2.8983,19.7944,-0.707618,-1.08656,-0.0700806,0,0,0,0,0,0,0,0,0,0,0,0,0,0,0,0,0,0,0,0,0,0,0,0,0,0,-0.11003,-0.0653725,-0.0450003,-0.312988,0.128363,-0.0676356,-0.0948836,0,0,0,0,0,0,0.0462366,1
28541.9,-0.235805,-0.102735,1.42006,-2.26932,-1.64733,1.83167,-0.12102,-0.0127742,-0.0391347,-0.999143,0,0.137212,0.989703,-0.0405193,0,0.990459,-0.137615,-0.00727304,0,0.36565,0.438662,0.412603,1,-0.624236,0.0238419,0.748647,-2.38638,-2.00953,1.95709,0.132872,0.0270171,-4.79549e-05,-0.000346414,0.0259016,4.80069e-07,0.0245856,-0.00170687,0,0,0,0,0,0,0,-0.27984,-2.53696,-2.93797,19.9452,-0.707618,-1.08656,-0.0105713,0,0,0,0,0,0,0,0,0,0,0,0,0,0,0,0,0,0,0,0,0,0,0,0,0,0,-0.182935,0.013257,-0.0661439,-0.297008,0.119539,-0.00773081,-0.0508177,0,0,0,0,0,0,0.0462366,1
28541.9,-0.234913,-0.102758,1.42006,-2.26841,-1.64734,1.83173,-0.120983,-0.012402,-0.0382756,-0.999181,0,0.136203,0.989879,-0.0396098,0,0.990603,-0.136585,-0.0070634,0,0.3653,0.439231,0.413023,1,-0.624236,0.0238419,0.748647,-2.38638,-2.00953,1.95709,0.132872,0.0278409,-0.00253038,-0.000434966,0.0277809,-0.000307693,-0.00227439,-0.00078464,0,0,0,0,0,0,0,-0.351251,-2.34653,-2.93797,19.9055,-0.698463,-1.03712,-0.0600098,0,0,0,0,0,0,0,0,0,0,0,0,0,0,0,0,0,0,0,0,0,0,0,0,0,0,-0.203697,0.0364432,-0.066064,-0.176885,0.111,0.013854,-0.0453657,0,0,0,0,0,0,0.0462366,1
28541.9,-0.234337,-0.102766,1.42007,-2.26746,-1.64734,1.83158,-0.120807,-0.0118985,-0.037251,-0.999225,0,0.135667,0.989996,-0.0385224,0,0.990683,-0.136023,-0.00672586,0,0.365105,0.439658,0.413486,1,-0.624236,0.0238419,0.748647,-2.38638,-2.00953,1.95709,0.132872,0.0134437,8.7157e-05,-0.000409903,0.0256043,-0.000313172,-0.0119259,0.0179261,0,0,0,0,0,0,0,-0.27984,-2.42588,-2.93797,19.9809,-0.689308,-1.02705,-0.169873,0,0,0,0,0,0,0,0,0,0,0,0,0,0,0,0,0,0,0,0,0,0,0,0,0,0,-0.0157232,-0.0191953,0.125398,-0.128098,0.116389,0.0475406,-0.0749483,0,0,0,0,0,0,0.0462366,1
28542,-0.233985,-0.102766,1.42006,-2.26638,-1.64736,1.83149,-0.120435,-0.0113531,-0.0359145,-0.999281,0,0.135289,0.990101,-0.0371216,0,0.990741,-0.135616,-0.00638203,0,0.365012,0.440046,0.414002,1,-0.624236,0.0238419,0.748647,-2.38638,-2.00953,1.95709,0.132872,0.00789169,-0.000323159,0.00106028,0.0360349,-0.00189069,-0.000502192,0.00589963,0,0,0,0,0,0,0,-0.315546,-2.42588,-2.97368,19.7944,-0.670997,-1.06734,-0.0398682,0,0,0,0,0,0,0,0,0,0,0,0,0,0,0,0,0,0,0,0,0,0,0,0,0,0,-0.172962,0.0600175,-0.0314057,-0.261546,0.135591,0.0251645,-0.0919323,0,0,0,0,0,0,0.0462366,1
28542,-0.233573,-0.102772,1.42007,-2.26531,-1.64753,1.8315,-0.12036,-0.0108049,-0.0349151,-0.999322,0,0.134675,0.990224,-0.0360534,0,0.990831,-0.134976,-0.00599723,0,0.364885,0.440492,0.414525,1,-0.624236,0.0238419,0.748647,-2.38638,-2.00953,1.95709,0.132872,0.0145757,-0.000368658,0.00495247,0.0306756,-0.00870888,-0.000879277,-0.00189084,0,0,0,0,0,0,0,-0.351251,-2.3862,-3.01335,19.8698,-0.626136,-1.09663,-0.0600098,0,0,0,0,0,0,0,0,0,0,0,0,0,0,0,0,0,0,0,0,0,0,0,0,0,0,-0.380036,0.10274,-0.232889,-0.260378,0.164567,-0.0243402,-0.0846342,0,0,0,0,0,0,0.0462366,1
28542,-0.232863,-0.102767,1.42008,-2.2644,-1.64798,1.83152,-0.120315,-0.0101291,-0.0342056,-0.999354,0,0.133608,0.990397,-0.0352532,0,0.990982,-0.133881,-0.00546176,0,0.364623,0.441035,0.415003,1,-0.624236,0.0238419,0.748647,-2.38638,-2.00953,1.95709,0.132872,0.0274975,0.00105169,-8.66872e-05,0.0265045,-0.0158444,0.000305421,0.00378025,0,0,0,0,0,0,0,-0.458368,-2.46158,-3.04906,19.7944,-0.598671,-1.14607,-0.200085,0,0,0,0,0,0,0,0,0,0,0,0,0,0,0,0,0,0,0,0,0,0,0,0,0,0,-0.536764,0.136338,-0.400596,-0.21254,0.192638,-0.0827011,-0.0923868,0,0,0,0,0,0,0.0462366,1
28542.1,-0.231778,-0.102769,1.42009,-2.26358,-1.64864,1.83155,-0.120296,-0.00932333,-0.0336763,-0.99938,0,0.132034,0.990631,-0.0346132,0,0.991201,-0.132278,-0.00478965,0,0.364188,0.441724,0.415472,1,-0.624236,0.0238419,0.748647,-2.38638,-2.00953,1.95709,0.132872,0.0409576,0.0002158,-0.00109475,0.0253035,-0.0198997,0.000576657,-0.000319938,0,0,0,0,0,0,0,-0.422662,-2.42588,-3.08476,19.8301,-0.581276,-1.19551,-0.0600098,0,0,0,0,0,0,0,0,0,0,0,0,0,0,0,0,0,0,0,0,0,0,0,0,0,0,-0.777946,0.194562,-0.641375,-0.279985,0.20497,-0.133318,-0.10115,0,0,0,0,0,0,0.0462366,1
28542.1,-0.23011,-0.102772,1.4201,-2.26277,-1.64918,1.83168,-0.120264,-0.00864337,-0.0330938,-0.999405,0,0.129875,0.99094,-0.0339367,0,0.991492,-0.130094,-0.00426707,0,0.363487,0.442625,0.415909,1,-0.624236,0.0238419,0.748647,-2.38638,-2.00953,1.95709,0.132872,0.0558248,-0.00183365,5.28827e-05,0.0199102,-0.0165071,0.00577386,-0.00105272,0,0,0,0,0,0,0,-0.386957,-2.3862,-3.08476,19.8698,-0.616981,-1.20558,-0.100293,0,0,0,0,0,0,0,0,0,0,0,0,0,0,0,0,0,0,0,0,0,0,0,0,0,0,-0.849107,0.213294,-0.731318,-0.37917,0.211048,-0.170612,-0.101423,0,0,0,0,0,0,0.0462379,1
28542.1,-0.2277,-0.102764,1.4201,-2.26192,-1.64933,1.83184,-0.120208,-0.00824074,-0.0323164,-0.999434,0,0.127206,0.991314,-0.0331027,0,0.991842,-0.127409,-0.00405841,0,0.362453,0.443755,0.4163,1,-0.624236,0.0238419,0.748647,-2.38638,-2.00953,1.95709,0.132872,0.0762288,0.000111017,0.00142642,0.0263125,-0.000411037,0.00235949,0.00149695,0,0,0,0,0,0,0,-0.351251,-2.46158,-3.12443,19.7547,-0.616981,-1.23579,-0.0902222,0,0,0,0,0,0,0,0,0,0,0,0,0,0,0,0,0,0,0,0,0,0,0,0,0,0,-1.10016,0.317399,-1.02274,-0.42064,0.200062,-0.221161,-0.112623,0,0,0,0,0,0,0.0462379,1
28542.2,-0.224486,-0.102764,1.42009,-2.26091,-1.64932,1.83222,-0.119838,-0.00795807,-0.0310072,-0.999478,0,0.123641,0.991809,-0.0317537,0,0.992295,-0.123832,-0.0040592,0,0.36105,0.445236,0.41672,1,-0.624236,0.0238419,0.748647,-2.38638,-2.00953,1.95709,0.132872,0.104047,0.00140233,-0.00105683,0.033717,-0.000525847,0.0146662,0.00664496,0,0,0,0,0,0,0,-0.386957,-2.50125,-3.01335,19.7547,-0.644447,-1.25502,-0.0600098,0,0,0,0,0,0,0,0,0,0,0,0,0,0,0,0,0,0,0,0,0,0,0,0,0,0,-1.24974,0.357547,-1.14168,-0.585172,0.187395,-0.269204,-0.120127,0,0,0,0,0,0,0.0462379,1
28542.2,-0.220514,-0.102766,1.42018,-2.2596,-1.64931,1.83308,-0.11932,-0.0078216,-0.0292577,-0.999532,0,0.118836,0.992451,-0.0299803,0,0.992883,-0.119017,-0.00428577,0,0.359242,0.447173,0.417212,1,-0.624236,0.0238419,0.748647,-2.38638,-2.00953,1.95709,0.132872,0.124623,-0.000209476,7.40503e-05,0.0460505,9.68063e-05,0.0315326,0.0180516,0,0,0,0,0,0,0,-0.458368,-2.42588,-3.08476,19.8301,-0.680153,-1.20558,-0.100293,0,0,0,0,0,0,0,0,0,0,0,0,0,0,0,0,0,0,0,0,0,0,0,0,0,0,-1.29851,0.339957,-1.17658,-0.589567,0.171735,-0.298595,-0.118049,0,0,0,0,0,0,0.0462379,1
28542.2,-0.215749,-0.102761,1.42032,-2.25801,-1.64929,1.8338,-0.119173,-0.00755407,-0.0276268,-0.99958,0,0.113273,0.993151,-0.0283051,0,0.993535,-0.113441,-0.00437306,0,0.357068,0.449451,0.417848,1,-0.624236,0.0238419,0.748647,-2.38638,-2.00953,1.95709,0.132872,0.151045,0.00768926,0.00140119,0.0492172,-0.000399342,0.0146874,-0.00121115,0,0,0,0,0,0,0,-0.315546,-2.50125,-3.08476,19.9055,-0.725013,-1.19551,-0.0801514,0,0,0,0,0,0,0,0,0,0,0,0,0,0,0,0,0,0,0,0,0,0,0,0,0,0,-1.30774,0.361355,-1.13173,-0.600148,0.139978,-0.257564,-0.1037,0,0,0,0,0,0,0.0462379,1
28542.3,-0.210375,-0.102769,1.42031,-2.25632,-1.64925,1.83381,-0.119155,-0.00683845,-0.0260682,-0.999627,0,0.107806,0.993805,-0.0266538,0,0.994148,-0.10795,-0.00398586,0,0.354722,0.45178,0.418631,1,-0.624236,0.0238419,0.748647,-2.38638,-2.00953,1.95709,0.132872,0.158874,-0.0014841,-0.000980555,0.0613934,0.00317404,-0.000265509,0.00219869,0,0,0,0,0,0,0,-0.27984,-2.3862,-2.97368,19.9055,-0.842201,-1.06734,-0.190015,0,0,0,0,0,0,0,0,0,0,0,0,0,0,0,0,0,0,0,0,0,0,0,0,0,0,-0.935603,0.280675,-0.81465,-0.523841,0.0807372,-0.17143,-0.0999877,0,0,0,0,0,0,0.0462379,1
28542.3,-0.2051,-0.102764,1.42034,-2.25434,-1.64914,1.83371,-0.119131,-0.00602405,-0.0242057,-0.999679,0,0.102497,0.994417,-0.0246959,0,0.994715,-0.102615,-0.00350946,0,0.352414,0.45412,0.419556,1,-0.624236,0.0238419,0.748647,-2.38638,-2.00953,1.95709,0.132872,0.149906,0.00202381,0.000991119,0.0597128,0.00423284,-0.00179481,0.00245608,0,0,0,0,0,0,0,-0.351251,-2.50125,-3.12443,20.1673,-0.878822,-1.05727,-0.149731,0,0,0,0,0,0,0,0,0,0,0,0,0,0,0,0,0,0,0,0,0,0,0,0,0,0,-0.441925,0.111507,-0.317907,-0.481239,0.01555,-0.051539,-0.113968,0,0,0,0,0,0,0.0462379,1
28542.3,-0.200053,-0.102772,1.42033,-2.2522,-1.64907,1.83334,-0.118928,-0.00496573,-0.022037,-0.999735,0,0.0976268,0.994961,-0.0224166,0,0.995211,-0.0977141,-0.00278937,0,0.350233,0.45635,0.420599,1,-0.624236,0.0238419,0.748647,-2.38638,-2.00953,1.95709,0.132872,0.138401,0.000688214,-0.000143112,0.0681543,0.00140681,-0.0174122,0.0139771,0,0,0,0,0,0,0,-0.208429,-2.42588,-3.01335,19.9452,-0.887977,-1.01698,-0.110364,0,0,0,0,0,0,0,0,0,0,0,0,0,0,0,0,0,0,0,0,0,0,0,0,0,0,-0.299475,0.0901454,-0.259753,-0.31998,-0.0214951,-0.00278494,-0.135115,0,0,0,0,0,0,0.0462379,1
28542.4,-0.19537,-0.102778,1.42035,-2.25005,-1.64903,1.83281,-0.117942,-0.00373954,-0.0190877,-0.999801,0,0.0931859,0.995451,-0.0193532,0,0.995642,-0.0932415,-0.00194386,0,0.348205,0.458432,0.421673,1,-0.624236,0.0238419,0.748647,-2.38638,-2.00953,1.95709,0.132872,0.12866,-0.00144259,0.00337541,0.0647403,0.000223837,-0.0163102,0.0385123,0,0,0,0,0,0,0,-0.605157,-2.34653,-3.27122,19.9809,-0.905372,-1.11678,-0.100293,0,0,0,0,0,0,0,0,0,0,0,0,0,0,0,0,0,0,0,0,0,0,0,0,0,0,0.113721,-0.0464246,0.118269,-0.271514,-0.0418279,0.0451956,-0.147561,0,0,0,0,0,0,0.0462385,1
28542.4,-0.19128,-0.1028,1.42034,-2.2479,-1.64886,1.83278,-0.116878,-0.00291915,-0.0159786,-0.999858,0,0.089042,0.995887,-0.0161751,0,0.996024,-0.0890783,-0.0014844,0,0.34641,0.46036,0.422673,1,-0.624236,0.0238419,0.748647,-2.38638,-2.00953,1.95709,0.132872,0.114155,-0.00226664,0.000963593,0.0607168,0.00803064,0.000586221,0.0287255,0,0,0,0,0,0,0,-0.244134,-2.31082,-3.08476,19.8698,-0.914528,-1.06734,-0.0801514,0,0,0,0,0,0,0,0,0,0,0,0,0,0,0,0,0,0,0,0,0,0,0,0,0,0,0.199069,-0.100176,0.195915,-0.197796,-0.064373,0.0325792,-0.125734,0,0,0,0,0,0,0.0462385,1
28542.4,-0.187722,-0.102795,1.42034,-2.24578,-1.64863,1.83275,-0.11646,-0.00228014,-0.0135108,-0.999896,0,0.0854557,0.996239,-0.0136562,0,0.996339,-0.0854796,-0.00111701,0,0.344848,0.462082,0.423639,1,-0.624236,0.0238419,0.748647,-2.38638,-2.00953,1.95709,0.132872,0.100382,-0.000613396,0.000940626,0.0669176,0.00675761,-0.00126873,0.00474146,0,0,0,0,0,0,0,-0.244134,-2.3862,-3.04906,20.0919,-0.887977,-1.04719,-0.149731,0,0,0,0,0,0,0,0,0,0,0,0,0,0,0,0,0,0,0,0,0,0,0,0,0,0,0.23928,-0.0784603,0.206693,-0.326753,-0.0596666,0.0515285,-0.098674,0,0,0,0,0,0,0.0462385,1
28542.5,-0.184678,-0.102795,1.42033,-2.24389,-1.64854,1.83276,-0.116472,-0.00168905,-0.0117202,-0.99992,0,0.0822962,0.996528,-0.0118194,0,0.996606,-0.0823112,-0.000718676,0,0.343507,0.463584,0.424517,1,-0.624236,0.0238419,0.748647,-2.38638,-2.00953,1.95709,0.132872,0.0835874,-0.000531524,0.000609971,0.0518877,0.00281724,-0.000418385,-0.00139058,0,0,0,0,0,0,0,-0.0973449,-2.3862,-3.01335,20.1316,-0.905372,-1.05727,-0.049939,0,0,0,0,0,0,0,0,0,0,0,0,0,0,0,0,0,0,0,0,0,0,0,0,0,0,0.378389,-0.156456,0.323278,-0.0747715,-0.0686797,0.044093,-0.0844649,0,0,0,0,0,0,0.0462385,1
28542.5,-0.182155,-0.102792,1.42035,-2.24219,-1.64852,1.8328,-0.11647,-0.00114693,-0.0101251,-0.999938,0,0.0795766,0.996767,-0.0101842,0,0.996828,-0.0795849,-0.000337506,0,0.342383,0.464876,0.425305,1,-0.624236,0.0238419,0.748647,-2.38638,-2.00953,1.95709,0.132872,0.0660114,0.00104036,0.000823813,0.0450429,0.000682967,0.000645738,-0.001559,0,0,0,0,0,0,0,-0.533746,-2.42588,-3.19981,20.207,-0.887977,-1.17628,-0.0700806,0,0,0,0,0,0,0,0,0,0,0,0,0,0,0,0,0,0,0,0,0,0,0,0,0,0,0.339914,-0.160959,0.296798,0.0448156,-0.0740951,0.010248,-0.0794851,0,0,0,0,0,0,0.0462385,1
28542.5,-0.180009,-0.102792,1.42035,-2.24074,-1.64852,1.83283,-0.116473,-0.000668357,-0.008759,-0.999952,0,0.0772748,0.996961,-0.00878445,0,0.99701,-0.0772785,1.05245e-05,0,0.341432,0.465971,0.425988,1,-0.624236,0.0238419,0.748647,-2.38638,-2.00953,1.95709,0.132872,0.0605834,0.000326898,-3.78711e-05,0.042949,0.000202887,0.00207431,-0.00292345,0,0,0,0,0,0,0,-0.386957,-2.42588,-3.12443,20.2427,-0.878822,-1.14607,-0.0398682,0,0,0,0,0,0,0,0,0,0,0,0,0,0,0,0,0,0,0,0,0,0,0,0,0,0,0.100657,-0.0963813,0.0638858,0.0676577,-0.0556927,-0.0546858,-0.0779036,0,0,0,0,0,0,0.0462385,1
28542.6,-0.178088,-0.102792,1.42034,-2.23959,-1.64854,1.83293,-0.116467,-0.000332301,-0.00767508,-0.999961,0,0.0751655,0.997132,-0.00767835,0,0.997171,-0.0751666,0.000245559,0,0.340568,0.466923,0.426518,1,-0.624236,0.0238419,0.748647,-2.38638,-2.00953,1.95709,0.132872,0.0534531,0.00145689,-0.0012624,0.0301302,-0.000167818,0.00491667,0.00058417,0,0,0,0,0,0,0,-0.244134,-2.42588,-3.04906,20.1316,-0.824806,-1.15614,-0.100293,0,0,0,0,0,0,0,0,0,0,0,0,0,0,0,0,0,0,0,0,0,0,0,0,0,0,-0.050003,-0.101876,-0.0703965,0.110205,-0.0406462,-0.0953311,-0.0773129,0,0,0,0,0,0,0.0462385,1
28542.6,-0.176373,-0.102789,1.42034,-2.23892,-1.64854,1.83302,-0.11647,-0.000163786,-0.00704263,-0.999966,0,0.0733198,0.997274,-0.00703568,0,0.997308,-0.0733199,0.000353031,0,0.339784,0.467684,0.426822,1,-0.624236,0.0238419,0.748647,-2.38638,-2.00953,1.95709,0.132872,0.0467181,0.000798921,-0.000300737,0.0111591,-0.000306649,-0.000869828,-0.000676332,0,0,0,0,0,0,0,-0.0973449,-2.46158,-3.01335,20.207,-0.824806,-1.1067,-0.0700806,0,0,0,0,0,0,0,0,0,0,0,0,0,0,0,0,0,0,0,0,0,0,0,0,0,0,0.117215,-0.133575,0.0255411,0.266552,-0.0286135,-0.081551,-0.0713884,0,0,0,0,0,0,0.0462392,1
28542.6,-0.174796,-0.102792,1.42034,-2.23875,-1.64854,1.83301,-0.116472,-9.08402e-05,-0.00688029,-0.999967,0,0.0717378,0.99739,-0.00686908,0,0.997423,-0.0717374,0.000402982,0,0.339053,0.46826,0.426906,1,-0.624236,0.0238419,0.748647,-2.38638,-2.00953,1.95709,0.132872,0.0462597,-0.0002536,-0.000981867,0.000718866,0.000798586,-0.00129751,0.000771037,0,0,0,0,0,0,0,-0.244134,-2.42588,-2.97368,20.1673,-0.833961,-1.08656,-0.0902222,0,0,0,0,0,0,0,0,0,0,0,0,0,0,0,0,0,0,0,0,0,0,0,0,0,0,0.0709912,-0.103173,-0.0230319,0.196226,-0.0164347,-0.0746612,-0.0712784,0,0,0,0,0,0,0.0462392,1
28542.7,-0.173388,-0.102792,1.42034,-2.23892,-1.64853,1.83301,-0.11649,-0.000140796,-0.00706708,-0.999965,0,0.0703516,0.997488,-0.00705948,0,0.997522,-0.0703516,0.000356746,0,0.338385,0.468694,0.426821,1,-0.624236,0.0238419,0.748647,-2.38638,-2.00953,1.95709,0.132872,0.0366933,-0.0013715,0.000894009,-0.00331437,-0.000272239,-0.000627846,-0.00287983,0,0,0,0,0,0,0,-0.172723,-2.3862,-3.08476,20.4649,-0.842201,-1.08656,0.0297119,0,0,0,0,0,0,0,0,0,0,0,0,0,0,0,0,0,0,0,0,0,0,0,0,0,0,0.0135741,-0.0769769,-0.0691054,0.277502,-0.0270021,-0.0620485,-0.0555621,0,0,0,0,0,0,0.0462392,1
28542.7,-0.172174,-0.102792,1.42034,-2.23953,-1.64853,1.833,-0.116504,-0.000321157,-0.00765177,-0.999961,0,0.0692163,0.997563,-0.00765564,0,0.997602,-0.0692174,0.000209256,0,0.3378,0.468952,0.426536,1,-0.624236,0.0238419,0.748647,-2.38638,-2.00953,1.95709,0.132872,0.0259126,0.000483782,-0.000194059,-0.0200607,8.30163e-06,3.07687e-05,-0.00215147,0,0,0,0,0,0,0,-0.0259338,-2.42588,-3.01335,20.5799,-0.869667,-1.06734,0.0397827,0,0,0,0,0,0,0,0,0,0,0,0,0,0,0,0,0,0,0,0,0,0,0,0,0,0,0.110529,-0.103729,-0.0133966,0.492701,-0.0338174,-0.0443162,-0.0237761,0,0,0,0,0,0,0.0462392,1
28542.7,-0.171341,-0.102789,1.42034,-2.24044,-1.64851,1.83299,-0.116569,-0.000620666,-0.00857327,-0.999953,0,0.0684808,0.997606,-0.00859565,0,0.997652,-0.0684842,-3.20767e-05,0,0.337378,0.46901,0.426102,1,-0.624236,0.0238419,0.748647,-2.38638,-2.00953,1.95709,0.132872,0.015771,0.00103663,-0.000545192,-0.0344952,0.00112349,0.000251558,-0.00595627,0,0,0,0,0,0,0,-0.27984,-2.46158,-3.08476,21.1393,-0.941993,-1.08656,0.129504,0,0,0,0,0,0,0,0,0,0,0,0,0,0,0,0,0,0,0,0,0,0,0,0,0,0,0.255885,-0.144222,0.101155,0.622711,-0.0505674,-0.013752,0.015754,0,0,0,0,0,0,0.0462392,1
28542.8,-0.171035,-0.102783,1.42038,-2.24149,-1.64851,1.83301,-0.116774,-0.000984738,-0.00976394,-0.999942,0,0.0682362,0.997611,-0.00980838,0,0.997669,-0.0682432,-0.000316138,0,0.337186,0.46887,0.425603,1,-0.171189,-0.102792,1.42035,-2.2408,-1.64851,1.833,-0.116687,0.000960138,0.00259962,0.00233187,-0.0166929,-0.000234992,0.000628276,0.00028655,0,0,0,0,0,0,0,-0.605157,-2.50125,-3.60844,23.1944,-0.968544,-1.25502,0.139575,0,0,0,0,0,0,0,0,0,0,0,0,0,0,0,0,0,0,0,0,0,0,0,0,0,0,0.203545,-0.115614,0.104903,0.890114,-0.0611605,-0.0290093,0.0865005,0,0,0,0,0,0,0.0462392,1
28542.8,-0.171103,-0.102761,1.42031,-2.24147,-1.64852,1.83299,-0.116784,-0.000975031,-0.0097509,-0.999942,0,0.0683705,0.997602,-0.00979475,0,0.997659,-0.0683775,-0.000306024,0,0.337252,0.468829,0.425615,1,-0.171189,-0.102792,1.42035,-2.2408,-1.64851,1.833,-0.116687,-0.00302809,0.000493128,-0.00271374,0.00307924,-0.000291908,-0.00247498,0.000291729,0,0,0,0,0,0,0,0.156561,-2.72739,-2.8983,21.9605,-0.869667,-1.14607,0.219226,0,0,0,0,0,0,0,0,0,0,0,0,0,0,0,0,0,0,0,0,0,0,0,0,0,0,0.0172655,-0.088744,-0.146684,1.35682,-0.057093,-0.115845,0.147955,0,0,0,0,0,0,0.0462379,1
28542.9,-0.171178,-0.102766,1.42026,-2.24135,-1.64851,1.83294,-0.116783,-0.000909175,-0.00962831,-0.999944,0,0.0685324,0.997592,-0.00966798,0,0.997648,-0.0685387,-0.00024714,0,0.33732,0.468805,0.425682,1,-0.171189,-0.102792,1.42035,-2.2408,-1.64851,1.833,-0.116687,-0.00121557,-0.000724238,6.99873e-05,-0.000146943,0.00088179,0.000260511,0.00034652,0,0,0,0,0,0,0,0.660407,-2.65201,-2.30321,20.691,-0.932838,-0.977615,0.168872,0,0,0,0,0,0,0,0,0,0,0,0,0,0,0,0,0,0,0,0,0,0,0,0,0,0,0.150549,-0.138352,0.00878271,1.14546,-0.0569288,-0.0623772,0.185838,0,0,0,0,0,0,0.0462379,1
28542.9,-0.171177,-0.102741,1.42026,-2.24154,-1.6485,1.83294,-0.116786,-0.00100624,-0.00980911,-0.999942,0,0.0685588,0.997589,-0.00985502,0,0.997647,-0.0685661,-0.000331317,0,0.337314,0.468755,0.42558,1,-0.171189,-0.102792,1.42035,-2.2408,-1.64851,1.833,-0.116687,0.000607628,0.0013029,-0.000729528,-0.00179732,-0.000159942,0.000842898,0.00124512,0,0,0,0,0,0,0,0.55329,-2.91782,-2.37859,22.7857,-1.06834,-1.07649,0.189014,0,0,0,0,0,0,0,0,0,0,0,0,0,0,0,0,0,0,0,0,0,0,0,0,0,0,0.388241,-0.257122,0.221538,1.36341,-0.120293,-0.0227413,0.20324,0,0,0,0,0,0,0.0462379,1
28542.9,-0.171156,-0.102752,1.42027,-2.24144,-1.64852,1.8329,-0.116792,-0.000923589,-0.00973035,-0.999943,0,0.0685349,0.997591,-0.00977077,0,0.997648,-0.0685413,-0.000254501,0,0.337303,0.468788,0.425639,1,-0.171189,-0.102792,1.42035,-2.2408,-1.64851,1.833,-0.116687,0.00121456,0.000360569,0.000351954,-0.000930636,-0.00358247,-0.0050744,-0.000995542,0,0,0,0,0,0,0,0.299384,-2.80674,-2.60075,21.4765,-0.897133,-1.07649,0.249438,0,0,0,0,0,0,0,0,0,0,0,0,0,0,0,0,0,0,0,0,0,0,0,0,0,0,0.448553,-0.316213,0.264054,1.51078,-0.14767,-0.0410528,0.234203,0,0,0,0,0,0,0.0462392,1
28543,-0.171153,-0.10275,1.42028,-2.24147,-1.64852,1.83288,-0.116795,-0.000923266,-0.00976453,-0.999942,0,0.068544,0.99759,-0.00980485,0,0.997648,-0.0685504,-0.000251747,0,0.3373,0.46878,0.425625,1,-0.171189,-0.102792,1.42035,-2.2408,-1.64851,1.833,-0.116687,0.000522482,0.00115133,0.000203709,-0.00246808,0.000999853,0.000966214,-0.00239491,0,0,0,0,0,0,0,0.263678,-2.80674,-2.67613,21.8494,-0.887977,-1.17628,0.268665,0,0,0,0,0,0,0,0,0,0,0,0,0,0,0,0,0,0,0,0,0,0,0,0,0,0,0.376837,-0.311564,0.234694,1.35788,-0.109785,-0.0525128,0.239974,0,0,0,0,0,0,0.0462392,1
28543,-0.171151,-0.102755,1.42028,-2.24161,-1.64852,1.83286,-0.116792,-0.000946795,-0.00988851,-0.999941,0,0.0685655,0.997588,-0.00993016,0,0.997646,-0.0685722,-0.000266506,0,0.337296,0.468746,0.425567,1,-0.171153,-0.102752,1.42028,-2.2415,-1.64852,1.83287,-0.116786,-0.000160764,-0.000446003,-0.000208674,-0.00137323,-1.30769e-05,-0.000215443,7.56502e-05,0,0,0,0,0,0,0,0.227972,-2.72739,-2.67613,21.8137,-0.860511,-1.15614,0.199084,0,0,0,0,0,0,0,0,0,0,0,0,0,0,0,0,0,0,0,0,0,0,0,0,0,0,0.300515,-0.293754,0.14328,1.5436,-0.0716319,-0.11099,0.228501,0,0,0,0,0,0,0.0462392,1
28543,-0.171122,-0.10276,1.42031,-2.24156,-1.64853,1.83286,-0.116793,-0.000925993,-0.00985256,-0.999941,0,0.0685029,0.997592,-0.00989285,0,0.99765,-0.0685094,-0.00024884,0,0.33727,0.468776,0.425588,1,-0.171153,-0.102752,1.42028,-2.2415,-1.64852,1.83287,-0.116786,-0.00036548,-0.000805143,0.000630951,-0.000712713,-0.000483662,0.000127042,-0.00209655,0,0,0,0,0,0,0,-0.0973449,-2.65201,-3.04906,21.3258,-0.833961,-1.16621,0.209155,0,0,0,0,0,0,0,0,0,0,0,0,0,0,0,0,0,0,0,0,0,0,0,0,0,0,0.0879075,-0.248555,-0.0275549,1.34168,-0.0392944,-0.134475,0.207854,0,0,0,0,0,0,0.0462392,1
28543.1,-0.171127,-0.102752,1.4203,-2.24158,-1.64852,1.83287,-0.116796,-0.000947299,-0.00986648,-0.999941,0,0.0685181,0.997591,-0.0099082,0,0.997649,-0.0685248,-0.00026899,0,0.337276,0.468768,0.425578,1,-0.171153,-0.102752,1.42028,-2.2415,-1.64852,1.83287,-0.116786,5.35529e-05,0.00103087,-0.000163252,0.000838137,0.000396228,0.000851452,-0.0029756,0,0,0,0,0,0,0,-0.0259338,-2.76706,-2.93797,21.5519,-0.887977,-1.20558,0.239368,0,0,0,0,0,0,0,0,0,0,0,0,0,0,0,0,0,0,0,0,0,0,0,0,0,0,0.0329433,-0.246649,-0.0971333,1.25204,-0.0381929,-0.128679,0.187559,0,0,0,0,0,0,0.0462392,1
28543.1,-0.171118,-0.102757,1.42031,-2.24156,-1.64852,1.83286,-0.116786,-0.000934628,-0.00984216,-0.999942,0,0.0685038,0.997592,-0.00988307,0,0.99765,-0.0685103,-0.000258158,0,0.337269,0.468777,0.425587,1,-0.171153,-0.102752,1.42028,-2.2415,-1.64852,1.83287,-0.116786,-0.000580222,-0.000212354,0.000630896,0.000404562,0.000377544,0.000462392,0.000207392,0,0,0,0,0,0,0,-0.13305,-2.69168,-3.04906,21.3654,-0.897133,-1.17628,0.149646,0,0,0,0,0,0,0,0,0,0,0,0,0,0,0,0,0,0,0,0,0,0,0,0,0,0,-0.0341892,-0.242537,-0.153962,1.12978,-0.039108,-0.137673,0.178714,0,0,0,0,0,0,0.0462392,1
28543.1,-0.171132,-0.102755,1.4203,-2.24157,-1.64852,1.83286,-0.116796,-0.000936775,-0.00985619,-0.999941,0,0.0685285,0.99759,-0.00989722,0,0.997649,-0.0685351,-0.000259093,0,0.337279,0.468767,0.425585,1,-0.171153,-0.102752,1.42028,-2.2415,-1.64852,1.83287,-0.116786,5.24431e-05,0.000616136,0.000769491,-0.00148436,0.000700854,-0.000296482,-0.00344676,0,0,0,0,0,0,0,0.0454774,-2.72739,-2.93797,21.4765,-0.905372,-1.136,0.239368,0,0,0,0,0,0,0,0,0,0,0,0,0,0,0,0,0,0,0,0,0,0,0,0,0,0,-0.0483941,-0.236667,-0.162045,1.04221,-0.048123,-0.127617,0.176625,0,0,0,0,0,0,0.0462392,1
28543.2,-0.171118,-0.10276,1.42031,-2.24156,-1.64852,1.83287,-0.116793,-0.0009324,-0.00985013,-0.999941,0,0.068498,0.997593,-0.00989087,0,0.997651,-0.0685045,-0.000255446,0,0.337267,0.468778,0.425587,1,-0.171153,-0.102752,1.42028,-2.2415,-1.64852,1.83287,-0.116786,-0.000941406,-0.00073586,-0.000709081,0.000846514,-0.000510802,0.00274273,-0.00209606,0,0,0,0,0,0,0,-0.0973449,-2.65201,-3.04906,21.4011,-0.878822,-1.19551,0.209155,0,0,0,0,0,0,0,0,0,0,0,0,0,0,0,0,0,0,0,0,0,0,0,0,0,0,-0.0546977,-0.228124,-0.190249,1.08017,-0.0573056,-0.131672,0.179366,0,0,0,0,0,0,0.0462372,1
28543.2,-0.171153,-0.102757,1.42028,-2.24158,-1.64852,1.83286,-0.116789,-0.000938955,-0.00985837,-0.999941,0,0.0685647,0.997588,-0.00989955,0,0.997646,-0.0685713,-0.000260759,0,0.337296,0.468753,0.425581,1,-0.171153,-0.102752,1.42028,-2.2415,-1.64852,1.83287,-0.116786,-0.00102934,-0.00109008,0.000253895,-0.00114148,0.00011306,0.000152609,0.000204842,0,0,0,0,0,0,0,0.299384,-2.69168,-2.71184,21.5876,-0.897133,-1.15614,0.178943,0,0,0,0,0,0,0,0,0,0,0,0,0,0,0,0,0,0,0,0,0,0,0,0,0,0,0.0290445,-0.250062,-0.124341,1.12183,-0.0623736,-0.127712,0.183433,0,0,0,0,0,0,0.0462372,1
28543.2,-0.171151,-0.102752,1.42028,-2.24159,-1.64852,1.83286,-0.116796,-0.000946698,-0.0098776,-0.999941,0,0.0685649,0.997588,-0.00991927,0,0.997646,-0.0685715,-0.000267162,0,0.337296,0.468749,0.425573,1,-0.171153,-0.102752,1.42028,-2.2415,-1.64852,1.83287,-0.116786,0.000779915,0.000267063,2.42601e-05,0.00150445,-0.000864895,-0.000909812,-0.00103713,0,0,0,0,0,0,0,0.227972,-2.76706,-2.67613,21.7384,-0.869667,-1.15614,0.209155,0,0,0,0,0,0,0,0,0,0,0,0,0,0,0,0,0,0,0,0,0,0,0,0,0,0,0.140387,-0.241985,-0.0342178,1.22617,-0.0612022,-0.127509,0.188291,0,0,0,0,0,0,0.0462372,1
28543.3,-0.171138,-0.102752,1.42029,-2.24158,-1.64852,1.83287,-0.116798,-0.000946948,-0.00987375,-0.999941,0,0.0685352,0.99759,-0.00991544,0,0.997648,-0.0685418,-0.000267971,0,0.337284,0.468761,0.425576,1,-0.171153,-0.102752,1.42028,-2.2415,-1.64852,1.83287,-0.116786,0.000162486,0.0011805,0.000426119,0.000635169,0.000316312,-6.56364e-05,-0.00297423,0,0,0,0,0,0,0,0.0811829,-2.76706,-2.86259,21.6273,-0.869667,-1.19551,0.258594,0,0,0,0,0,0,0,0,0,0,0,0,0,0,0,0,0,0,0,0,0,0,0,0,0,0,0.106537,-0.23168,-0.0503038,1.29314,-0.0524236,-0.147004,0.193189,0,0,0,0,0,0,0.0462372,1
28543.3,-0.171143,-0.102756,1.42029,-2.24159,-1.64852,1.83286,-0.116796,-0.000944336,-0.00987919,-0.999941,0,0.0685464,0.997589,-0.00992069,0,0.997647,-0.0685531,-0.000264881,0,0.337288,0.468755,0.425574,1,-0.171153,-0.102752,1.42028,-2.2415,-1.64852,1.83287,-0.116786,0.000340633,-0.000593675,-0.000968328,-0.00114852,0.000127693,-0.00679062,-0.00228531,0,0,0,0,0,0,0,0.116888,-2.69168,-2.78722,21.7384,-0.869667,-1.18636,0.239368,0,0,0,0,0,0,0,0,0,0,0,0,0,0,0,0,0,0,0,0,0,0,0,0,0,0,0.135946,-0.257382,-0.00638758,1.30552,-0.039516,-0.142656,0.194765,0,0,0,0,0,0,0.0462372,1
28543.3,-0.171146,-0.102752,1.42029,-2.24159,-1.64853,1.83286,-0.116792,-0.000943503,-0.00987932,-0.999941,0,0.068541,0.997589,-0.00992076,0,0.997648,-0.0685477,-0.000264095,0,0.337287,0.468756,0.425572,1,-0.171153,-0.102752,1.42028,-2.2415,-1.64852,1.83287,-0.116786,0.000717944,0.000525889,0.00115194,-0.000331653,-0.000224172,-0.000331855,9.31514e-05,0,0,0,0,0,0,0,0.156561,-2.72739,-2.86259,21.7741,-0.842201,-1.17628,0.199084,0,0,0,0,0,0,0,0,0,0,0,0,0,0,0,0,0,0,0,0,0,0,0,0,0,0,0.137998,-0.251596,-0.0225229,1.36412,-0.0359756,-0.146335,0.195927,0,0,0,0,0,0,0.0462385,1
28543.4,-0.171145,-0.102755,1.42029,-2.2416,-1.64852,1.83286,-0.116796,-0.000943261,-0.00988544,-0.999941,0,0.0685459,0.997589,-0.00992685,0,0.997647,-0.0685525,-0.000263386,0,0.337288,0.468754,0.425571,1,-0.171153,-0.102752,1.42028,-2.2415,-1.64852,1.83287,-0.116786,-0.000401088,0.000376267,-0.000684771,-0.00102775,-0.000918593,-0.000885526,-0.0009604,0,0,0,0,0,0,0,0.156561,-2.72739,-2.82689,21.8137,-0.833961,-1.16621,0.209155,0,0,0,0,0,0,0,0,0,0,0,0,0,0,0,0,0,0,0,0,0,0,0,0,0,0,0.148201,-0.252137,-0.0281565,1.40064,-0.0278912,-0.150808,0.201049,0,0,0,0,0,0,0.0462385,1
28543.4,-0.171143,-0.102755,1.42029,-2.24159,-1.64852,1.83286,-0.116795,-0.00094515,-0.00987816,-0.999941,0,0.0685504,0.997589,-0.00991972,0,0.997647,-0.0685571,-0.000265724,0,0.337289,0.468754,0.425573,1,-0.171153,-0.102752,1.42028,-2.2415,-1.64852,1.83287,-0.116786,0.000323171,0.000586259,-0.000795583,-0.000825633,0.000809922,0.0061796,-0.00142919,0,0,0,0,0,0,0,0.116888,-2.72739,-2.78722,21.7384,-0.887977,-1.15614,0.229297,0,0,0,0,0,0,0,0,0,0,0,0,0,0,0,0,0,0,0,0,0,0,0,0,0,0,0.135276,-0.242635,-0.0325006,1.39867,-0.0270807,-0.151522,0.200911,0,0,0,0,0,0,0.0462385,1
28543.4,-0.171145,-0.102756,1.42029,-2.24159,-1.64853,1.83287,-0.116799,-0.000942097,-0.00988464,-0.999941,0,0.0685458,0.997589,-0.00992597,0,0.997647,-0.0685525,-0.000262279,0,0.337289,0.468755,0.425574,1,-0.171153,-0.102752,1.42028,-2.2415,-1.64852,1.83287,-0.116786,-0.000329002,-0.00147578,-0.00273068,-0.000677814,-0.000331646,0.00109549,-0.00170557,0,0,0,0,0,0,0,0.156561,-2.69168,-2.78722,21.7384,-0.842201,-1.19551,0.229297,0,0,0,0,0,0,0,0,0,0,0,0,0,0,0,0,0,0,0,0,0,0,0,0,0,0,0.192753,-0.280162,0.0243032,1.40397,-0.0267273,-0.144127,0.202137,0,0,0,0,0,0,0.0462385,1
28543.5,-0.17114,-0.102755,1.42029,-2.2416,-1.64853,1.83286,-0.116787,-0.000942678,-0.00987787,-0.999941,0,0.0685403,0.997589,-0.00991925,0,0.997648,-0.0685469,-0.000263379,0,0.337287,0.468755,0.425571,1,-0.171153,-0.102752,1.42028,-2.2415,-1.64852,1.83287,-0.116786,0.00168682,0.000405941,0.00430379,-0.00260874,-0.000239681,2.38725e-05,0.00121549,0,0,0,0,0,0,0,0.0811829,-2.72739,-2.78722,21.8137,-0.842201,-1.18636,0.158801,0,0,0,0,0,0,0,0,0,0,0,0,0,0,0,0,0,0,0,0,0,0,0,0,0,0,0.117093,-0.242731,-0.0524116,1.36834,-0.0228516,-0.158109,0.200755,0,0,0,0,0,0,0.0462385,1
28543.5,-0.171143,-0.102754,1.42029,-2.24159,-1.64853,1.83286,-0.116798,-0.000939982,-0.00988598,-0.999941,0,0.0685399,0.997589,-0.00992716,0,0.997648,-0.0685465,-0.000260137,0,0.337287,0.468756,0.425573,1,-0.171153,-0.102752,1.42028,-2.2415,-1.64852,1.83287,-0.116786,-0.000293576,0.000337255,0.000247928,-0.00116952,-0.000429805,0.000105943,-0.00266915,0,0,0,0,0,0,0,0.156561,-2.72739,-2.82689,21.7741,-0.824806,-1.17628,0.239368,0,0,0,0,0,0,0,0,0,0,0,0,0,0,0,0,0,0,0,0,0,0,0,0,0,0,0.143098,-0.246198,-0.0241294,1.36138,-0.0134046,-0.145674,0.195364,0,0,0,0,0,0,0.0462385,1
28543.5,-0.171153,-0.102754,1.42029,-2.24162,-1.64853,1.83286,-0.116801,-0.0009485,-0.00991235,-0.999941,0,0.0685511,0.997588,-0.00995406,0,0.997647,-0.0685578,-0.000266715,0,0.337291,0.468747,0.425562,1,-0.171153,-0.102752,1.42028,-2.2415,-1.64852,1.83287,-0.116786,-0.00208987,-0.000208369,0.000199446,0.000161535,-0.000402772,-0.000261636,-0.00263857,0,0,0,0,0,0,0,0.263678,-2.72739,-2.82689,22.0359,-0.824806,-1.18636,0.249438,0,0,0,0,0,0,0,0,0,0,0,0,0,0,0,0,0,0,0,0,0,0,0,0,0,0,0.149229,-0.253502,-0.0181296,1.44653,-0.00591415,-0.148625,0.198024,0,0,0,0,0,0,0.0462385,1
28543.6,-0.171166,-0.102754,1.42027,-2.24161,-1.64853,1.83286,-0.116792,-0.000945908,-0.00989374,-0.999941,0,0.0685863,0.997586,-0.00993532,0,0.997645,-0.068593,-0.000265055,0,0.337306,0.468737,0.425566,1,-0.171153,-0.102752,1.42028,-2.2415,-1.64852,1.83287,-0.116786,0.000588267,-0.000689831,0.000323603,-0.000145679,0.000712592,-0.000239502,-0.000142686,0,0,0,0,0,0,0,0.4065,-2.72739,-2.60075,21.9248,-0.851356,-1.15614,0.189014,0,0,0,0,0,0,0,0,0,0,0,0,0,0,0,0,0,0,0,0,0,0,0,0,0,0,0.241046,-0.247258,0.0413801,1.50192,-0.00486194,-0.146315,0.206448,0,0,0,0,0,0,0.0462392,1
28543.6,-0.171151,-0.10275,1.42028,-2.24161,-1.64853,1.83287,-0.116796,-0.000950277,-0.0098937,-0.999941,0,0.0685558,0.997588,-0.00993557,0,0.997647,-0.0685625,-0.00026972,0,0.337294,0.468748,0.425566,1,-0.171153,-0.102752,1.42028,-2.2415,-1.64852,1.83287,-0.116786,0.000520833,0.00127741,0.000351607,-5.61729e-05,0.000417414,-0.000289032,-0.000817088,0,0,0,0,0,0,0,0.192267,-2.76706,-2.75151,21.8494,-0.842201,-1.19551,0.199084,0,0,0,0,0,0,0,0,0,0,0,0,0,0,0,0,0,0,0,0,0,0,0,0,0,0,0.265404,-0.244384,0.0748757,1.53217,-0.00931023,-0.149808,0.208656,0,0,0,0,0,0,0.0462392,1
28543.6,-0.171138,-0.102749,1.42029,-2.24159,-1.64853,1.83287,-0.116798,-0.00094769,-0.00988062,-0.999941,0,0.0685317,0.99759,-0.00992234,0,0.997648,-0.0685384,-0.000268275,0,0.337285,0.468759,0.425573,1,-0.171153,-0.102752,1.42028,-2.2415,-1.64852,1.83287,-0.116786,0.000111041,0.000894607,-9.23712e-05,0.00104276,0.000199312,-0.000656526,-0.000447039,0,0,0,0,0,0,0,0.0454774,-2.76706,-2.82689,21.6273,-0.842201,-1.18636,0.209155,0,0,0,0,0,0,0,0,0,0,0,0,0,0,0,0,0,0,0,0,0,0,0,0,0,0,0.198539,-0.256306,0.0458241,1.47899,-0.00867546,-0.158401,0.204851,0,0,0,0,0,0,0.0462392,1
28543.7,-0.17113,-0.102752,1.4203,-2.24159,-1.64853,1.83287,-0.116805,-0.000946092,-0.00989117,-0.999941,0,0.0685173,0.997591,-0.00993275,0,0.997649,-0.068524,-0.000266102,0,0.337277,0.468764,0.425572,1,-0.171153,-0.102752,1.42028,-2.2415,-1.64852,1.83287,-0.116786,0.000488019,0.00195165,0.00317407,-0.000820714,0.00043009,2.80232e-05,-0.00434249,0,0,0,0,0,0,0,-0.0259338,-2.76706,-2.93797,21.6987,-0.851356,-1.20558,0.278735,0,0,0,0,0,0,0,0,0,0,0,0,0,0,0,0,0,0,0,0,0,0,0,0,0,0,0.0479787,-0.236862,-0.0683946,1.36333,-0.00688206,-0.169547,0.203083,0,0,0,0,0,0,0.0462392,1
28543.7,-0.171132,-0.102754,1.4203,-2.24158,-1.64853,1.83287,-0.116798,-0.000939613,-0.00987613,-0.999941,0,0.0685213,0.997591,-0.0099173,0,0.997649,-0.0685279,-0.000260629,0,0.33728,0.468765,0.425577,1,-0.171153,-0.102752,1.42028,-2.2415,-1.64852,1.83287,-0.116786,0.000230255,-0.000195387,-0.00126746,0.00147083,-2.63122e-05,-0.000200553,-0.000523814,0,0,0,0,0,0,0,0.00977179,-2.69168,-2.8983,21.5519,-0.833961,-1.20558,0.209155,0,0,0,0,0,0,0,0,0,0,0,0,0,0,0,0,0,0,0,0,0,0,0,0,0,0,0.105782,-0.265393,-0.00646011,1.3211,-0.0104821,-0.158576,0.196643,0,0,0,0,0,0,0.0462392,1
28543.7,-0.171135,-0.102756,1.42029,-2.24157,-1.64852,1.83287,-0.116796,-0.000937696,-0.00986334,-0.999941,0,0.0685294,0.99759,-0.00990441,0,0.997649,-0.068536,-0.000259513,0,0.337282,0.468765,0.425582,1,-0.171153,-0.102752,1.42028,-2.2415,-1.64852,1.83287,-0.116786,-0.000389989,-0.000549192,-0.000540192,-1.30675e-05,0.000216233,0.000432152,-0.000918071,0,0,0,0,0,0,0,0.0454774,-2.69168,-2.86259,21.4765,-0.860511,-1.19551,0.199084,0,0,0,0,0,0,0,0,0,0,0,0,0,0,0,0,0,0,0,0,0,0,0,0,0,0,0.0240402,-0.243204,-0.0918499,1.2292,-0.0151575,-0.157139,0.195817,0,0,0,0,0,0,0.0462392,1
28543.8,-0.171138,-0.102754,1.42029,-2.24158,-1.64852,1.83286,-0.116795,-0.000941176,-0.00986867,-0.999941,0,0.0685391,0.99759,-0.00990997,0,0.997648,-0.0685457,-0.000262522,0,0.337285,0.46876,0.425578,1,-0.171153,-0.102752,1.42028,-2.2415,-1.64852,1.83287,-0.116786,0.000434306,-5.46962e-06,-0.000452118,0.000599997,0.000150391,-0.00324316,-0.000260267,0,0,0,0,0,0,0,0.0811829,-2.72739,-2.82689,21.5876,-0.869667,-1.16621,0.189014,0,0,0,0,0,0,0,0,0,0,0,0,0,0,0,0,0,0,0,0,0,0,0,0,0,0,0.0494216,-0.24341,-0.0723288,1.20259,-0.0217605,-0.146507,0.196436,0,0,0,0,0,0,0.0462392,1
